key;issue_type;priority;summary;score;comment;satisfaction_date;created;hospital;product;product_domain;project_key
SD10-123406;Incident;Major;Foutmelding registratie ;5.0;;2025-10-14 14:10:00;2025-10-14 10:34:51.530;;Oazis;CARE ADMIN;SD10
SD10-124213;Incident;Major;Geen antwoord zk 580;5.0;;2025-11-25 09:10:00;2025-11-18 10:27:50.823;;Oazis;CARE ADMIN;SD10
SDOPHOS-14824;Incident;Major;RSW : document scanné en erreur;5.0;Merci pour les explications;2025-09-17 12:06:00;2025-09-16 13:48:37.830;;OmniPro;CARE;SDOPHOS
SDOPHOS-14908;Request for Information;Trivial;Notifications;5.0;merci;2025-12-19 12:08:00;2025-12-19 09:29:24.300;;OmniPro;CARE;SDOPHOS
SD33-6220;Request for Configuration;Trivial;aparte weddeberekening;5.0;;2025-01-09 16:59:00;2025-01-02 12:35:12.900;AALST_ASZ;HRM;HRM;SD33
SD33-6233;Request for Configuration;Minor;aparte weddeberekeng voor één werknemer;5.0;;2025-01-09 16:59:00;2025-01-06 16:33:40.970;AALST_ASZ;HRM;HRM;SD33
SD32-8358;Incident;Blocker;Boek 127- probleem boeken van rekening 44599;5.0;;2025-06-19 11:34:00;2025-05-27 15:41:18.537;AALST_ASZ;ECO/BOEK;ERP;SD32
SD20-14611;Incident;Major;Jaarrekening - niet toegewezen rekeningen;5.0;het werkt;2025-05-13 12:08:00;2025-05-12 09:14:32.607;SINT-NIKLAAS_STLUCIA;ERP4HC2.0;ERP;SD20
SD20-15535;Request for Information;Minor;P02 115 budget inlezen zh20;5.0;een duidelijke en snelle respons.;2025-08-11 15:45:00;2025-08-08 14:41:28.673;SINT-NIKLAAS_STLUCIA;ERP4HC2.0;ERP;SD20
SD10-124137;Incident;Major;problemen Dr. Hollanders;3.0;jammer dat het zo lang duurde voor er reactie kwam.;2025-12-04 15:06:00;2025-11-13 16:44:59.607;EEKLO_ALMA;Oazis;CARE ADMIN;SD10
SD10-125143;Incident;Major;Lijst verantwoordingsstukken zonder annex type 18;5.0;heel vlugge en vlotte afhandeling;2025-12-26 14:01:00;2025-12-26 10:35:10.260;EEKLO_ALMA;Oazis;CARE ADMIN;SD10
SD10-125167;Incident;Trivial;weigering mutualiteit refac lukt niet (materiaal en MAF);5.0;;2026-01-14 11:21:00;2025-12-29 14:39:28.127;EEKLO_ALMA;Oazis;CARE ADMIN;SD10
SD10-123032;Request for Information;Major;COND naar aanleiding van enquête RIZIV-orthopedie;5.0;;2025-10-01 14:33:00;2025-09-29 15:22:33.150;EEKLO_ALMA;Oazis;CARE ADMIN;SD10
SD10-122494;Incident;Minor;Installatie Nomlist 1 sept 2025;5.0;Snel opgelost, bedankt;2025-09-03 11:39:00;2025-09-03 10:59:51.190;EEKLO_ALMA;Oazis;CARE ADMIN;SD10
SD10-122551;Request for Configuration;Major;facturatieverzoek;5.0;;2025-09-23 14:56:00;2025-09-05 11:09:14.880;EEKLO_ALMA;Oazis;CARE ADMIN;SD10
SD10-122733;Request for Information;Trivial;opvragen info weigering prestatie 599082 door lb 100;5.0;;2025-09-17 08:28:00;2025-09-15 11:03:15.720;EEKLO_ALMA;Oazis;CARE ADMIN;SD10
SD10-120936;Incident;Major;zelfde probleem als SD10-112713;5.0;;2025-07-08 09:20:00;2025-06-23 13:55:24.643;EEKLO_ALMA;Oazis;CARE ADMIN;SD10
SD10-117361;Incident;Major;Problemen om selectie te maken ;2.0;Voor dit ticket is geen oplossing geboden.;2025-03-31 15:43:00;2025-02-05 12:40:17.157;EEKLO_ALMA;Oazis;CARE ADMIN;SD10
SD10-117721;Request for Information;Minor;GR <> GT;5.0;duidelijke uitleg gekregen;2025-03-04 14:08:00;2025-02-17 12:01:00.273;ROESELARE_DELTA;Oazis;CARE ADMIN;SD10
SD10-118451;Request for Information;Major;R5Z51;4.0;;2025-04-01 11:25:00;2025-03-12 13:40:00.233;ROESELARE_DELTA;Oazis;CARE ADMIN;SD10
SD10-118953;Request for Information;Major;596562;5.0;;2025-05-06 11:49:00;2025-04-01 09:21:00.127;ROESELARE_DELTA;Oazis;CARE ADMIN;SD10
SD10-119111;Incident;Major;radiotherapie fouten op tape;4.0;;2025-05-07 10:31:00;2025-04-04 12:49:00.180;ROESELARE_DELTA;Oazis;CARE ADMIN;SD10
SD10-120110;Incident;Major;foute CONDU;4.0;;2025-06-02 15:41:00;2025-05-19 13:35:00.233;ROESELARE_DELTA;Oazis;CARE ADMIN;SD10
SD10-120274;Incident;Major;NOSUP via MDA op exhon;5.0;swift and with style !;2025-05-26 14:56:00;2025-05-23 12:54:00.280;ROESELARE_DELTA;Oazis;CARE ADMIN;SD10
SD10-123339;Request for Information;Trivial;zelfde rechten, afwijkende functies;5.0;Snel en meteen met de juiste oplossing geholpen.;2025-10-13 11:53:00;2025-10-10 10:46:02.997;ROESELARE_DELTA;Oazis;CARE ADMIN;SD10
SD10-123254;Request for Information;Trivial;Lengte postcode aanpassen;5.0;Vlotte en directe oplossing;2025-10-15 14:24:00;2025-10-08 10:38:00.020;ROESELARE_DELTA;Oazis;CARE ADMIN;SD10
SD10-125202;Incident;Major;Service Oazis-Opl start niet meer;5.0;Vlot hulp geboden;2026-01-02 10:25:00;2025-12-31 10:12:07.590;ROESELARE_DELTA;Oazis;CARE ADMIN;SD10
SD10-125081;Request for Information;Minor;nieuw nomenclatuurnummer;4.0;;2025-12-24 11:23:00;2025-12-23 08:32:11.760;ROESELARE_DELTA;Oazis;CARE ADMIN;SD10
SD10-124509;Incident;Major;"record 10 zone 3 staat verkeerdelijk op ""2"" - hoe komt dit ?";5.0;;2025-12-03 07:59:00;2025-12-01 15:06:09.367;ROESELARE_DELTA;Oazis;CARE ADMIN;SD10
SD10-124826;Incident;Minor;fout TAR127 structuur ANNEX niet goed - in relatie met de nieuwe opmerking ANNE2 voor Fedasil;4.0;;2025-12-24 10:57:00;2025-12-11 18:02:45.783;ROESELARE_DELTA;Oazis;CARE ADMIN;SD10
SD10-124353;Incident;Blocker;Synchroon bevragen mutualiteit lukt niet na vervangen certificaat;5.0;Goed opgelost;2025-11-25 16:31:00;2025-11-25 09:09:51.363;ROESELARE_DELTA;Oazis;CARE ADMIN;SD10
SD10-123945;Request for Information;Minor;Scripts voor test-omgeving met Hix 6.3;5.0;Dank voor de snelle opvolging;2025-12-16 11:01:00;2025-11-04 09:02:58.803;ROESELARE_DELTA;Oazis;CARE ADMIN;SD10
SD10-123775;Incident;Major;CLONE - FA 2450018424 - prestatie komt niet in positief;5.0;Vlotte, vriendelijke en duidelijke verwerking;2025-10-31 09:26:00;2025-10-28 07:58:08.053;RONSE_WGLORIEUX;Oazis;CARE ADMIN;SD10
SD10-122346;Incident;Trivial;Contact niet af te sluiten;5.0;;2025-08-28 10:38:00;2025-08-27 16:59:56.747;RONSE_WGLORIEUX;Oazis;CARE ADMIN;SD10
SD10-121106;Request for Information;Trivial;wat mag er weg op onze root? ;5.0;;2025-07-01 22:03:00;2025-07-01 06:51:58.440;RONSE_WGLORIEUX;Oazis;CARE ADMIN;SD10
SD30-29445;Incident;Critical;inventaris kast: fout in systeem bij telling;5.0;;2025-02-03 16:46:00;2025-01-20 16:00:49.083;RONSE_WGLORIEUX;Apotheek;PHARMA;SD30
SD30-31037;Request for Information;Major;benaming van technische veldnaam binnen infohos en Iqvia;5.0;;2025-04-02 14:11:00;2025-04-02 11:27:57.037;RONSE_WGLORIEUX;Apotheek;PHARMA;SD30
SD30-34821;Incident;Trivial;Fouten MedicQ;5.0;;2025-10-30 11:29:00;2025-10-27 16:37:15.790;RONSE_WGLORIEUX;Apotheek;PHARMA;SD30
SD30-35593;Incident;Trivial;Dubbele aanrekening RX materiaal Rise-on web of infohos;4.0;;2025-12-09 16:11:00;2025-12-09 09:59:46.860;RONSE_WGLORIEUX;Apotheek;PHARMA;SD30
SD30-31991;Incident;Major;Controlelijsten blijven hangen;5.0;;2025-06-03 17:16:00;2025-05-19 12:08:21.273;KORTRIJK_AZ;Apotheek;PHARMA;SD30
SD30-32852;Incident;Major;controlelijst blijven hangen in Infohos;5.0;;2025-07-03 15:57:00;2025-07-01 17:04:20.350;KORTRIJK_AZ;Apotheek;PHARMA;SD30
SD30-33688;Incident;Trivial;Controlelijst 18823 blijft op 'deels bevestigd' staan;5.0;;2025-08-27 09:57:00;2025-08-26 16:23:37.680;KORTRIJK_AZ;Apotheek;PHARMA;SD30
SD30-30293;Incident;Major;Controlelijst 10556 blijft op deels bevestigd staan;5.0;;2025-03-13 16:03:00;2025-02-27 10:30:45.573;KORTRIJK_AZ;Apotheek;PHARMA;SD30
SD10-123539;Incident;Trivial;"Opzoeken patiënt via knop ""Consult RN""";5.0;;2025-10-17 13:13:00;2025-10-17 10:54:53.623;KORTRIJK_AZ;Oazis;CARE ADMIN;SD10
SD20-14375;Incident;Major;P03 109 Codabestand KBC werd niet correct opgeladen;5.0;;2025-04-22 12:07:00;2025-04-16 13:38:16.210;KORTRIJK_AZ;ERP4HC2.0;ERP;SD20
SD20-14401;Request for Information;Major;Probleem met ticket user bart.derdaele.sjki@zorgi.net;4.0;;2025-06-30 14:49:00;2025-04-18 09:39:56.907;KORTRIJK_AZ;ERP4HC2.0;ERP;SD20
SD20-14167;Incident;Major;P03 109 Een vereffend document kan niet worden teruggenomen.;5.0;;2025-04-02 08:46:00;2025-03-28 11:55:04.973;KORTRIJK_AZ;ERP4HC2.0;ERP;SD20
SD20-13735;Incident;Major;Fout bij opladen KBC-codabestand;4.0;We zijn tevreden over jullie hulp.;2025-03-21 10:44:00;2025-02-25 10:14:35.913;KORTRIJK_AZ;ERP4HC2.0;ERP;SD20
SD10-124674;Request for Configuration;Minor;Update Oazis naar versie 131 - AZH - di 16 dec;5.0;Perfecte service;2025-12-17 22:42:00;2025-12-05 13:18:44.820;HERENTALS_STELISABETH;Oazis;CARE ADMIN;SD10
SD10-120263;Incident;Trivial;2360124376 niet als heropname gefactureerd;5.0;;2025-06-11 09:40:00;2025-05-23 10:33:57.600;HERENTALS_STELISABETH;Oazis;CARE ADMIN;SD10
SD10-123150;Request for Information;Trivial;3M DRG Finder Grouper;5.0;dank voor alle hulp;2025-10-06 12:02:00;2025-10-03 15:21:16.810;HERENTALS_STELISABETH;Oazis;CARE ADMIN;SD10
SD10-118898;Request for Information;Minor;nieuwe versie 3M DRG Finder norms;5.0;dank voor de hulp;2025-05-12 13:24:00;2025-03-28 09:08:56.997;HERENTALS_STELISABETH;Oazis;CARE ADMIN;SD10
SD30-33421;Incident;Minor;artsenbestand apotheektoepassing(infohos) is niet up-to-date;5.0;dank voor de snelle respons;2025-08-08 11:42:00;2025-08-06 10:27:47.973;HERENTALS_STELISABETH;Apotheek;PHARMA;SD30
SDHPM-755;Request for Configuration;Major;Transparantiecodes in universe azisHPM-Basis facturatie;5.0;perfect en snel;2025-06-16 10:24:00;2025-06-03 13:56:49.300;HERENTALS_STELISABETH;HPM;BI;SDHPM
SD30-33694;Request for Information;Major;stockcorrectie apo na vinkje dat verkeerd staat;5.0;;2025-09-04 08:59:00;2025-08-26 17:31:41.747;GENT_JANPALFIJN;Apotheek;PHARMA;SD30
SD30-33697;Request for Information;Trivial;opmerking na facturatie - AKP > VB+ VG blijft blokkeren;5.0;;2025-08-28 10:29:00;2025-08-27 09:35:40.773;GENT_JANPALFIJN;Apotheek;PHARMA;SD30
SD30-32004;Incident;Trivial;Bericht die in de fout gaat;2.0;;2025-06-05 13:23:00;2025-05-19 16:19:16.643;GENT_JANPALFIJN;Apotheek;PHARMA;SD30
SD30-32296;Incident;Trivial;koppeling - RDE NW gaat in de fout;1.0;;2025-06-03 15:06:00;2025-06-03 14:49:24.140;GENT_JANPALFIJN;Apotheek;PHARMA;SD30
SD30-32747;Request for Configuration;Trivial;Graag nieuwe gebruiker voor Jira ;4.0;;2025-07-28 15:59:00;2025-06-26 11:13:44.823;GENT_JANPALFIJN;Apotheek;PHARMA;SD30
SD30-31519;Incident;Critical;Distributielijsten worden niet correct getrokken SD30-31469;3.0;;2025-05-12 11:51:00;2025-04-28 11:45:00.630;GENT_JANPALFIJN;Apotheek;PHARMA;SD30
SD30-31523;Incident;Critical;Online agent hangt vast;2.0;;2025-04-28 14:47:00;2025-04-28 12:45:59.380;GENT_JANPALFIJN;Apotheek;PHARMA;SD30
SD30-31542;Request for Information;Major;Facturatietype sondevoeding?;3.0;;2025-05-19 16:51:00;2025-04-29 10:46:58.807;GENT_JANPALFIJN;Apotheek;PHARMA;SD30
SD30-31657;Request for Configuration;Minor;Excel versie 1.1 XDE;2.0;;2025-05-12 10:00:00;2025-05-06 09:20:44.270;GENT_JANPALFIJN;Apotheek;PHARMA;SD30
SD30-31659;Incident;Trivial;Bericht in de fout;2.0;;2025-05-12 15:18:00;2025-05-06 09:45:28.250;GENT_JANPALFIJN;Apotheek;PHARMA;SD30
SD30-31477;Incident;Major;Bericht die niet doorkomt;1.0;;2025-04-25 09:25:00;2025-04-25 09:09:44.157;GENT_JANPALFIJN;Apotheek;PHARMA;SD30
SD30-31767;Request for Configuration;Trivial;Balancose toevoegen;3.0;;2025-05-12 15:16:00;2025-05-09 15:46:20.017;GENT_JANPALFIJN;Apotheek;PHARMA;SD30
SD30-35082;Incident;Major;Online agent stabiliteit?;3.0;;2025-12-12 08:43:00;2025-11-12 10:34:53.567;GENT_JANPALFIJN;Apotheek;PHARMA;SD30
SD30-35267;Incident;Major;Security Extra: foutmelding;5.0;;2025-12-03 08:31:00;2025-11-21 08:27:30.850;GENT_JANPALFIJN;Apotheek;PHARMA;SD30
SD30-34639;Request for Information;Minor;zie helpdesk ticket SD30-34258;5.0;Duidelijke info.;2025-10-20 16:02:00;2025-10-16 16:23:29.110;GENT_JANPALFIJN;Apotheek;PHARMA;SD30
SD32-8291;Incident;Major;BOEK: inlezen facturatie hospen lukt niet ;5.0;;2025-05-12 10:25:00;2025-05-09 11:18:35.763;GENT_JANPALFIJN;ECO/BOEK;ERP;SD32
SD32-8292;Incident;Major;doorboeken facturen in BOEK;1.0;;2025-05-27 12:02:00;2025-05-09 13:50:59.140;GENT_JANPALFIJN;ECO/BOEK;ERP;SD32
SD32-8354;Incident;Major;printen van Etiketten Verbruikers werkt niet;5.0;;2025-05-27 16:12:00;2025-05-26 16:06:59.617;GENT_JANPALFIJN;ECO/BOEK;ERP;SD32
SD32-8073;Incident;Trivial;Facturen pdf niet beschikbaar in boek;1.0;;2025-04-22 16:10:00;2025-03-25 09:17:32.583;GENT_JANPALFIJN;ECO/BOEK;ERP;SD32
SD32-8078;Incident;Trivial;importeren csv crediteurenfacturen;2.0;;2025-04-08 16:02:00;2025-03-25 14:14:31.190;GENT_JANPALFIJN;ECO/BOEK;ERP;SD32
SD32-8095;Request for Configuration;Trivial;Apotheekverstrekkingen;1.0;;2025-04-16 16:31:00;2025-03-28 14:03:20.417;GENT_JANPALFIJN;ECO/BOEK;ERP;SD32
SD32-8096;Request for Configuration;Major;Verdere vraag op afgelstoren request SD30-30645. Boeken van kwartaal 1,2 en 3;2.0;;2025-04-25 17:50:00;2025-03-28 11:55:34.423;GENT_JANPALFIJN;ECO/BOEK;ERP;SD32
SD32-8541;Incident;Major;CRED.EXE start niet meer op via Citrix;4.0;;2025-08-11 13:48:00;2025-07-25 13:21:08.727;GENT_JANPALFIJN;ECO/BOEK;ERP;SD32
SD32-8098;Incident;Major;Kan Reeks Domiciliering DUB niet afboeken ;3.0;;2025-04-23 08:26:00;2025-03-31 10:27:24.120;GENT_JANPALFIJN;ECO/BOEK;ERP;SD32
SD32-8129;Request for Configuration;Major;Voor de Rappel SMS op ABP zou het GSM nummer en bedrag na de komma nog moeten worden aangepast.;1.0;;2025-05-09 15:40:00;2025-04-03 08:14:36.333;GENT_JANPALFIJN;ECO/BOEK;ERP;SD32
SD32-8142;Request for Configuration;Major;Kolom Vervaldatum en Eerste rappel ontbreken in de lijst van Niet nageleeft Afbetaalplannen naar Derde Partij sinds de Update.;3.0;;2025-04-25 15:41:00;2025-04-07 09:14:15.550;GENT_JANPALFIJN;ECO/BOEK;ERP;SD32
SD32-8157;Incident;Major;Bestelbonnen worden niet gemaild;1.0;;2025-04-22 14:36:00;2025-04-08 14:09:59.320;GENT_JANPALFIJN;ECO/BOEK;ERP;SD32
SD32-8162;Request for Information;Major;uitboeken van een factuur;2.0;;2025-05-08 13:02:00;2025-04-09 10:04:17.250;GENT_JANPALFIJN;ECO/BOEK;ERP;SD32
SD32-8170;Request for Configuration;Trivial;BTW detail diverse;2.0;;2025-04-30 16:34:00;2025-04-10 14:33:40.817;GENT_JANPALFIJN;ECO/BOEK;ERP;SD32
SD32-8174;Request for Configuration;Trivial;afschrijvingsfiche 14.230.025;1.0;;2025-04-25 14:45:00;2025-04-11 12:14:50.453;GENT_JANPALFIJN;ECO/BOEK;ERP;SD32
SD32-8192;Incident;Trivial;jaarrekening layout afdeling 2;1.0;;2025-05-01 09:07:00;2025-04-16 22:04:56.073;GENT_JANPALFIJN;ECO/BOEK;ERP;SD32
SD32-8207;Incident;Trivial;Peppol GLN-nummer;1.0;;2025-05-21 16:33:00;2025-04-22 15:49:01.600;GENT_JANPALFIJN;ECO/BOEK;ERP;SD32
SD32-8215;Incident;Trivial;factuur 25BM0003 naar EDI;3.0;;2025-05-21 16:41:00;2025-04-23 08:50:49.223;GENT_JANPALFIJN;ECO/BOEK;ERP;SD32
SD32-8220;Incident;Trivial;beddenlaken;2.0;;2025-05-26 10:06:00;2025-04-23 12:28:53.083;GENT_JANPALFIJN;ECO/BOEK;ERP;SD32
SD32-8226;Incident;Critical;batch 43598 - niet correct;2.0;;2025-05-08 11:22:00;2025-04-24 08:50:52.210;GENT_JANPALFIJN;ECO/BOEK;ERP;SD32
SD32-8231;Incident;Major;terug fouten in het grootboek;2.0;;2025-05-22 15:53:00;2025-04-24 14:37:02.757;GENT_JANPALFIJN;ECO/BOEK;ERP;SD32
SD32-8245;Incident;Major;Facturen komen niet door in BOEK;1.0;;2025-05-27 11:05:00;2025-04-29 08:07:08.607;GENT_JANPALFIJN;ECO/BOEK;ERP;SD32
SD32-8247;Incident;Major;Boek - Controle dubieuze dossiers;1.0;;2025-05-30 16:02:00;2025-04-29 15:07:36.880;GENT_JANPALFIJN;ECO/BOEK;ERP;SD32
SD32-8248;Request for Configuration;Trivial;crediteurenfiche - fiscale fiche;3.0;;2025-05-28 11:31:00;2025-04-29 18:08:04.937;GENT_JANPALFIJN;ECO/BOEK;ERP;SD32
SD32-8277;Incident;Trivial;inlezen factuur crediteuren;2.0;;2025-05-21 15:05:00;2025-05-07 12:52:12.750;GENT_JANPALFIJN;ECO/BOEK;ERP;SD32
SD32-8278;Request for Configuration;Major;Dubieuse dossiers I-dossier terug openzetten;2.0;;2025-06-06 14:54:00;2025-05-07 15:03:05.903;GENT_JANPALFIJN;ECO/BOEK;ERP;SD32
SD32-7704;Request for Configuration;Trivial;Opvragen semesteriële gegevens FOD;3.0;;2025-02-04 14:57:00;2025-01-20 13:43:25.587;GENT_JANPALFIJN;ECO/BOEK;ERP;SD32
SD32-7707;Request for Configuration;Major;betaallijst;1.0;;2025-02-18 10:42:00;2025-01-20 15:08:29.267;GENT_JANPALFIJN;ECO/BOEK;ERP;SD32
SD32-7732;Incident;Major;Security-v lukt niet meer voor Boekhouding - Boek 005;1.0;;2025-02-06 14:37:00;2025-01-24 08:28:10.850;GENT_JANPALFIJN;ECO/BOEK;ERP;SD32
SD32-7747;Incident;Trivial;Magazijnverstrekkingen;2.0;;2025-02-14 11:09:00;2025-01-28 11:01:07.953;GENT_JANPALFIJN;ECO/BOEK;ERP;SD32
SD32-7749;Incident;Major;Bedrag op overschrijving komt niet overeen met totaal te betalen bedrag bij het opmaken van de rappels!;1.0;;2025-03-14 14:32:00;2025-01-28 12:14:44.367;GENT_JANPALFIJN;ECO/BOEK;ERP;SD32
SD32-7750;Request for Configuration;Trivial;Factuur blijft openstaan;4.0;;2025-02-13 15:51:00;2025-01-28 14:23:41.917;GENT_JANPALFIJN;ECO/BOEK;ERP;SD32
SD32-7755;Incident;Trivial;rijksregisternummer;3.0;;2025-02-20 09:46:00;2025-01-29 10:14:25.557;GENT_JANPALFIJN;ECO/BOEK;ERP;SD32
SD32-7771;Request for Configuration;Trivial;Debiteur 00224 overzetten naar 00225;1.0;;2025-02-19 13:20:00;2025-02-03 13:22:42.520;GENT_JANPALFIJN;ECO/BOEK;ERP;SD32
SD32-7780;Request for Information;Minor;Nieuwe fact. nr. genereren juiste gestructureerde mededeling ?;1.0;;2025-05-02 14:57:00;2025-02-04 09:43:10.603;GENT_JANPALFIJN;ECO/BOEK;ERP;SD32
SD32-7786;Request for Configuration;Trivial;nieuwe medewerker;1.0;;2025-03-06 14:24:00;2025-02-05 10:20:50.473;GENT_JANPALFIJN;ECO/BOEK;ERP;SD32
SD32-7799;Incident;Major;goedkeuringsprobleem ;2.0;;2025-02-25 15:58:00;2025-02-06 13:47:31.467;GENT_JANPALFIJN;ECO/BOEK;ERP;SD32
SD32-7812;Request for Configuration;Major;SmS bestand wijziging GSM nrs.;3.0;;2025-04-29 12:45:00;2025-02-07 11:21:17.867;GENT_JANPALFIJN;ECO/BOEK;ERP;SD32
SD32-7823;Incident;Trivial;BTW dubbel op 45100;1.0;;2025-03-11 15:31:00;2025-02-10 10:01:25.223;GENT_JANPALFIJN;ECO/BOEK;ERP;SD32
SD32-7859;Incident;Trivial;Order nr;2.0;;2025-03-19 15:15:00;2025-02-14 11:35:59.473;GENT_JANPALFIJN;ECO/BOEK;ERP;SD32
SD32-7864;Incident;Trivial;factuur 24BN0199;3.0;;2025-03-04 08:57:00;2025-02-17 08:46:28.970;GENT_JANPALFIJN;ECO/BOEK;ERP;SD32
SD32-7867;Incident;Major;dubieuze rappel RC klopt ook niet, zelfde probleem als met RG geweest.;1.0;;2025-03-17 16:34:00;2025-02-17 09:20:45.380;GENT_JANPALFIJN;ECO/BOEK;ERP;SD32
SD32-7885;Incident;Major;ECO - Error param verbruiker;4.0;;2025-03-25 07:32:00;2025-02-19 10:46:30.657;GENT_JANPALFIJN;ECO/BOEK;ERP;SD32
SD32-7894;Incident;Trivial;param/boeken algemeen;3.0;;2025-03-24 09:43:00;2025-02-24 09:00:28.227;GENT_JANPALFIJN;ECO/BOEK;ERP;SD32
SD32-7908;Request for Configuration;Major;bedragen in bestanden rappel dienen 2cijfers na de komma te bevatten;4.0;;2025-03-28 08:19:00;2025-02-26 08:28:46.363;GENT_JANPALFIJN;ECO/BOEK;ERP;SD32
SD32-7913;Request for Improvement;Major;Wijziging Sms bestand : extra kolom  met UitersteBetDatRappel + gsm nr. aanpassen;2.0;;2025-05-02 14:17:00;2025-02-26 10:24:10.657;GENT_JANPALFIJN;ECO/BOEK;ERP;SD32
SD32-7928;Incident;Minor;Foutief aangemaakte dubieuze dossiers derde partij terugdraaien?;2.0;;2025-04-01 12:58:00;2025-03-03 15:05:50.460;GENT_JANPALFIJN;ECO/BOEK;ERP;SD32
SD32-7941;Request for Information;Major;uitboeken factuur;2.0;;2025-03-25 15:05:00;2025-03-04 14:02:44.200;GENT_JANPALFIJN;ECO/BOEK;ERP;SD32
SD32-7946;Request for Information;Trivial;Impactanalyse IP-wijziging Domain Controllers BOEK/ECO;1.0;;2025-03-18 16:38:00;2025-03-04 15:48:59.700;GENT_JANPALFIJN;ECO/BOEK;ERP;SD32
SD32-7951;Incident;Major;problemen met goedkeuring factuur;2.0;;2025-03-25 14:49:00;2025-03-05 13:31:15.747;GENT_JANPALFIJN;ECO/BOEK;ERP;SD32
SD32-7956;Request for Configuration;Major;Patient met openstaande factuur bij inningskantoor werd niet tegengehouden aan kiosk;2.0;;2025-04-29 10:55:00;2025-03-06 09:48:52.737;GENT_JANPALFIJN;ECO/BOEK;ERP;SD32
SD32-7970;Incident;Trivial;Magazijnverstrekkingen;1.0;;2025-04-07 14:50:00;2025-03-10 10:52:42.387;GENT_JANPALFIJN;ECO/BOEK;ERP;SD32
SD32-7991;Request for Configuration;Trivial;Betaallijst van 24 naar 25;3.0;;2025-03-25 14:59:00;2025-03-11 13:53:52.153;GENT_JANPALFIJN;ECO/BOEK;ERP;SD32
SD32-8022;Incident;Critical;Facturatie correctie en reva kan niet worden ingelezen in Boek;3.0;;2025-04-24 09:48:00;2025-03-14 14:36:28.683;GENT_JANPALFIJN;ECO/BOEK;ERP;SD32
SD32-8055;Incident;Trivial;security - opvragen analytisch;2.0;;2025-04-18 10:48:00;2025-03-21 08:55:12.483;GENT_JANPALFIJN;ECO/BOEK;ERP;SD32
SD32-7598;Request for Configuration;Major;transfertekeningen toevoegen bij Cred -FacGdk;3.0;;2025-01-21 10:40:00;2025-01-03 15:16:36.350;GENT_JANPALFIJN;ECO/BOEK;ERP;SD32
SD32-7630;Incident;Trivial;factuur nummering debiteuren BN;2.0;;2025-01-22 16:17:00;2025-01-07 12:45:30.753;GENT_JANPALFIJN;ECO/BOEK;ERP;SD32
SD32-7641;Incident;Major;gelieve nummering 2025 op te starten;1.0;;2025-01-23 11:24:00;2025-01-08 09:14:40.097;GENT_JANPALFIJN;ECO/BOEK;ERP;SD32
SD32-7647;Incident;Trivial;Opmaken BN-factuur;3.0;;2025-01-27 07:44:00;2025-01-08 11:30:07.970;GENT_JANPALFIJN;ECO/BOEK;ERP;SD32
SD32-7662;Incident;Trivial;Detail DEB BTW;1.0;;2025-01-27 13:56:00;2025-01-10 15:35:19.603;GENT_JANPALFIJN;ECO/BOEK;ERP;SD32
SD32-7663;Incident;Trivial;Problemen factuur btw-aangifte;2.0;;2025-01-29 10:41:00;2025-01-13 12:03:26.937;GENT_JANPALFIJN;ECO/BOEK;ERP;SD32
SD32-7685;Incident;Major;uitboeken factuur van btw-aangifte;2.0;;2025-02-24 10:06:00;2025-01-15 16:50:27.793;GENT_JANPALFIJN;ECO/BOEK;ERP;SD32
SD31-5345;Incident;Minor;From OAZIS to PRS MFN  : ligt plat;4.0;;2025-01-30 14:19:00;2025-01-06 10:09:56.233;GENT_JANPALFIJN;EPD;CARE;SD31
SD31-5376;Incident;Minor;From OAZIS to PRS MFN  : terug plat;2.0;;2025-02-27 11:09:00;2025-01-14 08:09:52.963;GENT_JANPALFIJN;EPD;CARE;SD31
SD31-5402;Request for Configuration;Trivial;Toevoegen collega's in JIRA;1.0;;2025-01-24 13:44:00;2025-01-22 16:11:06.843;GENT_JANPALFIJN;EPD;CARE;SD31
SD31-5489;Incident;Trivial;From OAZIS to PRS MFN  : terug plat;1.0;;2025-03-17 17:13:00;2025-02-26 14:49:38.703;GENT_JANPALFIJN;EPD;CARE;SD31
SD31-5534;Incident;Trivial;FromOAZISToPRS.MFN ;3.0;;2025-04-14 09:11:00;2025-03-21 11:32:21.127;GENT_JANPALFIJN;EPD;CARE;SD31
SD31-5582;Incident;Trivial;From OAZIS to PRS MFN  : arts gaat in error na aanpassing;1.0;;2025-05-23 14:18:00;2025-04-17 14:56:50.647;GENT_JANPALFIJN;EPD;CARE;SD31
SD30-30300;Request for Configuration;Trivial;verwijdering kastgroep;4.0;;2025-03-17 15:30:00;2025-02-27 13:10:37.570;GENT_JANPALFIJN;Apotheek;PHARMA;SD30
SD30-30312;Request for Information;Trivial;Database migratie ;1.0;;2025-03-17 15:24:00;2025-02-27 16:13:04.793;GENT_JANPALFIJN;Apotheek;PHARMA;SD30
SD30-30320;Request for Configuration;Trivial;Toevoegen product;3.0;;2025-03-17 14:20:00;2025-02-28 09:33:42.943;GENT_JANPALFIJN;Apotheek;PHARMA;SD30
SD30-30208;Incident;Critical;koppeling - toedienings bericht ontbreekt?;1.0;;2025-03-18 15:46:00;2025-02-24 14:36:26.380;GENT_JANPALFIJN;Apotheek;PHARMA;SD30
SD30-30290;Request for Information;Trivial;dubbel aanrekening terugvorderingen van diverse dossiers;2.0;;2025-04-10 17:29:00;2025-02-27 09:49:34.273;GENT_JANPALFIJN;Apotheek;PHARMA;SD30
SD30-30327;Incident;Critical;Voor berichten gaan in de fout;1.0;;2025-03-18 15:44:00;2025-02-28 12:09:30.153;GENT_JANPALFIJN;Apotheek;PHARMA;SD30
SD30-30332;Request for Configuration;Major;Wat is de product classifitatie?;2.0;;2025-04-07 18:24:00;2025-02-28 14:17:51.537;GENT_JANPALFIJN;Apotheek;PHARMA;SD30
SD30-30336;Incident;Major;patiënt zonder medicatie;4.0;;2025-03-18 17:03:00;2025-02-28 15:13:58.907;GENT_JANPALFIJN;Apotheek;PHARMA;SD30
SD30-29781;Incident;Critical;toedieningen komen niet door - probleem.;2.0;;2025-02-19 10:30:00;2025-02-04 09:42:54.497;GENT_JANPALFIJN;Apotheek;PHARMA;SD30
SD30-30138;Request for Information;Minor;begrotingsnummers verwijderen?;2.0;;2025-03-25 10:59:00;2025-02-20 09:33:32.507;GENT_JANPALFIJN;Apotheek;PHARMA;SD30
SD30-30147;Incident;Trivial;doorstroom;4.0;;2025-03-25 08:06:00;2025-02-20 11:19:57.883;GENT_JANPALFIJN;Apotheek;PHARMA;SD30
SD30-30161;Incident;Major;Foute hoeveelheid in distributie;2.0;;2025-03-03 10:04:00;2025-02-20 15:58:16.657;GENT_JANPALFIJN;Apotheek;PHARMA;SD30
SD30-30234;Request for Information;Trivial;Phara, blanco dossiernummers wissen;4.0;;2025-03-17 09:37:00;2025-02-25 13:02:16.200;GENT_JANPALFIJN;Apotheek;PHARMA;SD30
SD30-30253;Request for Configuration;Trivial;toevoegen van producten;1.0;;2025-03-12 08:27:00;2025-02-25 18:13:03.073;GENT_JANPALFIJN;Apotheek;PHARMA;SD30
SD30-30259;Request for Configuration;Trivial;Toevoegen artikelen;1.0;;2025-05-26 15:59:00;2025-02-26 08:59:27.650;GENT_JANPALFIJN;Apotheek;PHARMA;SD30
SD30-31045;Request for Information;Trivial;ordersysteem - halfvol systeem;3.0;;2025-05-23 09:45:00;2025-04-02 14:49:38.887;GENT_JANPALFIJN;Apotheek;PHARMA;SD30
SD30-31058;Incident;Critical;Online agent hangt vast;1.0;;2025-04-17 09:50:00;2025-04-03 09:32:12.100;GENT_JANPALFIJN;Apotheek;PHARMA;SD30
SD30-30726;Request for Configuration;Minor;Toedieningseenheden toevoegen;1.0;;2025-04-04 09:20:00;2025-03-20 16:10:39.383;GENT_JANPALFIJN;Apotheek;PHARMA;SD30
SD30-30730;Incident;Major;Apotheek Dashboard: import fouten sedert 11/3;4.0;;2025-03-31 09:48:00;2025-03-21 08:46:03.343;GENT_JANPALFIJN;Apotheek;PHARMA;SD30
SD30-30735;Request for Information;Major;Apot versie 2025.2;4.0;;2025-03-28 08:14:00;2025-03-21 11:08:48.450;GENT_JANPALFIJN;Apotheek;PHARMA;SD30
SD30-30863;Request for Configuration;Minor;instelling in infohos apotheek;2.0;;2025-04-09 11:56:00;2025-03-26 09:31:34.533;GENT_JANPALFIJN;Apotheek;PHARMA;SD30
SD30-31153;Incident;Trivial;product zonder toedieningseenheid die deel uitmaakt van de mogelijke distributie eenheden;2.0;;2025-04-22 15:03:00;2025-04-08 09:11:42.357;GENT_JANPALFIJN;Apotheek;PHARMA;SD30
SD30-31209;Request for Information;Trivial;Wanneer versie 2025.2 PROD ?;3.0;;2025-04-24 13:08:00;2025-04-09 13:25:49.193;GENT_JANPALFIJN;Apotheek;PHARMA;SD30
SD30-31250;Request for Information;Trivial;Overzicht ingebrachte toedieningen - artikels met facturatie type C;2.0;;2025-05-01 12:02:00;2025-04-10 16:05:03.123;GENT_JANPALFIJN;Apotheek;PHARMA;SD30
SD30-30489;Incident;Major;artikel blijft foutmeldingen geven;1.0;;2025-04-14 09:50:00;2025-03-10 16:14:31.097;GENT_JANPALFIJN;Apotheek;PHARMA;SD30
SD30-30497;Request for Configuration;Major;aanmaak nummer nacl 0.9% 3000ml braun;4.0;;2025-04-02 10:50:00;2025-03-11 08:54:10.573;GENT_JANPALFIJN;Apotheek;PHARMA;SD30
SD30-31297;Incident;Blocker;openstaande orders zijn weg uit ordersysteem;1.0;;2025-05-01 14:28:00;2025-04-15 11:38:23.307;GENT_JANPALFIJN;Apotheek;PHARMA;SD30
SD30-30359;Incident;Major; tientallen probleemmeldingen per dag i nde  APOT Message Broker;1.0;;2025-03-31 12:49:00;2025-03-03 14:31:08.300;GENT_JANPALFIJN;Apotheek;PHARMA;SD30
SD30-30363;Incident;Major;fout in bericht TADALAFIL AB 467614;2.0;;2025-03-18 17:02:00;2025-03-03 16:49:57.507;GENT_JANPALFIJN;Apotheek;PHARMA;SD30
SD30-30364;Incident;Major;fout in bericht BD POSIFLUSH SP NACL 0,9% RTU SPUIT 10 M;1.0;;2025-03-18 17:03:00;2025-03-03 17:03:16.127;GENT_JANPALFIJN;Apotheek;PHARMA;SD30
SD30-30390;Incident;Major;Probleem met stuk 52;3.0;;2025-03-18 16:01:00;2025-03-04 14:42:24.577;GENT_JANPALFIJN;Apotheek;PHARMA;SD30
SD30-30392;Incident;Major;bericht gaat in de fout DEXAMETHASON 8MG;2.0;;2025-03-18 15:43:00;2025-03-04 14:51:46.253;GENT_JANPALFIJN;Apotheek;PHARMA;SD30
SD30-30396;Request for Configuration;Trivial;Impactanalyse IP-wijziging Domain Controllers APOT/PHARA;2.0;;2025-03-18 16:20:00;2025-03-04 15:46:54.717;GENT_JANPALFIJN;Apotheek;PHARMA;SD30
SD30-30462;Incident;Trivial;Taken stemato lopen niet 24u/24u;2.0;;2025-03-21 15:47:00;2025-03-07 11:16:17.353;GENT_JANPALFIJN;Apotheek;PHARMA;SD30
SD30-30482;Request for Configuration;Major;artikel zonder Toedieneenheden;3.0;;2025-03-24 15:51:00;2025-03-10 15:01:49.430;GENT_JANPALFIJN;Apotheek;PHARMA;SD30
SD30-30510;Incident;Blocker;Wereldbolleke ligt plat - Dringende bestellingen en andere zaken kunnen niet gedaan worden;2.0;;2025-03-12 08:04:00;2025-03-11 11:41:26.863;GENT_JANPALFIJN;Apotheek;PHARMA;SD30
SD30-30526;Incident;Major;Wereldbolleke ligt plat - Dringende bestellingen en andere zaken kunnen niet gedaan worden;1.0;;2025-04-04 09:34:00;2025-03-11 15:34:25.317;GENT_JANPALFIJN;Apotheek;PHARMA;SD30
SD30-30537;Incident;Minor;Distributie/voorleveringen/nieuwe medicatie toevoegen werkt niet;3.0;;2025-04-24 12:19:00;2025-03-11 18:56:50.270;GENT_JANPALFIJN;Apotheek;PHARMA;SD30
SD30-30544;Incident;Major;Bericht gaat in de fout;4.0;;2025-03-21 08:59:00;2025-03-12 09:21:31.803;GENT_JANPALFIJN;Apotheek;PHARMA;SD30
SD30-30562;Incident;Critical;Inlezen correctie RAS berichten vanuit Stemato verloopt niet goed;1.0;;2025-04-22 16:07:00;2025-03-12 14:32:52.167;GENT_JANPALFIJN;Apotheek;PHARMA;SD30
SD30-30643;Request for Configuration;Major;aanmaak nummers Clinell;4.0;;2025-04-02 09:38:00;2025-03-17 13:57:23.657;GENT_JANPALFIJN;Apotheek;PHARMA;SD30
SD30-30645;Request for Configuration;Trivial;kwartaalafname 2024 opnieuw laten draaien;4.0;;2025-03-29 16:55:00;2025-03-17 14:29:07.873;GENT_JANPALFIJN;Apotheek;PHARMA;SD30
SD30-30649;Request for Configuration;Trivial;JPG Primuz overzicht producten ;1.0;;2025-04-03 18:28:00;2025-03-17 15:41:48.670;GENT_JANPALFIJN;Apotheek;PHARMA;SD30
SD30-29145;Request for Information;Trivial;Opleiding Zorgi Pharma - AZ JAN PALFIJN GENT;1.0;;2025-01-07 09:37:00;2025-01-06 13:37:23.953;GENT_JANPALFIJN;Apotheek;PHARMA;SD30
SD30-29268;Request for Configuration;Major;nazicht vervaldata;2.0;;2025-03-03 14:44:00;2025-01-10 16:34:06.907;GENT_JANPALFIJN;Apotheek;PHARMA;SD30
SD30-29281;Incident;Major;probleem patiënt 34285111;2.0;;2025-02-04 10:25:00;2025-01-13 10:27:20.143;GENT_JANPALFIJN;Apotheek;PHARMA;SD30
SD30-29310;Request for Information;Trivial;aanmaak nieuw buitenland nummer (rifocine IV);4.0;;2025-03-20 10:37:00;2025-01-14 10:27:29.597;GENT_JANPALFIJN;Apotheek;PHARMA;SD30
SD30-29085;Incident;Trivial;fout PT0234;4.0;;2025-02-18 12:39:00;2025-01-02 14:03:35.470;GENT_JANPALFIJN;Apotheek;PHARMA;SD30
SD30-29093;Request for Configuration;Trivial;Registratie ID reeds gefactureerd - 33395321;1.0;;2025-01-23 12:02:00;2025-01-02 16:18:31.187;GENT_JANPALFIJN;Apotheek;PHARMA;SD30
SD30-29585;Incident;Critical;toedieningen komen niet door - probleem.;1.0;;2025-02-04 09:45:00;2025-01-27 09:32:55.427;GENT_JANPALFIJN;Apotheek;PHARMA;SD30
SD30-29589;Incident;Blocker;probleem SD30-29585;4.0;;2025-02-11 10:19:00;2025-01-27 10:14:15.490;GENT_JANPALFIJN;Apotheek;PHARMA;SD30
SD30-29709;Request for Configuration;Trivial;RE: RAS logica;2.0;;2025-02-27 15:15:00;2025-01-30 14:46:59.537;GENT_JANPALFIJN;Apotheek;PHARMA;SD30
SD30-29710;Incident;Major;Zorgi.CTR dashboard / vragen;2.0;;2025-04-03 11:34:00;2025-01-30 14:47:56.040;GENT_JANPALFIJN;Apotheek;PHARMA;SD30
SD30-29711;Incident;Minor;Apotheek dashboard Import/ Export fouten;2.0;;2025-02-18 09:30:00;2025-01-30 14:56:57.873;GENT_JANPALFIJN;Apotheek;PHARMA;SD30
SD30-29712;Request for Information;Major;Analyse fout van ticket SD30-26816;3.0;;2025-03-12 10:26:00;2025-01-30 15:07:41.837;GENT_JANPALFIJN;Apotheek;PHARMA;SD30
SD30-29873;Incident;Major;terugzending niet te vinden ;1.0;;2025-03-13 16:21:00;2025-02-07 08:57:16.453;GENT_JANPALFIJN;Apotheek;PHARMA;SD30
SD30-29881;Incident;Major;Qermid registraties - aanduiden QPL4 lukt niet;3.0;;2025-03-27 10:44:00;2025-02-07 11:21:41.097;GENT_JANPALFIJN;Apotheek;PHARMA;SD30
SD30-29882;Incident;Trivial;APOT - Nieuwe functie zorgt voor niet automatisch meer afprinten.;3.0;;2025-04-10 13:57:00;2025-02-07 11:45:50.397;GENT_JANPALFIJN;Apotheek;PHARMA;SD30
SD30-29890;Incident;Major;Pt met contactnummer 34296517 krijgt geen distributie meer;2.0;;2025-02-11 09:05:00;2025-02-07 13:53:22.637;GENT_JANPALFIJN;Apotheek;PHARMA;SD30
SD30-29909;Incident;Minor;From OAZIS to PRS MFN : geblokeert;2.0;;2025-02-20 08:28:00;2025-02-10 10:29:00.930;GENT_JANPALFIJN;Apotheek;PHARMA;SD30
SD30-29925;Incident;Trivial;foutmelding bij opstart;3.0;;2025-03-24 15:04:00;2025-02-11 10:29:24.257;GENT_JANPALFIJN;Apotheek;PHARMA;SD30
SD30-29927;Incident;Major;APOT - Attesten gaan in fout;3.0;;2025-02-13 07:50:00;2025-02-11 11:21:39.877;GENT_JANPALFIJN;Apotheek;PHARMA;SD30
SD30-29988;Request for Information;Trivial;Trans 4015 Xperthis;2.0;;2025-02-28 09:35:00;2025-02-13 13:44:06.400;GENT_JANPALFIJN;Apotheek;PHARMA;SD30
SD30-30006;Incident;Critical;patiënt die weer niet te vinden is in infohos;4.0;;2025-02-14 10:14:00;2025-02-13 17:06:38.040;GENT_JANPALFIJN;Apotheek;PHARMA;SD30
SD30-30015;Incident;Major;patiënt komt niet door;2.0;;2025-03-24 15:21:00;2025-02-14 10:13:50.067;GENT_JANPALFIJN;Apotheek;PHARMA;SD30
SD32-8780;Request for Information;Minor;Dubieuze betaler Dub Auto PADM staat op Nee;4.0;;2025-10-23 13:58:00;2025-10-09 10:08:54.230;GENT_JANPALFIJN;ECO/BOEK;ERP;SD32
SD32-8837;Incident;Major;BOEK: mail afbetalingsplan lukt niet;4.0;;2025-10-27 10:17:00;2025-10-24 09:42:48.203;GENT_JANPALFIJN;ECO/BOEK;ERP;SD32
SD32-9010;Incident;Major;Goedkeuren facturen via ECO;5.0;;2025-12-19 09:10:00;2025-12-12 14:19:26.423;GENT_JANPALFIJN;ECO/BOEK;ERP;SD32
SD50-505;Request for Information;Major;JSON file bij mail Release 2025.2 Insurability-module (preview);5.0;;2025-04-08 13:15:00;2025-04-08 08:45:21.487;GENT_JANPALFIJN;ZORGI Care Admin;CARE ADMIN;SD50
SD10-118906;Request for Information;Major;R128.5 <> R129.1.1;4.0;;2025-04-14 08:29:00;2025-03-28 11:18:34.853;GENT_JANPALFIJN;Oazis;CARE ADMIN;SD10
SD10-118922;Request for Information;Minor;RVAUT 594090 en 594101;3.0;;2025-04-23 15:04:00;2025-03-31 09:27:00.153;GENT_JANPALFIJN;Oazis;CARE ADMIN;SD10
SD10-118928;Incident;Major;E-id lezing ontbreekt;1.0;;2025-04-01 08:51:00;2025-03-31 11:08:39.687;GENT_JANPALFIJN;Oazis;CARE ADMIN;SD10
SD10-118976;Incident;Trivial;factuurnr. 2450025095 (negatieve factuur) terugdraaien;1.0;;2025-04-16 10:55:00;2025-04-01 14:00:18.853;GENT_JANPALFIJN;Oazis;CARE ADMIN;SD10
SD10-118988;Incident;Trivial;TAR324 niet weg bij contactnummer 0034354326;2.0;;2025-04-22 12:18:00;2025-04-01 15:34:23.747;GENT_JANPALFIJN;Oazis;CARE ADMIN;SD10
SD10-118431;Incident;Trivial;foutmelding na herfacturatie;1.0;;2025-04-02 11:24:00;2025-03-12 09:14:26.533;GENT_JANPALFIJN;Oazis;CARE ADMIN;SD10
SD10-118808;Incident;Minor;opleg 1PK voor verzekering DKV gaat naar patiënt;2.0;;2025-04-22 14:30:00;2025-03-26 11:01:24.893;GENT_JANPALFIJN;Oazis;CARE ADMIN;SD10
SD10-118869;Incident;Trivial;"fout factuur op afrekenbestand: Code facturering = 3 of 7 en geen mededeling ""plafond MAF bereikt"" door VI (Carenet bericht 721900 Z 313 of 730000 Z 317= 0)";3.0;;2025-04-10 15:08:00;2025-03-27 11:45:19.840;GENT_JANPALFIJN;Oazis;CARE ADMIN;SD10
SD10-118880;Incident;Major;OAZIS R129 + HF1: error in XMaintenance;5.0;;2025-03-27 14:28:00;2025-03-27 13:43:15.590;GENT_JANPALFIJN;Oazis;CARE ADMIN;SD10
SD10-118882;Incident;Trivial;weigeringen mut afrekenbestand 400;2.0;;2025-04-16 10:40:00;2025-03-27 13:57:07.037;GENT_JANPALFIJN;Oazis;CARE ADMIN;SD10
SD10-118884;Incident;Minor;F04996;2.0;;2025-04-16 10:15:00;2025-03-27 14:42:48.947;GENT_JANPALFIJN;Oazis;CARE ADMIN;SD10
SD10-118461;Incident;Minor;aanpassing aan artikel apotheek;3.0;;2025-04-02 11:31:00;2025-03-12 16:37:40.687;GENT_JANPALFIJN;Oazis;CARE ADMIN;SD10
SD10-118507;Request for Information;Major;langlopend AMB contact;3.0;;2025-03-28 10:36:00;2025-03-14 09:15:49.783;GENT_JANPALFIJN;Oazis;CARE ADMIN;SD10
SD10-118527;Incident;Minor;F05002 - GPS twee facturen;1.0;;2025-03-18 13:41:00;2025-03-14 15:17:00.170;GENT_JANPALFIJN;Oazis;CARE ADMIN;SD10
SD10-118577;Incident;Major;Verkeerde betrekkelijke verstrekking;2.0;;2025-03-18 12:55:00;2025-03-18 11:34:11.693;GENT_JANPALFIJN;Oazis;CARE ADMIN;SD10
SD10-118619;Request for Information;Major;kamertarieven;2.0;;2025-04-25 14:38:00;2025-03-19 17:04:32.527;GENT_JANPALFIJN;Oazis;CARE ADMIN;SD10
SD10-118644;Incident;Minor;Rijksregister nummer stroomt toch door vanuit magneetband ondanks niet terug te vinden in Oasis;3.0;;2025-04-03 16:19:00;2025-03-20 12:01:44.257;GENT_JANPALFIJN;Oazis;CARE ADMIN;SD10
SD10-118675;Incident;Major;mzg export geeft fouten sinds kort (sinds aanpassingen recent?);3.0;;2025-04-14 09:53:00;2025-03-21 11:56:02.200;GENT_JANPALFIJN;Oazis;CARE ADMIN;SD10
SD10-118700;Request for Configuration;Trivial;nieuwe normen Solventum voor Oazis;1.0;;2025-05-12 13:11:00;2025-03-24 11:09:32.097;GENT_JANPALFIJN;Oazis;CARE ADMIN;SD10
SD10-117792;Incident;Trivial;totaal verzamellijst ontbreekt;4.0;werd opgelost 👍;2025-05-09 10:37:00;2025-02-18 14:55:59.877;GENT_JANPALFIJN;Oazis;CARE ADMIN;SD10
SD10-117897;Request for Information;Major;Annex - Bijlage 100;3.0;;2025-03-10 12:17:00;2025-02-20 15:44:54.113;GENT_JANPALFIJN;Oazis;CARE ADMIN;SD10
SD10-117938;Incident;Minor;Fout F04996 bij actimove Alufoam;3.0;;2025-03-11 12:12:00;2025-02-24 11:32:03.597;GENT_JANPALFIJN;Oazis;CARE ADMIN;SD10
SD10-117956;Incident;Major;Opmerking NOGET;1.0;;2025-04-03 13:30:00;2025-02-24 15:12:27.660;GENT_JANPALFIJN;Oazis;CARE ADMIN;SD10
SD10-118023;Request for Information;Trivial;portahealth export voor specifiek aantal maanden;2.0;;2025-03-27 16:46:00;2025-02-26 11:09:01.847;GENT_JANPALFIJN;Oazis;CARE ADMIN;SD10
SD10-118032;Request for Information;Major;Oazis update van R128.4.0 naar HF 128.4.1: geen scripts?;5.0;;2025-02-26 12:50:00;2025-02-26 12:17:46.233;GENT_JANPALFIJN;Oazis;CARE ADMIN;SD10
SD10-118080;Incident;Minor;btw verwijderen op contact;2.0;;2025-03-27 10:45:00;2025-02-27 15:42:00.127;GENT_JANPALFIJN;Oazis;CARE ADMIN;SD10
SD10-118115;Incident;Minor;LVZ weigering afrekenbestand en heraanbieden;3.0;;2025-03-03 12:59:00;2025-02-28 16:07:00.197;GENT_JANPALFIJN;Oazis;CARE ADMIN;SD10
SD10-118154;Request for Configuration;Trivial;CLONE TAR173 SD10-98720;4.0;Goede begeleiding;2025-03-27 08:10:00;2025-03-03 13:59:22.637;GENT_JANPALFIJN;Oazis;CARE ADMIN;SD10
SD10-118214;Request for Information;Trivial;Impactanalyse IP-wijziging Domain Controllers OAZIS;4.0;;2025-03-19 09:12:00;2025-03-04 15:45:41.820;GENT_JANPALFIJN;Oazis;CARE ADMIN;SD10
SD10-118288;Incident;Minor;F00402 Groep 799120 bedrag klopt niet;1.0;;2025-03-20 13:22:00;2025-03-06 11:42:00.153;GENT_JANPALFIJN;Oazis;CARE ADMIN;SD10
SD10-118302;Incident;Trivial;trimesteriële forfait 400632;4.0;;2025-04-16 09:12:00;2025-03-06 15:13:37.540;GENT_JANPALFIJN;Oazis;CARE ADMIN;SD10
SD10-118321;Request for Information;Trivial;Afrekenbestand Code implant niet gekend V.I.;2.0;;2025-03-10 09:51:00;2025-03-07 08:59:04.540;GENT_JANPALFIJN;Oazis;CARE ADMIN;SD10
SD10-118359;Incident;Minor;Geen heropname binnen 10 dagen carenet;1.0;;2025-04-01 13:13:00;2025-03-10 11:49:00.160;GENT_JANPALFIJN;Oazis;CARE ADMIN;SD10
SD10-118366;Incident;Major;facturatie gedetineerden;2.0;;2025-04-11 16:34:00;2025-03-10 13:20:45.830;GENT_JANPALFIJN;Oazis;CARE ADMIN;SD10
SD10-120397;Request for Information;Major;Foutcode F04960 op oud contact;4.0;"bedankt ;o)";2025-07-09 11:44:00;2025-05-30 11:53:33.067;GENT_JANPALFIJN;Oazis;CARE ADMIN;SD10
SD10-120021;Incident;Trivial;code implant niet gekend;2.0;;2025-05-29 09:55:00;2025-05-15 09:17:23.140;GENT_JANPALFIJN;Oazis;CARE ADMIN;SD10
SD10-120092;Incident;Minor;nomenclatuur update 858;1.0;;2025-06-03 08:30:00;2025-05-19 10:48:34.597;GENT_JANPALFIJN;Oazis;CARE ADMIN;SD10
SD10-120142;Request for Configuration;Trivial;code implant niet gekend;1.0;;2025-06-04 12:09:00;2025-05-20 10:09:08.453;GENT_JANPALFIJN;Oazis;CARE ADMIN;SD10
SD10-119756;Incident;Major;TAR095;3.0;;2025-05-20 13:02:00;2025-05-06 10:36:35.097;GENT_JANPALFIJN;Oazis;CARE ADMIN;SD10
SD10-119766;Incident;Major;Cumul toezicht met technische prestatie;1.0;;2025-06-03 15:22:00;2025-05-06 13:01:00.167;GENT_JANPALFIJN;Oazis;CARE ADMIN;SD10
SD10-119807;Request for Configuration;Trivial;Service overleg Oazis - 8/5/25;1.0;;2025-05-23 11:44:00;2025-05-07 14:48:09.790;GENT_JANPALFIJN;Oazis;CARE ADMIN;SD10
SD10-119823;Incident;Minor;Excel versie 1.1 XDE;2.0;;2025-05-12 10:00:00;2025-05-08 10:22:17.350;GENT_JANPALFIJN;Oazis;CARE ADMIN;SD10
SD10-119824;Request for Information;Major;afsluit maart 2025;3.0;;2025-05-22 12:17:00;2025-05-08 10:24:57.657;GENT_JANPALFIJN;Oazis;CARE ADMIN;SD10
SD10-119846;Incident;Major;toezicht met BI POL;1.0;;2025-05-30 10:30:00;2025-05-08 17:15:42.923;GENT_JANPALFIJN;Oazis;CARE ADMIN;SD10
SD10-119858;Incident;Major;NCL 857;1.0;;2025-06-02 15:00:00;2025-05-09 09:37:24.517;GENT_JANPALFIJN;Oazis;CARE ADMIN;SD10
SD10-119987;Request for Configuration;Trivial;code implant niet gekend;1.0;;2025-06-02 08:07:00;2025-05-14 10:31:32.307;GENT_JANPALFIJN;Oazis;CARE ADMIN;SD10
SD10-119163;Incident;Minor;E-id lezing R21Z10;3.0;;2025-04-28 09:53:00;2025-04-07 16:51:12.907;GENT_JANPALFIJN;Oazis;CARE ADMIN;SD10
SD10-119364;Incident;Minor;niet aanrekenen van prest 241286;2.0;;2025-05-20 08:27:00;2025-04-17 09:00:00.407;GENT_JANPALFIJN;Oazis;CARE ADMIN;SD10
SD10-119386;Incident;Major;foutmelding bij raadplegingen rekeningen in OAZIS;1.0;;2025-05-21 16:30:00;2025-04-17 15:58:51.427;GENT_JANPALFIJN;Oazis;CARE ADMIN;SD10
SD10-119408;Request for Information;Trivial;Oazis users automatisch aanmaken;5.0;;2025-04-22 08:09:00;2025-04-18 14:54:48.790;GENT_JANPALFIJN;Oazis;CARE ADMIN;SD10
SD10-119285;Request for Information;Minor;Nomenclatuur 853;2.0;;2025-04-28 09:54:00;2025-04-14 13:04:00.117;GENT_JANPALFIJN;Oazis;CARE ADMIN;SD10
SD10-119542;Request for Information;Major;Doccle files : formaat;5.0;;2025-05-28 16:32:00;2025-04-25 12:25:42.647;GENT_JANPALFIJN;Oazis;CARE ADMIN;SD10
SD10-119570;Request for Information;Minor;Nomenclatuur 855 - prestatie 37731B;3.0;;2025-05-12 13:09:00;2025-04-28 09:55:00.153;GENT_JANPALFIJN;Oazis;CARE ADMIN;SD10
SD10-119581;Request for Configuration;Trivial;hotfix 129.1.3 is opgeladen in JPG;1.0;;2025-05-12 13:34:00;2025-04-28 13:03:49.723;GENT_JANPALFIJN;Oazis;CARE ADMIN;SD10
SD10-119618;Incident;Major;Afrekenbestand 690 klopt niet;2.0;;2025-04-29 14:36:00;2025-04-29 11:34:32.680;GENT_JANPALFIJN;Oazis;CARE ADMIN;SD10
SD10-119631;Incident;Minor;TAR 176 - max 280011-....;3.0;;2025-05-20 16:11:00;2025-04-29 14:01:00.150;GENT_JANPALFIJN;Oazis;CARE ADMIN;SD10
SD10-117405;Request for Information;Major;Verwijderen gegeneerde prestaties conventie;3.0;;2025-03-10 10:53:00;2025-02-06 12:21:55.797;GENT_JANPALFIJN;Oazis;CARE ADMIN;SD10
SD10-117441;Request for Configuration;Major;Printfirma Symeta - feedback op testfiles;1.0;;2025-05-07 12:15:00;2025-02-07 09:41:10.183;GENT_JANPALFIJN;Oazis;CARE ADMIN;SD10
SD10-117506;Incident;Major;Contact 0033747675 - GPS;2.0;;2025-03-25 11:14:00;2025-02-10 11:45:03.340;GENT_JANPALFIJN;Oazis;CARE ADMIN;SD10
SD10-117508;Incident;Trivial;F04402;1.0;;2025-02-26 13:37:00;2025-02-10 12:00:07.857;GENT_JANPALFIJN;Oazis;CARE ADMIN;SD10
SD10-117333;Incident;Trivial;CLONE TAR173 SD10-98720;3.0;;2025-02-26 10:50:00;2025-02-04 16:28:24.023;GENT_JANPALFIJN;Oazis;CARE ADMIN;SD10
SD10-117011;Incident;Trivial;geweigerd bedrag fact. 2440036760;3.0;;2025-02-18 09:23:00;2025-01-23 14:46:18.000;GENT_JANPALFIJN;Oazis;CARE ADMIN;SD10
SD10-117134;Incident;Trivial;probleem correctie;3.0;;2025-02-12 08:10:00;2025-01-28 16:39:29.717;GENT_JANPALFIJN;Oazis;CARE ADMIN;SD10
SD10-117136;Incident;Trivial;herfacturatie lukt niet;2.0;;2025-02-18 08:41:00;2025-01-28 16:56:32.797;GENT_JANPALFIJN;Oazis;CARE ADMIN;SD10
SD10-117161;Incident;Trivial;XMLdoc;4.0;;2025-02-18 07:42:00;2025-01-29 13:46:27.073;GENT_JANPALFIJN;Oazis;CARE ADMIN;SD10
SD10-117258;Incident;Trivial;OAZIS facturatie;1.0;;2025-02-17 12:32:00;2025-02-03 10:41:52.383;GENT_JANPALFIJN;Oazis;CARE ADMIN;SD10
SD10-117265;Request for Improvement;Trivial;CLONE - OAZIS facturatie;1.0;;2025-04-16 11:58:00;2025-02-03 12:29:47.970;GENT_JANPALFIJN;Oazis;CARE ADMIN;SD10
SD10-116468;Request for Information;Major;geen toezicht aangerekend kind -7jaar;1.0;;2025-01-21 13:20:00;2025-01-02 10:10:12.710;GENT_JANPALFIJN;Oazis;CARE ADMIN;SD10
SD10-116535;Request for Information;Major;OAZP loopt vol - vraag om verder onderzoek;5.0;;2025-02-13 13:30:00;2025-01-06 13:36:26.870;GENT_JANPALFIJN;Oazis;CARE ADMIN;SD10
SD10-116542;Request for Information;Trivial;info over fout F01546;4.0;;2025-01-22 14:56:00;2025-01-06 14:21:40.910;GENT_JANPALFIJN;Oazis;CARE ADMIN;SD10
SD10-116608;Request for Information;Trivial;voorbereiding facturatie november werd opgestart;1.0;;2025-01-27 16:32:00;2025-01-08 17:21:10.350;GENT_JANPALFIJN;Oazis;CARE ADMIN;SD10
SD10-116803;Incident;Minor;prothese op maat;2.0;;2025-03-18 13:12:00;2025-01-16 16:15:40.740;GENT_JANPALFIJN;Oazis;CARE ADMIN;SD10
SD10-116827;Incident;Minor;PH0143;3.0;;2025-05-22 10:38:00;2025-01-17 13:31:46.620;GENT_JANPALFIJN;Oazis;CARE ADMIN;SD10
SD10-116663;Incident;Major;Record 50 zone 52;4.0;;2025-01-28 07:42:00;2025-01-10 14:27:04.040;GENT_JANPALFIJN;Oazis;CARE ADMIN;SD10
SD10-117003;Incident;Major;Opnameverklaring getekend of niet => stroomt niet door van Primuz naar Oazis;2.0;;2025-04-02 11:55:00;2025-01-23 13:09:39.840;GENT_JANPALFIJN;Oazis;CARE ADMIN;SD10
SD10-117047;Request for Information;Major;ELVP - 0034303060;1.0;;2025-01-27 12:52:00;2025-01-24 14:15:56.957;GENT_JANPALFIJN;Oazis;CARE ADMIN;SD10
SD10-117063;Incident;Trivial;weigering 725008 bericht;3.0;;2025-02-18 13:20:00;2025-01-27 09:17:43.583;GENT_JANPALFIJN;Oazis;CARE ADMIN;SD10
SD10-117069;Incident;Trivial;gedetineerde?;1.0;;2025-04-14 10:11:00;2025-01-27 10:41:04.767;GENT_JANPALFIJN;Oazis;CARE ADMIN;SD10
SD10-123011;Request for Information;Major;XHL7Service foutmelding bij herstart + config;4.0;;2025-10-23 10:50:00;2025-09-29 09:57:48.707;GENT_JANPALFIJN;Oazis;CARE ADMIN;SD10
SD10-123236;Request for Configuration;Trivial;Service overleg Oazis - 09/10/25;1.0;;2025-05-23 11:44:00;2025-10-07 16:03:13.990;GENT_JANPALFIJN;Oazis;CARE ADMIN;SD10
SD10-123422;Request for Information;Major;Nieuwe update DRGfinder met APR-DRG v42: Oazis klaar?;5.0;;2025-10-23 08:37:00;2025-10-14 13:47:22.540;GENT_JANPALFIJN;Oazis;CARE ADMIN;SD10
SD10-122387;Incident;Trivial;BLOKF bij 475086;5.0;;2025-09-23 15:16:00;2025-08-28 15:59:01.103;GENT_JANPALFIJN;Oazis;CARE ADMIN;SD10
SD10-122900;Request for Configuration;Trivial;Solventum: Nieuwe normen & Benchmark Portal update;5.0;;2025-12-02 15:08:00;2025-09-23 13:30:54.957;GENT_JANPALFIJN;Oazis;CARE ADMIN;SD10
SD10-122921;Incident;Critical;Problemen bevragen Mutualiteit?;5.0;;2025-09-24 14:13:00;2025-09-24 09:28:57.577;GENT_JANPALFIJN;Oazis;CARE ADMIN;SD10
SD10-122588;Incident;Trivial;Ontslag stroomt niet door ;5.0;snelle en vlotte aanpak 😊;2025-09-11 08:40:00;2025-09-08 11:39:20.050;GENT_JANPALFIJN;Oazis;CARE ADMIN;SD10
SD10-122696;Incident;Trivial;dossiernummers met anomalie: ontbreken ontslagdatum in tab MZG Spec, maar in tabs historiek en ontslag wél voorzien van ontslagdatum;5.0;;2025-09-23 15:05:00;2025-09-11 13:46:42.317;GENT_JANPALFIJN;Oazis;CARE ADMIN;SD10
SD10-120907;Incident;Major;Nomenclatuurupdate 862;5.0;;2025-07-01 11:44:00;2025-06-20 16:56:25.623;GENT_JANPALFIJN;Oazis;CARE ADMIN;SD10
SD10-121215;Request for Information;Major;Herfactureren met 4750I6;5.0;Vlotte reactie;2025-07-07 15:10:00;2025-07-04 09:23:23.043;GENT_JANPALFIJN;Oazis;CARE ADMIN;SD10
SD10-121990;Request for Information;Trivial;Upgrade to .Net8;5.0;;2025-08-12 13:28:00;2025-08-11 11:22:25.173;GENT_JANPALFIJN;Oazis;CARE ADMIN;SD10
SD10-122209;Request for Information;Minor;Nomenclatuur 870 - RVAUT 594090 en 594101;5.0;;2025-08-29 14:40:00;2025-08-22 09:02:37.277;GENT_JANPALFIJN;Oazis;CARE ADMIN;SD10
SD10-124666;Incident;Minor;Export van OAzis lukt niet;2.0;;2025-12-10 08:14:00;2025-12-05 12:34:22.680;GENT_JANPALFIJN;Oazis;CARE ADMIN;SD10
SD10-124959;Request for Information;Major;Nieuwe FOD-richtlijnen vanaf MZG 2026/1 - follow-up en behandeling;5.0;;2026-01-05 09:47:00;2025-12-16 16:14:07.397;GENT_JANPALFIJN;Oazis;CARE ADMIN;SD10
SD10-124974;Request for Information;Trivial;Weigering mut op ontbrekende voorschrijver;5.0;goede feedback gekregen van Zorgi;2025-12-29 08:35:00;2025-12-17 09:51:57.147;GENT_JANPALFIJN;Oazis;CARE ADMIN;SD10
SD10-124981;Request for Information;Trivial;Zelfde probleem als ticket = SD10-123793;5.0;heel snelle oplossing;2025-12-29 08:29:00;2025-12-17 14:02:48.717;GENT_JANPALFIJN;Oazis;CARE ADMIN;SD10
SD10-125150;Request for Information;Major;Account van Karen Bytebier en Jan Vancoppenolle;5.0;;2025-12-30 14:39:00;2025-12-29 09:25:06.560;GENT_JANPALFIJN;Oazis;CARE ADMIN;SD10
SD10-123567;Request for Improvement;Major;Nieuwe update DRGfinder met APR-DRG v42: Oazis klaar? - CHANGE REQUEST;5.0;;2025-12-02 15:08:00;2025-10-20 09:31:09.380;GENT_JANPALFIJN;Oazis;CARE ADMIN;SD10
SD10-123704;Request for Information;Trivial;voorschrijver prestatie 400536;5.0;Top! 😊👍;2025-10-23 15:42:00;2025-10-23 13:52:34.503;GENT_JANPALFIJN;Oazis;CARE ADMIN;SD10
SD10-123891;Incident;Major;XDE crash bij opvragen contact gegevens en aanrekenen;4.0;;2025-11-03 10:05:00;2025-10-31 16:17:55.537;GENT_JANPALFIJN;Oazis;CARE ADMIN;SD10
SD10-123931;Incident;Minor;Factuur 9999999999;5.0;Vlotte communicatie;2025-11-17 08:55:00;2025-11-03 16:02:11.377;GENT_JANPALFIJN;Oazis;CARE ADMIN;SD10
SD10-123817;Request for Information;Major;R130.3: Lang openstaande sessie --> userver.exe?;3.0;;2025-11-26 12:22:00;2025-10-29 10:42:43.793;GENT_JANPALFIJN;Oazis;CARE ADMIN;SD10
SD10-123819;Request for Information;Trivial;srvOazisWeb: veel Uniface folders;5.0;;2025-10-29 13:26:00;2025-10-29 11:36:51.253;GENT_JANPALFIJN;Oazis;CARE ADMIN;SD10
SD10-123972;Request for Information;Minor;Doorstroming Spravato medicijn;5.0;Dankzij het meekijken en input van Laura, gelukt om nodige bestanden binnen te trekken 👍;2025-11-13 08:11:00;2025-11-04 15:31:47.600;GENT_JANPALFIJN;Oazis;CARE ADMIN;SD10
SD10-124365;Request for Information;Major;Nieuwe update DRGfinder met APR-DRG v42: Oazis klaar?;5.0;;2025-11-28 09:48:00;2025-11-25 13:29:58.807;GENT_JANPALFIJN;Oazis;CARE ADMIN;SD10
SD10-124189;Request for Configuration;Trivial;aanpassingen oazis type opname ;5.0;;2025-11-27 10:41:00;2025-11-17 15:20:41.537;GENT_JANPALFIJN;Oazis;CARE ADMIN;SD10
SD20-16066;Incident;Minor;User kan geen bestelling plaatsen in SAP;4.0;Goed geholpen;2025-10-20 16:33:00;2025-10-08 14:05:43.550;VILVOORDE_PORTAELS;ERP4HC2.0;ERP;SD20
SD10-122197;Request for Information;Major;CLONE - Probeem met doorstroom;5.0;zeer goed;2025-08-22 09:31:00;2025-08-21 14:50:11.087;VILVOORDE_PORTAELS;Oazis;CARE ADMIN;SD10
SD10-122483;Incident;Major;Probleem met doorstromen ekg;5.0;zeer vlot en snelle reactie;2025-09-03 09:42:00;2025-09-02 15:50:31.603;VILVOORDE_PORTAELS;Oazis;CARE ADMIN;SD10
SD20-16407;Request for Configuration;Trivial;Code 51 (EDI) overzetten naar Cockpit ;4.0;;2025-11-10 15:35:00;2025-11-06 10:23:11.213;BRASSCHAAT_KLINA;ERP4HC2.0;ERP;SD20
SD20-15607;Request for Configuration;Trivial;Facturen in code 51 overbrengen naar cockpit;5.0;;2025-08-20 16:31:00;2025-08-19 14:22:05.507;BRASSCHAAT_KLINA;ERP4HC2.0;ERP;SD20
SD20-15228;Request for Information;Trivial;P03/101 EDI - opladen van leveranciers WE20;5.0;Prima! Zoals altijd. Bedankt;2026-01-28 15:44:00;2025-07-03 10:25:16.843;BRASSCHAAT_KLINA;ERP4HC2.0;ERP;SD20
SD20-15307;Request for Configuration;Trivial;Facturen in code 51 overbrengen naar cockpit;5.0;;2025-07-14 15:33:00;2025-07-14 10:30:04.990;BRASSCHAAT_KLINA;ERP4HC2.0;ERP;SD20
SD30-34907;Request for Configuration;Major;Wijziging wachtwoord adminapoinfohos;5.0;"Heel tevreden over de samenwerking met Ward.
Bedankt!";2026-01-08 11:35:00;2025-10-31 14:31:38.813;ANTWERPEN_MONICA;Apotheek;PHARMA;SD30
SD20-16139;Request for Information;Major;ERP4HC info bericht - kritische bug in SAPSprint;4.0;;2025-10-15 13:29:00;2025-10-14 17:09:18.417;ANTWERPEN_MONICA;ERP4HC2.0;ERP;SD20
SD10-122538;Request for Configuration;Minor;annulatie carenet 23287351;5.0;;2025-09-05 12:13:00;2025-09-04 14:33:05.100;ANTWERPEN_MONICA;Oazis;CARE ADMIN;SD10
SD10-122271;Incident;Minor;verhuis afdeling geeft fouten op controle mzg bestanden;5.0;zeer duidelijke en volledige uitleg;2025-09-01 13:19:00;2025-08-26 09:39:23.603;ANTWERPEN_MONICA;Oazis;CARE ADMIN;SD10
SD10-123163;Incident;Major;probleem type bloedzak niet gekend in OAzis ;5.0;zeer snel opgelost. Dank je wel;2025-10-06 10:20:00;2025-10-06 09:40:07.783;ANTWERPEN_MONICA;Oazis;CARE ADMIN;SD10
SD10-124367;Request for Information;Minor;opmerking VATAP kan niet uitgeschakeld worden;4.0;;2025-12-11 10:27:00;2025-11-25 14:59:06.570;ANTWERPEN_MONICA;Oazis;CARE ADMIN;SD10
SD10-117412;Incident;Minor;gebruiker kan wel een call aanmaken, maar niet opvolgen op jira;5.0;;2025-02-26 11:41:00;2025-02-06 13:50:00.317;ANTWERPEN_MONICA;Oazis;CARE ADMIN;SD10
SD10-117432;Incident;Major;taak fillaprdrg;4.0;;2025-02-25 14:47:00;2025-02-07 06:03:00.960;ANTWERPEN_MONICA;Oazis;CARE ADMIN;SD10
SD10-117472;Incident;Major;nieuwe 721000 doorsturen;4.0;;2025-03-27 15:36:00;2025-02-07 15:25:39.630;OOSTENDE_AZ;Oazis;CARE ADMIN;SD10
SD10-120192;Incident;Major;icoon LVZ wordt overschreven in Oazis;5.0;;2026-04-30 08:28:00;2025-05-21 14:17:49.793;OOSTENDE_AZ;Oazis;CARE ADMIN;SD10
SD10-124383;Incident;Minor;dienst van contactnummer 2505764225 kan niet gewijzigd worden;5.0;;2025-11-27 17:24:00;2025-11-26 08:51:21.653;OOSTENDE_AZ;Oazis;CARE ADMIN;SD10
SD10-123538;Incident;Minor;contact 2505573523 met dienstcode 1000 staat in de verkeerde groep hospitalisaties ipv ambulante groep.  ;4.0;;2025-10-29 17:29:00;2025-10-17 09:53:59.620;OOSTENDE_AZ;Oazis;CARE ADMIN;SD10
SD10-123713;Incident;Minor;contactnummer 2505137121 - werd 721000 met verkeerd rizivnummer doorgestuurd;5.0;;2026-01-08 08:35:00;2025-10-23 17:04:48.447;OOSTENDE_AZ;Oazis;CARE ADMIN;SD10
SD10-123608;Incident;Minor;geen geldig certificaat voor contactnummer 2505231735;1.0;;2025-11-27 17:11:00;2025-10-20 16:33:31.280;OOSTENDE_AZ;Oazis;CARE ADMIN;SD10
SD10-124449;Incident;Minor;nieuwe 721000 voor contactnummer 2503078491.;4.0;;2025-12-22 15:45:00;2025-11-27 17:07:03.817;OOSTENDE_AZ;Oazis;CARE ADMIN;SD10
SD10-124627;Incident;Major;Eenmaking AZ Oostende - documentcenter;4.0;;2025-12-11 16:57:00;2025-12-04 13:53:50.097;OOSTENDE_AZ;Oazis;CARE ADMIN;SD10
SD10-123091;Incident;Major;patiënten van vandaag konden niet in pending gezet worden;4.0;;2026-04-30 15:10:00;2025-10-01 11:25:03.583;OOSTENDE_AZ;Oazis;CARE ADMIN;SD10
SD10-123355;Incident;Major;XML doc 966 geeft foutmelding;5.0;"Vlot geholpen voor deze taak;";2025-10-23 17:17:00;2025-10-10 18:44:05.680;OOSTENDE_AZ;Oazis;CARE ADMIN;SD10
SD10-122408;Incident;Major;Carenet - bericht 721000 niet ontvangen bij CM;5.0;Vlotte afhandeling van deze taak;2025-09-11 15:18:00;2025-08-29 11:42:59.737;OOSTENDE_AZ;Oazis;CARE ADMIN;SD10
SD10-121676;Incident;Major;dossier 2503103352 geraakt niet gefactureerd door de greendate;5.0;;2025-10-29 17:11:00;2025-07-25 15:46:28.467;OOSTENDE_AZ;Oazis;CARE ADMIN;SD10
SD10-121852;Incident;Major;goedkeuring EZVK komt niet in orde voor contact 2502463736;5.0;;2025-11-27 17:12:00;2025-08-04 17:11:45.873;OOSTENDE_AZ;Oazis;CARE ADMIN;SD10
SD10-121054;Incident;Major;voorschot tegengeboekt en dit bedrag is niet overgedragen met de kassa;3.0;;2025-07-25 10:47:00;2025-06-26 15:40:44.377;OOSTENDE_AZ;Oazis;CARE ADMIN;SD10
SD10-120831;Incident;Major;contactnummer 2503460046 goedkeuring MDA maar komt niet over in Oazis;5.0;Snel antwoord ontvangen;2025-06-23 17:25:00;2025-06-19 11:26:14.487;OOSTENDE_AZ;Oazis;CARE ADMIN;SD10
SD20-16309;Incident;Trivial;Deleted Purchase Requisition;1.0;is niet opgelost en voorstel was gewoon de handleiding;2025-11-12 14:13:00;2025-10-29 08:50:36.193;OOSTENDE_AZ;ERP4HC2.0;ERP;SD20
SD20-15436;Incident;Major;P04-111 Fout bij opladen betalingsbestand in Isabel;5.0;Snel geholpen. Bedankt!;2025-07-29 16:33:00;2025-07-29 10:08:47.943;OOSTENDE_AZ;ERP4HC2.0;ERP;SD20
SD20-14148;Request for Information;Trivial;SAP TST systeem - user AZDKDVLIE6 - customizing - project uitvoeren;4.0;;2025-04-14 15:03:00;2025-03-27 08:38:59.277;OOSTENDE_AZ;ERP4HC2.0;ERP;SD20
SD30-33975;Incident;Trivial;testtrans niet gelopen;4.0;;2025-09-11 14:52:00;2025-09-11 09:08:42.513;OOSTENDE_AZ;Apotheek;PHARMA;SD30
SD30-34107;Incident;Minor;distributielijst ;4.0;;2025-09-24 14:50:00;2025-09-18 15:59:55.533;OOSTENDE_AZ;Apotheek;PHARMA;SD30
SD30-34312;Incident;Major;trans niet doorgegaan;5.0;;2025-10-06 09:47:00;2025-10-01 08:22:58.857;OOSTENDE_AZ;Apotheek;PHARMA;SD30
SD30-33344;Incident;Major;Facturatie niet doorgelopen ;5.0;;2025-08-05 12:32:00;2025-08-01 09:23:36.223;OOSTENDE_AZ;Apotheek;PHARMA;SD30
SD30-33323;Incident;Major;Facturatietrans is niet doorgegaan;5.0;Heel vlot!;2025-07-31 10:53:00;2025-07-31 08:11:47.400;OOSTENDE_AZ;Apotheek;PHARMA;SD30
SD30-30601;Incident;Major;Facturatietrans is niet doorgegaan;3.0;Afgesloten nog voor de oplossing kon getest worden. Oplossing niet voldoende en refuse solution werkt niet.;2025-03-14 14:21:00;2025-03-14 08:37:24.543;OOSTENDE_AZ;Apotheek;PHARMA;SD30
SD30-30480;Incident;Major;Facturen stromen niet door naar ARCO cf SD30-30311 en SD30-30397 ;1.0;"Tickets worden te vroeg afgesloten.
Ik moet nu voor de 4de maal een nieuw ticket aanmaken. De aangeboden oplossing is ook niet correct;";2025-03-10 16:31:00;2025-03-10 14:38:46.990;OOSTENDE_AZ;Apotheek;PHARMA;SD30
SD30-30502;Incident;Major;Facturen stromen niet door naar ARCO cf SD30-30311 en SD30-30397 ;4.0;;2025-03-12 14:48:00;2025-03-11 10:15:31.617;OOSTENDE_AZ;Apotheek;PHARMA;SD30
SD30-29513;Request for Information;Trivial;Afdrukken distributie lijst;4.0;;2025-02-24 15:45:00;2025-01-22 15:49:39.447;OUDENAARDE_AZ;Apotheek;PHARMA;SD30
SD30-35273;Incident;Critical;Onderbreking van de FMD-scanning (BeMVO) in de PurchaseToPay module van Apotheekpakket (Verpakkingen);4.0;;2025-11-24 14:58:00;2025-11-21 13:35:02.380;OUDENAARDE_AZ;Apotheek;PHARMA;SD30
SD31-5652;Request for Information;Major;PRS;5.0;;2025-06-19 09:02:00;2025-05-27 17:23:03.490;OUDENAARDE_AZ;EPD;CARE;SD31
SD32-7591;Incident;Trivial;webboek;5.0;;2025-01-02 16:15:00;2025-01-02 15:26:20.717;OUDENAARDE_AZ;ECO/BOEK;ERP;SD32
SD32-7827;Request for Configuration;Trivial;SFTP via Mirth opzetten voor Doccle;5.0;;2025-03-11 09:00:00;2025-02-10 15:21:52.520;OUDENAARDE_AZ;ECO/BOEK;ERP;SD32
SD35-18506;Incident;Trivial;dossier kan niet geopend worden;5.0;;2025-10-07 15:04:00;2025-05-19 10:25:30.070;OUDENAARDE_AZ;PADM/TARFAC;CARE ADMIN;SD35
SD35-19448;Request for Configuration;Major;probleem boom;3.0;;2025-10-14 10:48:00;2025-09-30 14:59:09.727;OUDENAARDE_AZ;PADM/TARFAC;CARE ADMIN;SD35
SD35-19491;Request for Information;Major;blokkerende fout FOD files - Follow-up A, B komt niet overeen met behandeling op SPOED;5.0;;2025-10-08 11:28:00;2025-10-07 15:28:23.090;OUDENAARDE_AZ;PADM/TARFAC;CARE ADMIN;SD35
SD32-9055;Incident;Major;Probleem aanmaken boek wacht;5.0;;2025-12-31 09:14:00;2025-12-24 10:33:33.957;OUDENAARDE_AZ;ECO/BOEK;ERP;SD32
SD20-14778;Incident;Minor;opladen loonbestand - foutmelding;5.0;;2025-05-26 15:03:00;2025-05-26 09:33:21.723;BORNEM_AZ-RIVIERENLAND;ERP4HC2.0;ERP;SD20
SD20-13078;Incident;Trivial;aanloggen op Zorgi helpdesk en portaal;4.0;;2025-01-08 09:30:00;2025-01-07 09:51:36.190;BORNEM_AZ-RIVIERENLAND;ERP4HC2.0;ERP;SD20
SD20-13297;Request for Configuration;Trivial;transactie FEBA voor gebruiker AZRCHRISTA;4.0;;2025-01-29 15:48:00;2025-01-23 11:55:29.530;BORNEM_AZ-RIVIERENLAND;ERP4HC2.0;ERP;SD20
SD20-13385;Request for Configuration;Trivial;P03 116 automatisch boeken van bancontact verrichtingen parkeerautomaat;4.0;;2025-02-27 10:04:00;2025-01-29 12:41:59.847;BORNEM_AZ-RIVIERENLAND;ERP4HC2.0;ERP;SD20
SD20-13386;Request for Information;Trivial;opleiding Debiteurenbeheer diverse facturen in Oostkamp;4.0;;2025-01-30 16:41:00;2025-01-29 12:55:05.477;BORNEM_AZ-RIVIERENLAND;ERP4HC2.0;ERP;SD20
SD20-15450;Request for Information;Trivial;conversietabel boekhoudplan;5.0;super! bedankt !;2025-07-30 14:56:00;2025-07-29 16:46:26.153;BORNEM_AZ-RIVIERENLAND;ERP4HC2.0;ERP;SD20
SD10-121429;Request for Information;Major;export tabel uit Oazis 'plan per arts' in excel;4.0;Snelle service.  Ik had nog liever gehad dat er een knop kan waar elk ziekenhuis zulke lijst zou kunnen trekken, omdat ik erin geloof dat dit voor meerdere ziekenhuizen interessant is.;2025-09-08 16:57:00;2025-07-15 08:36:42.217;BORNEM_AZ-RIVIERENLAND;Oazis;CARE ADMIN;SD10
SD10-121559;Request for Information;Minor;toegang tot verslagen overleg werkgroep tarfac op de Sharepoint - tav Peter Boonen;5.0;Fijn om via Teamsmeeting even samen te overlopen.  Nog extra nuttige info gekregen zomaar.;2025-07-24 17:33:00;2025-07-18 14:12:43.553;BORNEM_AZ-RIVIERENLAND;Oazis;CARE ADMIN;SD10
SD10-122775;Request for Information;Major;mails 'Update OAZIS XML DOC': te mailen naar 3 personen;2.0;Ticket werd gesloten zonder dat de aanpassing gebeurde.;2026-01-26 10:56:00;2025-09-17 09:44:44.527;BORNEM_AZ-RIVIERENLAND;Oazis;CARE ADMIN;SD10
SD10-119688;Request for Configuration;Trivial;Overzichtslijst welke artsen reeds registreren in Oazis XDE;2.0;Ik veronderstel dat jullie toch wel kunnen achterhalen welke artsen effectief in XDE registreren.  Werd doorverwezen naar ICT dienst ziekenhuis die me ook niet kunnen verderhelpen.;2025-05-16 14:44:00;2025-05-02 13:28:46.337;BORNEM_AZ-RIVIERENLAND;Oazis;CARE ADMIN;SD10
SD10-117121;Request for Information;Major;Transparantiecodes opbouw in Oazis;2.0;Elk ziekenhuis moet gewoon zelf uitzoeken hoe transparantiecodes op te zetten in Oazis.  Er werd telkens met mondjesmaat info gegeven op werkgroep Tarfac, via tickets Zorgi waardoor er dus geen overzicht is.;2025-04-03 14:37:00;2025-01-28 13:36:31.333;BORNEM_AZ-RIVIERENLAND;Oazis;CARE ADMIN;SD10
SD10-117210;Request for Information;Major;Snelheid verwerking definitieve selectie Hospitalisatie Algemeen Ziekenhuis in Oazis;4.0;;2025-03-03 15:44:00;2025-01-30 15:56:00.663;BORNEM_AZ-RIVIERENLAND;Oazis;CARE ADMIN;SD10
SD32-9022;Request for Information;Major;kan ik een verwijderde orderaanvraag terughalen;4.0;;2025-12-18 06:27:00;2025-12-17 08:00:36.807;BORNEM_AZ-RIVIERENLAND;ECO/BOEK;ERP;SD32
SD10-122649;Request for Information;Trivial;overzicht foutcodes MP;5.0;;2025-09-11 13:17:00;2025-09-10 09:32:23.947;DENDERMONDE_STBLASIUS;Oazis;CARE ADMIN;SD10
SD10-122979;Incident;Critical;doktersadministratie in oasis;1.0;"De helpdesk is helemaal niet opgelost en niet duideljk weergegeven.
heb dan ook aanvulling gemaakt in de helpdesk om verder te bekijken";2025-10-08 16:17:00;2025-09-26 11:46:01.890;DENDERMONDE_STBLASIUS;Oazis;CARE ADMIN;SD10
SD10-121741;Request for Information;Trivial;Nieuwe gebruikersgroep kan geen dienst of opnamearts selecteren bij nieuw contact;5.0;Bedankt.;2025-07-31 10:27:00;2025-07-30 14:32:45.367;DENDERMONDE_STBLASIUS;Oazis;CARE ADMIN;SD10
SD10-121089;Request for Configuration;Critical;Nom update 163: 105092 nog actief per 09/05/2025;5.0;-;2025-07-01 11:15:00;2025-06-30 08:55:17.700;DENDERMONDE_STBLASIUS;Oazis;CARE ADMIN;SD10
SD10-120671;Request for Information;Minor;Correcties van bepaalde patiënt komen niet goed;5.0;heel snel en super geholpen. dikke merci;2025-06-24 15:15:00;2025-06-12 15:23:51.233;DENDERMONDE_STBLASIUS;Oazis;CARE ADMIN;SD10
SD10-120760;Request for Information;Minor;SN90-4807: editienummer gaat verloren - verificatie;5.0;;2025-06-17 14:26:00;2025-06-17 11:48:29.033;DENDERMONDE_STBLASIUS;Oazis;CARE ADMIN;SD10
SD20-15525;Request for Configuration;Minor;P03 122 ZGA15 - Reële omslag op ma 11 aug 12u30;5.0;;2025-08-18 15:16:00;2025-08-07 13:59:58.990;DENDERMONDE_STBLASIUS;ERP4HC2.0;ERP;SD20
SD20-13691;Request for Information;Minor;Artikel - kostenplaats;5.0;;2025-02-24 14:29:00;2025-02-21 15:04:27.763;DENDERMONDE_STBLASIUS;ERP4HC2.0;ERP;SD20
SD20-15246;Request for Configuration;Major;Foutmelding hoeveelheid overschreden;1.0;"Geen goeie service
Oplossing komt veel te laat.";2025-09-25 12:48:00;2025-07-07 10:49:27.923;DENDERMONDE_STBLASIUS;ERP4HC2.0;ERP;SD20
SD20-15258;Incident;Major;probleem met opladen domicilieringen in KBC ;5.0;;2025-07-09 15:21:00;2025-07-08 09:44:17.953;DENDERMONDE_STBLASIUS;ERP4HC2.0;ERP;SD20
SD20-14305;Incident;Trivial;SAP kernel patch - SN90-4458 - doorgestuurde bestelling niet vindbaar in SOST;1.0;We ontvingen geen oplossing voor het probleem en moeten wachten tot dit nog eens zou voorvallen.;2025-04-25 09:57:00;2025-04-10 09:38:44.127;DENDERMONDE_STBLASIUS;ERP4HC2.0;ERP;SD20
SDHPM-764;Incident;Trivial;Query loopt vast;5.0;.;2025-07-04 16:04:00;2025-07-04 11:00:04.677;DENDERMONDE_STBLASIUS;HPM;BI;SDHPM
SDHPM-777;Incident;Trivial;Foutmeldingen bij open en opslaan rapport;5.0;.;2025-09-09 13:26:00;2025-09-09 10:35:57.987;DENDERMONDE_STBLASIUS;HPM;BI;SDHPM
SDHPM-742;Request for Information;Trivial;Query met problemen herkoppelen universe;5.0;;2025-04-01 15:23:00;2025-03-31 11:39:07.643;DENDERMONDE_STBLASIUS;HPM;BI;SDHPM
SD20-15750;Incident;Trivial;foutcode 306 bij ZFILE_HON_KAS;5.0;;2025-09-05 08:43:00;2025-09-04 16:49:48.467;ZOTTEGEM_ST-ELISABETH;ERP4HC2.0;ERP;SD20
SD10-121410;Incident;Major;Oazis client opstarten met -RUNAS probleem vanaf versie 130;5.0;;2025-07-22 13:31:00;2025-07-14 10:56:47.803;ZOTTEGEM_ST-ELISABETH;Oazis;CARE ADMIN;SD10
SD10-124817;Request for Information;Major;Berekening GFIN loopt bij een aantal contacten niet;5.0;Goede en snelle hulp gekregen!;2026-01-27 13:13:00;2025-12-11 14:55:07.610;ZOTTEGEM_ST-ELISABETH;Oazis;CARE ADMIN;SD10
SD10-124073;Request for Information;Trivial;Lijst ingave activiteiten XDE;5.0;Snelle en duidelijke respons;2025-11-13 15:13:00;2025-11-07 15:16:27.203;ZOTTEGEM_ST-ELISABETH;Oazis;CARE ADMIN;SD10
SD10-117920;Request for Configuration;Major;Export MZG 2024/2 S1 fout BM6070601 i.v.m. ambulante spoed contacten (idem  opl. SD10-114209);5.0;;2025-03-10 11:51:00;2025-02-21 14:05:06.543;ZOTTEGEM_ST-ELISABETH;Oazis;CARE ADMIN;SD10
SD30-29137;Request for Information;Trivial;Opleiding Zorgi Pharma - SEZZ;5.0;;2025-01-28 11:04:00;2025-01-06 11:43:03.187;ZOTTEGEM_ST-ELISABETH;Apotheek;PHARMA;SD30
SD32-8546;Incident;Critical;De gevalideerde facturen (e-invoicing en pdf) komen niet door in BOEK;5.0;Snel opgelost, bedankt!;2025-07-29 11:34:00;2025-07-29 08:55:42.630;BRUGGE_SINT-JAN;ECO/BOEK;ERP;SD32
SD32-8792;Incident;Major;Lege ordonnantielijsten die aangemaakt worden bij elke nieuwe ordonnantielijst;5.0;Snel en volledig opgelost, nog eens merci !;2025-10-15 12:10:00;2025-10-14 11:58:31.057;BRUGGE_SINT-JAN;ECO/BOEK;ERP;SD32
SD32-8734;Incident;Major;FHI - fout in T22 mbt winst/verlies?;5.0;top!;2025-10-01 16:28:00;2025-09-26 16:10:23.907;BRUGGE_SINT-JAN;ECO/BOEK;ERP;SD32
SD32-8615;Incident;Major;Crediteuren - Fac. Gdk Vent - Bestelbon niet opgeladen in Boek;5.0;Snel en goed opgelost.;2025-08-22 09:37:00;2025-08-21 13:59:32.363;BRUGGE_SINT-JAN;ECO/BOEK;ERP;SD32
SD32-8875;Incident;Major;Lege ordonnantielijsten ;5.0;Zeer snelle reactie en oplossing !;2025-11-06 14:27:00;2025-11-05 11:29:13.653;BRUGGE_SINT-JAN;ECO/BOEK;ERP;SD32
SD35-19579;Request for Information;Minor;Statistiek Dr Domjan prestaties 2013-2023 in T1 - Tav Filip en Joris;5.0;"Altijd een snelle en kant & klare oplossing van Filip en Joris!
Dikke merci!";2025-10-22 10:50:00;2025-10-21 15:22:15.790;BRUGGE_SINT-JAN;PADM/TARFAC;CARE ADMIN;SD35
SD35-19455;Request for Configuration;Major;aanpassen vereisten 'telemonitoring hartfalen' nodig om te kunnen factureren ;1.0;onbegrijpelijk dat het zo lang moet duren om een simpele vereiste toe te voegen die heel duidelijk is;2025-11-03 09:31:00;2025-10-01 20:20:14.683;BRUGGE_SINT-JAN;PADM/TARFAC;CARE ADMIN;SD35
SD35-18859;Request for Information;Minor;T1 - Tav Filip Deparck;5.0;*;2025-06-30 16:15:00;2025-06-30 11:48:26.790;BRUGGE_SINT-JAN;PADM/TARFAC;CARE ADMIN;SD35
SD35-19135;Incident;Major;Prestatie 259073 komt niet door naar de geïnde erelonen ondanks betaling factuur (T1 issue);5.0;Altijd een snelle en duidelijke oplossing van Krista, Franky en Filip!!!;2025-08-20 15:47:00;2025-08-13 14:29:05.350;BRUGGE_SINT-JAN;PADM/TARFAC;CARE ADMIN;SD35
SD35-19168;Incident;Major;code gerechtigde;4.0;;2025-08-22 11:49:00;2025-08-22 09:38:26.663;BRUGGE_SINT-JAN;PADM/TARFAC;CARE ADMIN;SD35
SD35-17360;Incident;Major;"Service ""Infohos Admin Padm ProcessorHost (Instance: Prod)"" stopt";5.0;snelle service;2025-07-11 16:55:00;2025-01-27 14:40:39.107;BRUGGE_SINT-JAN;PADM/TARFAC;CARE ADMIN;SD35
SD10-124910;Request for Configuration;Trivial;Patiëntenlijst dr. Devos André;5.0;Gewenste resultaat, hartelijk dank.;2025-12-16 10:53:00;2025-12-16 08:54:40.253;BRUGGE_SINT-JAN;Oazis;CARE ADMIN;SD10
SD10-124613;Incident;Minor;Oproepnummer via loket wordt niet doorgestuurd via A10;5.0;;2025-12-08 15:24:00;2025-12-04 09:51:27.477;BRUGGE_SINT-JAN;Oazis;CARE ADMIN;SD10
SD10-124684;Request for Information;Trivial;betekenis en werking van de opmerking RTC;4.0;Snel en duidelijk geantwoord!;2025-12-09 13:07:00;2025-12-05 14:53:43.373;BRUGGE_SINT-JAN;Oazis;CARE ADMIN;SD10
SD10-122111;Incident;Trivial;Patiënt heeft problemen met aanmelden aan de kiosk;5.0;;2025-08-21 08:52:00;2025-08-19 11:02:55.807;BRUGGE_SINT-JAN;Oazis;CARE ADMIN;SD10
SD10-122742;Request for Information;Major;Opvolging assurcard oranje licht;5.0;;2025-09-16 10:13:00;2025-09-15 14:12:09.663;BRUGGE_SINT-JAN;Oazis;CARE ADMIN;SD10
SD10-122719;Incident;Major;Probleem bij update Oazis test;5.0;snelle respons;2025-09-12 15:24:00;2025-09-12 14:17:47.000;BRUGGE_SINT-JAN;Oazis;CARE ADMIN;SD10
SD20-16024;Request for Configuration;Trivial;SSP - Doorstroming nieuwe catalogus van SAP naar SSP;5.0;;2025-10-08 09:02:00;2025-10-06 10:53:33.940;BRUGGE_STLUCAS;ERP4HC2.0;ERP;SD20
SD20-15468;Request for Information;Trivial;EWM - afboeken voorraad van locatie GO_ISSUES;5.0;;2025-08-01 08:03:00;2025-07-31 11:26:49.703;BRUGGE_STLUCAS;ERP4HC2.0;ERP;SD20
SD20-15497;Request for Configuration;Trivial;Aanpassen printers Sint-Lucas Brugge (146);5.0;;2025-08-06 17:01:00;2025-08-06 09:55:16.617;BRUGGE_STLUCAS;ERP4HC2.0;ERP;SD20
SD20-15422;Incident;Trivial;Berichtenwachtrij EMW-MM : goederenontvangst niet teruggekoppeld naar de bestelbon;5.0;;2025-07-31 11:27:00;2025-07-25 13:29:18.473;BRUGGE_STLUCAS;ERP4HC2.0;ERP;SD20
SD20-14467;Request for Configuration;Major; P03 146 automatisch boeken coda;5.0;;2025-04-29 10:41:00;2025-04-25 11:05:56.813;BRUGGE_STLUCAS;ERP4HC2.0;ERP;SD20
SD20-14518;Request for Configuration;Trivial;SSP - Doorstroming nieuwe catalogen van SAP naar SSP;5.0;;2025-05-09 12:03:00;2025-04-30 17:32:24.253;BRUGGE_STLUCAS;ERP4HC2.0;ERP;SD20
SD20-14694;Request for Configuration;Trivial;P03 146 Aanmaak nieuwe Vasteactivaklasse 2110;5.0;;2025-05-22 12:57:00;2025-05-16 14:20:50.783;BRUGGE_STLUCAS;ERP4HC2.0;ERP;SD20
SD20-15022;Request for Configuration;Trivial;SSP - Doorstroming nieuwe catalogus van SAP naar SSP;5.0;;2025-06-18 13:52:00;2025-06-17 13:15:42.377;BRUGGE_STLUCAS;ERP4HC2.0;ERP;SD20
SD20-13108;Incident;Major;SAP werkt heel traag / loopt vast;4.0;;2025-01-09 11:34:00;2025-01-09 09:06:00.370;BRUGGE_STLUCAS;ERP4HC2.0;ERP;SD20
SD10-122866;Incident;Minor;"Onterechte foutmelding '[GPS] prestatie is kandidaat, DRG (861) aanwezig (Severity : 1) , de status van de werklijst is ""in behandeling""  ";1.0;Na initiële opname van dit ticket, werd dit probleem afgewimpeld (comments werden niet gelezen). Ook na escalatie werd dit niet verder opgenomen. Enkel na meermaals telefonisch aandringen werd er serieus naar gekeken. Uiteindelijk is het probleem wel opge;2025-10-21 16:07:00;2025-09-22 12:31:03.353;BRUGGE_STLUCAS;Oazis;CARE ADMIN;SD10
SD10-123108;Request for Information;Trivial;A2_CODE_SEX;4.0;;2025-10-06 09:46:00;2025-10-01 19:27:43.840;BRUGGE_STLUCAS;Oazis;CARE ADMIN;SD10
SD10-123362;Request for Information;Trivial;Blokkerende fout GA2140802;4.0;;2025-10-20 09:55:00;2025-10-13 09:45:40.783;BRUGGE_STLUCAS;Oazis;CARE ADMIN;SD10
SD10-121527;Incident;Trivial;Contact 14251042 - overlijdensdatum geeft foutmelding maar patiënt is niet overleden;5.0;Bedankt voor de vlotte oplossing;2025-07-18 10:16:00;2025-07-17 11:53:27.240;BRUGGE_STLUCAS;Oazis;CARE ADMIN;SD10
SD10-120749;Request for Information;Trivial;Toevoegen van OCMW aan het vaste bestand;5.0;;2025-06-17 14:08:00;2025-06-17 09:19:39.467;BRUGGE_STLUCAS;Oazis;CARE ADMIN;SD10
SD10-124572;Request for Information;Trivial;Instelling van herkomst Klaverveld te Zedelgem;4.0;;2025-12-18 10:25:00;2025-12-03 11:09:27.860;BRUGGE_STLUCAS;Oazis;CARE ADMIN;SD10
SD10-119409;Request for Information;Trivial;Beste, er zijn twee facturen ten onrechte 'hard' geïnitialiseerd. Zouden deze terug kunnen gezet worden?;5.0;;2025-05-08 11:29:00;2025-04-18 15:15:21.720;BRUGGE_STLUCAS;Oazis;CARE ADMIN;SD10
SD10-119417;Incident;Trivial;14291519 - mutatie maar ik krijg het CN bericht 721 niet in orde;4.0;;2025-05-08 08:20:00;2025-04-22 07:46:44.243;BRUGGE_STLUCAS;Oazis;CARE ADMIN;SD10
SD10-119450;Request for Information;Trivial;Geen DRG;4.0;;2025-06-02 11:32:00;2025-04-22 17:02:50.093;BRUGGE_STLUCAS;Oazis;CARE ADMIN;SD10
SD10-117170;Incident;Trivial;De '800' berichten (of MDA berichten) in bulk nemen blijkbaar de dienst 1841 Revalidatie diabetes niet mee?;4.0;;2025-02-18 07:38:00;2025-01-30 08:48:51.740;BRUGGE_STLUCAS;Oazis;CARE ADMIN;SD10
SD50-404;Request for Information;Trivial;MDA berichten;4.0;;2025-01-30 10:02:00;2025-01-23 09:20:15.130;BRUGGE_STLUCAS;ZORGI Care Admin;CARE ADMIN;SD50
SD30-29536;Incident;Minor;foutmelding bij opstart Zorgi in productie;4.0;;2025-02-07 11:18:00;2025-01-23 15:21:04.197;BRUGGE_STLUCAS;Apotheek;PHARMA;SD30
SD30-35061;Request for Configuration;Minor;er startte vorige week een nieuwe dienst op op het EMV KWS - VEnummer 85560 -  kunnen jullie hiervoor de aanpassing doen?;5.0;;2025-11-10 12:35:00;2025-11-10 10:31:24.003;BRUGGE_STLUCAS;Apotheek;PHARMA;SD30
SD30-32592;Incident;Major;recipe voorshriften;5.0;Bedankt voor de adequate service, zoals steeds snelle en vakkundige ondersteuning.;2025-07-04 10:15:00;2025-06-18 12:21:16.640;GENT_STLUCAS;Apotheek;PHARMA;SD30
SD10-116747;Incident;Blocker;Geen nummer op afroepetiketten;5.0;bedankt voor de snelle acties.;2025-01-15 08:54:00;2025-01-15 07:21:57.723;GENT_STLUCAS;Oazis;CARE ADMIN;SD10
SD10-119326;Request for Information;Trivial;Field ID.LAB_LABEL not available;1.0;geen antwoordt op de vraag gekregen. Dan maar zelf opgelost.;2025-04-16 14:48:00;2025-04-16 08:31:44.037;GENT_STLUCAS;Oazis;CARE ADMIN;SD10
SD10-119104;Request for Information;Trivial;Prioriteit bij de patientopmerkingen;5.0;;2026-04-16 12:30:00;2025-04-04 10:52:00.160;GENT_STLUCAS;Oazis;CARE ADMIN;SD10
SD10-118137;Request for Information;Major;Job AMBUREG;5.0;;2025-03-04 14:56:00;2025-03-03 10:38:00.140;GENT_STLUCAS;Oazis;CARE ADMIN;SD10
SD10-118465;Request for Information;Trivial;Overzicht van de active OAZIS gebruikers en hun rechten;5.0;snel gereageerd en direct correcte info;2025-03-13 13:24:00;2025-03-13 07:54:56.143;GENT_STLUCAS;Oazis;CARE ADMIN;SD10
SD10-124459;Incident;Trivial;Link probleem;5.0;;2025-12-04 09:51:00;2025-11-28 12:09:04.617;GENT_STLUCAS;Oazis;CARE ADMIN;SD10
SD10-124664;Request for Information;Minor;Nieuwe FOD-richtlijnen vanaf MZG 2026-1 (versie 131.1);5.0;;2025-12-12 08:34:00;2025-12-05 11:29:51.327;GENT_STLUCAS;Oazis;CARE ADMIN;SD10
SD10-124109;Incident;Trivial;Foutmelding bij verwerken XMLDOC976;4.0;snel en efficient;2025-11-14 11:08:00;2025-11-13 08:27:50.083;GENT_STLUCAS;Oazis;CARE ADMIN;SD10
SD10-124304;Incident;Minor;Batch job Overledenen;5.0;;2025-12-04 10:39:00;2025-11-21 10:08:59.373;GENT_STLUCAS;Oazis;CARE ADMIN;SD10
SD10-123522;Request for Information;Minor;Microsoft 365;5.0;;2025-10-17 14:19:00;2025-10-17 07:45:15.687;GENT_STLUCAS;Oazis;CARE ADMIN;SD10
SD10-123764;Request for Improvement;Trivial;Basisbestand landen versus nationaliteit;5.0;;2025-10-27 14:14:00;2025-10-27 14:17:12.930;GENT_STLUCAS;Oazis;CARE ADMIN;SD10
SD10-123862;Request for Configuration;Minor;OAZIS CEPD omgeving (voor de fusie);5.0;;2025-11-20 10:57:00;2025-10-31 07:51:47.267;GENT_STLUCAS;Oazis;CARE ADMIN;SD10
SD10-120751;Incident;Major;Infoveld RESINF wordt met blanco overschreven door HL7IN;5.0;;2025-06-23 13:10:00;2025-06-17 09:27:52.537;GENT_STLUCAS;Oazis;CARE ADMIN;SD10
SD10-120216;Request for Information;Minor;Range contactnummers aanpassen;5.0;;2025-06-05 13:11:00;2025-05-22 10:14:00.203;GENT_STLUCAS;Oazis;CARE ADMIN;SD10
SD10-122179;Request for Information;Minor;Job : BATCH_ADD_REMARK_GMDMG;5.0;;2025-08-21 14:11:00;2025-08-21 10:05:25.327;GENT_STLUCAS;Oazis;CARE ADMIN;SD10
SD10-121750;Incident;Critical;Servicedesk VIA oazis werkt niet.;5.0;;2025-08-01 07:25:00;2025-07-31 09:03:16.280;GENT_STLUCAS;Oazis;CARE ADMIN;SD10
SD10-121920;Incident;Minor;blokkerende fout voor door te sturen bestan 2024-2;3.0;;2025-09-02 08:50:00;2025-08-06 14:23:26.097;GENT_STLUCAS;Oazis;CARE ADMIN;SD10
SD10-121569;Incident;Minor;Aanpassen arts bij groepscontact;5.0;Geen opmerking, Afhandeling order is goed verlopen.;2025-07-22 13:45:00;2025-07-19 13:53:25.070;GENT_STLUCAS;Oazis;CARE ADMIN;SD10
SD10-123504;Incident;Trivial;Landen bestand;5.0;;2025-10-27 14:14:00;2025-10-16 13:08:16.933;GENT_STLUCAS;Oazis;CARE ADMIN;SD10
SD10-122802;Incident;Blocker;Bij installatie van 129.4.0.0 : Iedereen heeft 'Toegang gewzigerd' bij aanmelden;5.0;;2025-09-18 12:02:00;2025-09-18 09:37:28.877;GENT_STLUCAS;Oazis;CARE ADMIN;SD10
SD10-122383;Request for Information;Minor;Netwerksegmentering in de toekomst;5.0;;2025-09-05 07:16:00;2025-08-28 15:06:29.807;GENT_STLUCAS;Oazis;CARE ADMIN;SD10
SD20-14730;Request for Configuration;Trivial;Wijzigen key-users ERP4HC;5.0;Snelle reactie en duidelijke feedback;2025-05-21 16:35:00;2025-05-21 08:52:34.717;GENT_STLUCAS;ERP4HC2.0;ERP;SD20
SD20-14004;Request for Configuration;Trivial;P04 144 Nieuwe job inplannen;1.0;Werd verwezen naar de helpdesk, maar ik dacht dat het jira platform al de helpdesk is?;2025-04-16 10:54:00;2025-03-14 07:21:18.807;GENT_STLUCAS;ERP4HC2.0;ERP;SD20
SD20-15291;Request for Information;Major;18/9/2025: 4u Opleiding MARZ locatie AZ Sint Maarten - aanvraag offerte prepay;5.0;;2025-09-25 13:03:00;2025-07-10 16:17:22.367;VZW_EMMAUS;ERP4HC2.0;ERP;SD20
SD20-16959;Request for Information;Major;P04 132 service request sepa XML ISO 20022;5.0;;2026-04-09 09:30:00;2025-12-19 14:32:46.830;VZW_EMMAUS;ERP4HC2.0;ERP;SD20
SD10-122633;Incident;Trivial;verwijderen facturatielijn bij pat;5.0;;2025-09-09 15:57:00;2025-09-09 14:31:57.673;VZW_EMMAUS;Oazis;CARE ADMIN;SD10
SD10-123541;Request for Information;Minor;PCB: vervolg op SDAZIS-8394 PCB: geldbeheer: overzicht saldo's zakgeld van de patienten ;5.0;ok;2025-10-21 13:32:00;2025-10-17 11:15:07.767;VZW_EMMAUS;Oazis;CARE ADMIN;SD10
SD10-124681;Request for Information;Trivial;contacten volledig gefactureerd maar blijven in niet gefactureerd detail komen, factuurnummers niet opgevuld in historiek contact;5.0;;2025-12-12 11:48:00;2025-12-05 14:21:06.177;VZW_EMMAUS;Oazis;CARE ADMIN;SD10
SD10-118798;Request for Configuration;Major;Opladen nieuwe DRG normen;5.0;;2025-05-14 11:06:00;2025-03-26 09:26:13.777;VZW_EMMAUS;Oazis;CARE ADMIN;SD10
SD10-119456;Request for Information;Major;Stop correcties;5.0;;2025-05-14 13:57:00;2025-04-23 09:04:45.367;VZW_EMMAUS;Oazis;CARE ADMIN;SD10
SD30-30117;Request for Information;Trivial;Heruitdrukken traceerbaar artikeletiket;5.0;;2025-03-07 09:12:00;2025-02-19 10:23:00.607;VZW_EMMAUS;Apotheek;PHARMA;SD30
SD30-30162;Request for Information;Trivial;Handleiding facturatiegroep;4.0;;2025-03-07 09:36:00;2025-02-20 16:19:00.460;VZW_EMMAUS;Apotheek;PHARMA;SD30
SD30-33222;Request for Configuration;Trivial;Aanmaken artikelnummers Actimove abdominal binder three/four panel;5.0;;2025-07-24 08:51:00;2025-07-23 15:59:03.390;VZW_EMMAUS;Apotheek;PHARMA;SD30
SD30-32864;Request for Improvement;Major;Rechtenbeheer ;2.0;Het was geen vraag, maar een suggestie die we deden naar optimalisatie van het programma. We hebben 2 fundamentele bemerkingen: enerzijds kan er bij merkingen heel eenvoudig iets worden aangevinkt zonder dat de persoon door heeft dat dit gebeurd is, maar ;2025-07-31 15:02:00;2025-07-02 10:45:52.620;VZW_EMMAUS;Apotheek;PHARMA;SD30
SD30-33352;Request for Configuration;Trivial;Facturatie UPCD/PVT Obasi -> Ma 4/8 + woe 6/8;5.0;;2025-08-07 09:07:00;2025-08-01 14:58:43.100;VZW_EMMAUS;Apotheek;PHARMA;SD30
SD30-35697;Incident;Trivial;Oude terugvorderingen kunnen niet afgewerkt worden ;4.0;;2026-01-16 14:20:00;2025-12-15 10:42:55.557;VZW_EMMAUS;Apotheek;PHARMA;SD30
SD30-35085;Incident;Trivial;Attest gekoppeld aan Reagila caps. niet correct?;5.0;;2025-11-12 16:14:00;2025-11-12 11:20:43.543;VZW_EMMAUS;Apotheek;PHARMA;SD30
SD30-35946;Request for Configuration;Trivial;Aanmaken artikelnummer buitenlands product;5.0;;2026-01-02 09:37:00;2025-12-30 14:45:15.943;VZW_EMMAUS;Apotheek;PHARMA;SD30
SD30-33816;Request for Configuration;Trivial;Facturatie UPCD via Obasi -> Woe 02/09;5.0;;2025-09-04 10:29:00;2025-09-02 17:26:49.470;VZW_EMMAUS;Apotheek;PHARMA;SD30
SD30-34900;Request for Configuration;Trivial;Facturatie van Xperthis naar Obasi;5.0;;2025-11-06 09:25:00;2025-10-31 09:30:11.093;VZW_EMMAUS;Apotheek;PHARMA;SD30
SD32-8548;Request for Configuration;Trivial;Onwaarden kw 02/2025;5.0;;2025-08-21 10:40:00;2025-07-29 14:41:29.400;TURNHOUT_AZ;ECO/BOEK;ERP;SD32
SD35-18111;Request for Configuration;Trivial;herfacturatie labo's in onderaanneming AZ Sint-Dimpna Geel ;5.0;;2025-11-20 15:36:00;2025-04-01 18:05:01.793;TURNHOUT_AZ;PADM/TARFAC;CARE ADMIN;SD35
SD35-17588;Incident;Trivial;"Foutieve arts in ""ligdagen per dossier"" in Tarfac  (ook nog van 2024)";5.0;Is op redelijk snelle manier opgelost met de nodige feedback erbij;2025-03-17 14:06:00;2025-02-12 16:12:22.730;TURNHOUT_AZ;PADM/TARFAC;CARE ADMIN;SD35
SD35-19357;Request for Configuration;Trivial;cumulverbod 471251 (spirografie)+ 471391 (ergospirometrie) : opgeheven ;5.0;;2025-10-20 23:30:00;2025-09-17 16:42:47.893;TURNHOUT_AZ;PADM/TARFAC;CARE ADMIN;SD35
SD35-18651;Request for Information;Major;Error 601;5.0;Heel veel aandacht voor onze problemen en ervoor gezorgd dat we weten hoe we het moeten aanpakken. Ook heel belangrijk dat er inkijk wordt gegeven aan wat er gewerkt wordt zodat huidige problemen zich niet meer zullen voordoen in de toekomst!;2025-07-10 15:00:00;2025-06-04 12:19:06.857;TURNHOUT_AZ;PADM/TARFAC;CARE ADMIN;SD35
SD35-19485;Incident;Trivial;error T0404 en T0467 - nieuw radio farmaceutisch product (nanoscint) ;5.0;;2025-10-27 17:02:00;2025-10-06 18:08:30.067;TURNHOUT_AZ;PADM/TARFAC;CARE ADMIN;SD35
SD10-119334;Incident;Trivial;TRANS met verkeerde campus in STAYUNIT;4.0;;2025-05-26 15:54:00;2025-04-16 09:13:18.767;TURNHOUT_AZ;Oazis;CARE ADMIN;SD10
SD10-119336;Incident;Trivial;MZG 2024/2 URGADMIN;5.0;;2025-04-28 12:59:00;2025-04-16 09:21:46.657;TURNHOUT_AZ;Oazis;CARE ADMIN;SD10
SD10-119337;Incident;Trivial;MZG 2024/2 Bestanden Procri30, 40 en 50 niet opgevuld;4.0;;2025-05-27 10:21:00;2025-04-16 09:27:52.987;TURNHOUT_AZ;Oazis;CARE ADMIN;SD10
SD10-119339;Incident;Trivial;MZG 2024/2 vraag ADTSTAT en bijkomende informatie over MZG 2024/2;5.0;;2025-04-28 13:00:00;2025-04-16 09:35:40.797;TURNHOUT_AZ;Oazis;CARE ADMIN;SD10
SD10-119360;Incident;Trivial;"MZG 2024/2 Verblijftype ""ambulante spoed"" met forfait moet in STAYHOSP ""RD"" zijn ipv ""RU"" als type en categorie verblijf";5.0;;2025-04-29 08:37:00;2025-04-16 16:48:43.173;TURNHOUT_AZ;Oazis;CARE ADMIN;SD10
SD10-119674;Incident;Trivial;"Verblijven met forfaits die toch als ""U"" verblijf worden doorgegeven (dagopnames met tijdelijke hospitalisatie op spoed)";4.0;;2025-05-26 16:08:00;2025-04-30 15:45:12.683;TURNHOUT_AZ;Oazis;CARE ADMIN;SD10
SD10-119951;Request for Configuration;Trivial;Opname- en ontslagparameters ontbreken;4.0;;2025-05-26 16:08:00;2025-05-13 14:08:39.507;TURNHOUT_AZ;Oazis;CARE ADMIN;SD10
SD10-119916;Request for Information;Trivial;verantwoordelijke GMD : huisarts / medisch huis  ;5.0;;2025-10-23 16:46:00;2025-05-12 16:24:28.420;TURNHOUT_AZ;Oazis;CARE ADMIN;SD10
SD10-119847;Incident;Trivial;Dagopnames via spoed zonder forfait moeten toch als D-verblijf worden doorgegeven;4.0;;2025-05-13 11:05:00;2025-05-08 17:41:28.697;TURNHOUT_AZ;Oazis;CARE ADMIN;SD10
SD10-118006;Request for Information;Trivial;Eerste vragen over export MZG (Oazis);3.0;Heeft lang geduurd;2025-05-13 15:46:00;2025-02-25 16:34:35.333;TURNHOUT_AZ;Oazis;CARE ADMIN;SD10
SD10-123363;Request for Information;Trivial;is onze huidige oazis versie 130.2.2.0 compatibel om over te schakelen naar APR-DRG v42 van solventum?;4.0;;2025-10-27 07:49:00;2025-10-13 09:49:31.860;TURNHOUT_AZ;Oazis;CARE ADMIN;SD10
SD32-8828;Request for Information;Minor;Wijzigingen specifieke gebruiker;5.0;;2025-10-28 08:45:00;2025-10-22 15:29:23.373;TONGEREN_VESALIUS;ECO/BOEK;ERP;SD32
SD34-754;Incident;Trivial;VG baby-data verloskwartier komen niet door na opstart KWS voor VE126;5.0;;2025-11-18 12:12:00;2025-10-29 09:53:43.160;TONGEREN_VESALIUS;IHI;BI;SD34
SD34-759;Incident;Major;Aanvraag nr 1059 van MZG staging heeft gefaald;5.0;;2025-11-24 13:14:00;2025-11-24 08:59:51.393;TONGEREN_VESALIUS;IHI;BI;SD34
SD34-760;Request for Information;Minor;Vraag ivm blokkerende fout BM4050603;5.0;;2025-12-02 08:58:00;2025-11-26 11:29:45.697;TONGEREN_VESALIUS;IHI;BI;SD34
SD35-18668;Request for Configuration;Trivial;Herfacturatie (saldo supplement) - 2 facturen;1.0;Overbodig;2025-06-06 13:37:00;2025-06-06 12:03:18.007;TONGEREN_VESALIUS;PADM/TARFAC;CARE ADMIN;SD35
SD35-19374;Incident;Major;LVZ dossiers komen niet op de lijst van a priori te registreren dossiers;4.0;;2025-10-01 12:05:00;2025-09-19 11:46:28.297;TONGEREN_VESALIUS;PADM/TARFAC;CARE ADMIN;SD35
SD35-17814;Incident;Trivial;LVZ-dossiers komen niet meer in lijst van a priori te registreren dossiers;5.0;;2025-03-24 12:06:00;2025-03-06 10:47:48.287;TONGEREN_VESALIUS;PADM/TARFAC;CARE ADMIN;SD35
SD30-29789;Incident;Critical;Online agent is niet actief;4.0;;2025-02-20 13:16:00;2025-02-04 12:45:55.057;TONGEREN_VESALIUS;Apotheek;PHARMA;SD30
SD30-29449;Request for Configuration;Trivial;Validatie factuur apotheek;5.0;;2025-02-05 12:18:00;2025-01-20 17:06:07.167;TONGEREN_VESALIUS;Apotheek;PHARMA;SD30
SD32-8456;Request for Configuration;Major;Dringend: statistiek openstaande facturen crediteuren bevraging FOD (deadline deze maand);5.0;Snel en correct;2025-07-03 11:16:00;2025-07-01 09:31:54.340;TONGEREN_VESALIUS;ECO/BOEK;ERP;SD32
SD32-7933;Request for Information;Trivial;DRUKWERK RAPPELS;4.0;;2025-03-24 09:21:00;2025-03-04 08:52:28.407;TONGEREN_VESALIUS;ECO/BOEK;ERP;SD32
SD32-7940;Request for Information;Major;Facturen in onwaarde zetten voor boekjaar 2025;5.0;;2025-04-02 08:18:00;2025-03-04 12:57:31.037;TONGEREN_VESALIUS;ECO/BOEK;ERP;SD32
SD30-34566;Request for Information;Trivial;artikel Omvoh;5.0;zeer snelle afhandeling!;2025-10-15 07:23:00;2025-10-14 09:41:19.187;MALLE_AZVOORKEMPEN;Apotheek;PHARMA;SD30
SD30-33313;Incident;Major;drukwerk 153 geeft aan arts prestatie verschilt van arts gvm/materiaal terwijl dit niet zo is;5.0;snel opgelost!;2025-07-30 16:35:00;2025-07-30 14:25:41.323;MALLE_AZVOORKEMPEN;Apotheek;PHARMA;SD30
SD20-15240;Request for Information;Trivial;Bankkey - FI01;4.0;snel antwoord;2025-07-07 13:48:00;2025-07-04 17:21:53.070;MALLE_AZVOORKEMPEN;ERP4HC2.0;ERP;SD20
SD20-15177;Incident;Major;P04-105 - 20250624105287 - ARCO INVOICE - probleem goedkeuren facturen - Deze site is niet bereikbaar;5.0;zeer snel opgepakt;2025-07-01 10:44:00;2025-06-30 11:53:55.737;MALLE_AZVOORKEMPEN;ERP4HC2.0;ERP;SD20
SD20-14228;Incident;Minor;1 rappel uit de batch is niet conform opgemaakt;5.0;;2025-04-07 13:05:00;2025-04-03 15:34:57.833;MALLE_AZVOORKEMPEN;ERP4HC2.0;ERP;SD20
SD20-13827;Incident;Major;P04 105 fout opgeladen incassolijst dd 17/2/2025 ZHAZ;4.0;;2025-03-10 08:50:00;2025-03-03 10:52:43.530;MALLE_AZVOORKEMPEN;ERP4HC2.0;ERP;SD20
SD10-124651;Incident;Critical;SJM: probleem met aanmaken contacten (amb zonder forfait) op vb Dr Ceyssens, Dr Braet, ...;4.0;Dank je wel voor jullie snelle tussenkomst in dit ticket!;2025-12-11 10:14:00;2025-12-05 09:02:33.167;MALLE_AZVOORKEMPEN;Oazis;CARE ADMIN;SD10
SD10-124020;Request for Information;Minor;IG patientgegevens gezichtje;5.0;DUIDELIJKE RUIME UITLEG EN VOORSTELLEN;2025-11-20 16:33:00;2025-11-06 09:53:15.277;MALLE_AZVOORKEMPEN;Oazis;CARE ADMIN;SD10
SD10-118124;Incident;Major;MK fout bij opladen incassolijst in Collect Online dd 17-2-2025;3.0;ticket was fout opgemaakt;2025-03-03 11:24:00;2025-03-03 08:43:00.160;MALLE_AZVOORKEMPEN;Oazis;CARE ADMIN;SD10
SD10-116532;Incident;Major;SJM: Batch jobs e-mail verificatie;4.0;OK;2025-02-10 09:19:00;2025-01-06 12:23:19.763;MALLE_AZVOORKEMPEN;Oazis;CARE ADMIN;SD10
SD10-123683;Request for Information;Trivial;prestatie 227603 22760D;5.0;vlugge en duidelijke reactie;2025-10-27 15:15:00;2025-10-23 10:00:34.720;VEURNE_AZ-WEST;Oazis;CARE ADMIN;SD10
SD10-125183;Request for Information;Minor;Knoppen in de ADT explorer aanpassen;5.0;snelle response.;2025-12-30 13:34:00;2025-12-30 12:39:41.647;VEURNE_AZ-WEST;Oazis;CARE ADMIN;SD10
SD10-125063;Request for Information;Trivial;Minor update - taak is niet uitgevoerd;4.0;Heb de instructies gevolgd. Dus kon ik zelf oplossen. Dus is goed opgezet.;2025-12-22 14:13:00;2025-12-22 12:50:48.407;VEURNE_AZ-WEST;Oazis;CARE ADMIN;SD10
SD10-124795;Incident;Major;Documentcenter - digitaal tekenen tav. Pascal De Roo;5.0;"Ik vond het super dat ik opgebeld werd om dit probleem samen via Teams te bekijken en op te lossen.
Bedankt!";2025-12-11 12:22:00;2025-12-11 10:34:31.190;VEURNE_AZ-WEST;Oazis;CARE ADMIN;SD10
SD10-122282;Incident;Trivial;EID fout 200150 leesgegevens ontbreken weigering mut ;4.0;;2025-09-30 11:07:00;2025-08-26 11:28:45.140;VEURNE_AZ-WEST;Oazis;CARE ADMIN;SD10
SD10-121930;Request for Information;Trivial;Finhosta tabel 8;5.0;snel en degelijk antwoord;2025-08-13 13:46:00;2025-08-06 15:31:16.787;VEURNE_AZ-WEST;Oazis;CARE ADMIN;SD10
SD10-121154;Request for Information;Trivial;Visit ID 125054248 - Correctie/weigering EID lezing R21 Z4 datum lezing 12/02/2020 (=begindatum van groepsnr 90313265) ipv aanwezige lezing 24/01/2025 ;5.0;;2025-09-25 10:52:00;2025-07-02 13:04:55.780;VEURNE_AZ-WEST;Oazis;CARE ADMIN;SD10
SD20-15159;Incident;Trivial;Interfacing facturatie oazis ==> ERP4HC ==> Fout ID 999;5.0;snel en correct geantwoord;2025-06-30 08:16:00;2025-06-26 12:54:07.790;VEURNE_AZ-WEST;ERP4HC2.0;ERP;SD20
SD20-14810;Request for Information;Trivial;P04 121 resultaat per kostenplaats;2.0;helpdesk vond geen oplossing, uiteindelijk zijn wij zelf op zoek gegaan en hebben we zelf de oplossing gevonden...;2025-06-23 15:50:00;2025-05-28 13:24:59.940;VEURNE_AZ-WEST;ERP4HC2.0;ERP;SD20
SD20-16653;Request for Configuration;Minor;foutcode 306 bij opladen facturatie vanuit oazis;4.0;snelle service + initiatief om bug op te lossen (weliswaar nadat probleem zich al een paar jaar voordoet);2025-11-27 10:20:00;2025-11-26 14:28:10.560;VEURNE_AZ-WEST;ERP4HC2.0;ERP;SD20
SD20-16654;Incident;Trivial;opladen facturatie oazis in ERP4HC;5.0;ok;2025-11-27 13:05:00;2025-11-26 14:46:13.997;VEURNE_AZ-WEST;ERP4HC2.0;ERP;SD20
SD20-16662;Request for Information;Trivial;Vervolg ticket SD20-16152 Afpunten mutualiteiten;2.0;Geen oplossing;2025-12-05 12:52:00;2025-11-27 11:24:31.460;VEURNE_AZ-WEST;ERP4HC2.0;ERP;SD20
SD31-5597;Incident;Trivial;Tarificatie is vastgelopen en kan niet meer gestart worden;5.0;;2025-05-06 08:33:00;2025-05-05 12:16:25.150;VEURNE_AZ-WEST;EPD;CARE;SD31
SD30-33284;Incident;Trivial;Printen lukt niet meer - foutmelding;5.0;Pharma reageert veel beter op tickets dan Oazis;2025-07-30 15:36:00;2025-07-28 16:28:06.657;VEURNE_AZ-WEST;Apotheek;PHARMA;SD30
SD30-34661;Request for Information;Trivial;Op welke basis worden de robot-zakjes aangestuurd?;5.0;top;2025-10-20 13:52:00;2025-10-17 16:09:38.930;VEURNE_AZ-WEST;Apotheek;PHARMA;SD30
SD32-8859;Incident;Trivial;Afdrukken etiketten in param;5.0;;2025-10-30 11:41:00;2025-10-30 09:29:30.710;KNOKKE-HEIST_ZENO;ECO/BOEK;ERP;SD32
SD32-8630;Incident;Critical;bestellingen gaan niet door;5.0;;2025-08-27 09:22:00;2025-08-26 15:52:40.747;KNOKKE-HEIST_ZENO;ECO/BOEK;ERP;SD32
SD32-8491;Request for Information;Major;boek008 afsluiten voor boekjaar 2024 -+ BOEKSTOP;5.0;;2025-07-18 15:17:00;2025-07-09 15:13:10.897;AZORG;ECO/BOEK;ERP;SD32
SD32-8381;Request for Information;Major;Boek 121 - fiscale fiches;5.0;;2025-06-26 09:27:00;2025-06-05 19:04:50.580;AZORG;ECO/BOEK;ERP;SD32
SD20-16753;Request for Configuration;Minor;Deactiveren Transactie binnen een Rol;4.0;Dankuwel :);2025-12-24 13:32:00;2025-12-04 16:13:29.513;AZORG;ERP4HC2.0;ERP;SD20
SD20-16873;Incident;Major;Ik kan geen MRP draaien;5.0;Bestellingen kunnen opnieuw worden uitgestuurd;2025-12-15 15:32:00;2025-12-15 09:17:58.303;AZORG;ERP4HC2.0;ERP;SD20
SD20-16165;Request for Configuration;Major;Barcodes MAGAZIJN worden niet geprint bij boeken GO;5.0;:);2025-10-22 10:57:00;2025-10-16 10:07:35.297;AZORG;ERP4HC2.0;ERP;SD20
SD20-16190;Request for Configuration;Minor;ZP toewijzen voor SSP saplogon;5.0;:);2025-10-21 17:34:00;2025-10-17 17:02:56.487;AZORG;ERP4HC2.0;ERP;SD20
SD20-16301;Incident;Minor;P02-162 ARCO 20251024558197 - Ingescande Zendnota's via de kofax scanner (Arco) in Centraal Magazijn komen niet in SAP terecht;4.0;:);2025-10-29 09:53:00;2025-10-28 12:33:08.760;AZORG;ERP4HC2.0;ERP;SD20
SD20-16154;Incident;Major;SD20-16026 printen BarCode bij inboeken van de Goederenontvngst;5.0;super service :);2025-10-15 17:15:00;2025-10-15 12:13:57.677;AZORG;ERP4HC2.0;ERP;SD20
SD20-16071;Request for Information;Minor;rol sm31;4.0;:);2025-10-15 08:53:00;2025-10-09 10:09:27.483;AZORG;ERP4HC2.0;ERP;SD20
SD20-16076;Request for Configuration;Minor;definiëren sap printer C162OVAA054 ;4.0;:);2025-10-10 14:36:00;2025-10-09 11:27:26.773;AZORG;ERP4HC2.0;ERP;SD20
SD20-16106;Request for Configuration;Minor;Toegang tot Customer Portal ERP4HC;4.0;:);2025-10-10 15:21:00;2025-10-10 13:43:27.430;AZORG;ERP4HC2.0;ERP;SD20
SD20-15571;Incident;Minor;Fout bij het goedkeuren van een ATB in SSP;5.0;:);2025-08-25 13:01:00;2025-08-12 16:40:18.317;AZORG;ERP4HC2.0;ERP;SD20
SD20-15685;Request for Configuration;Minor;saplogin AALJATHIJS ontvangt GEEN mail vwb C162 LATELEVERING > 7 DAGEN;4.0;:);2025-09-30 16:57:00;2025-08-27 12:44:54.413;AZORG;ERP4HC2.0;ERP;SD20
SD20-15694;Request for Configuration;Trivial;tegel/tranactie ME15 toevoegen aan ROL DEVFBCKXXMM;4.0;:);2025-10-13 12:21:00;2025-08-28 17:18:01.810;AZORG;ERP4HC2.0;ERP;SD20
SD20-16026;Request for Configuration;Major;Barcodes worden bij inboeken goederenontvangst nog steeds op de verkeerde printer afgedrukt;5.0;:) danke;2025-10-14 14:39:00;2025-10-06 11:33:17.957;AZORG;ERP4HC2.0;ERP;SD20
SD20-15926;Request for Configuration;Major;Graag dringend credentials om te connecteren naar de A162 SFTP server;5.0;:);2025-09-26 10:46:00;2025-09-25 16:38:03.153;AZORG;ERP4HC2.0;ERP;SD20
SD20-15884;Request for Configuration;Minor;"tegel ""aanlevering creëren"" verschijnt niet voor AALMAVANDEP";4.0;:);2025-10-01 09:19:00;2025-09-22 17:37:12.280;AZORG;ERP4HC2.0;ERP;SD20
SD20-14769;Request for Configuration;Trivial;OPLADEN ZAKELIJKE PARTNER TOEWIJZING;5.0;:);2025-06-06 14:28:00;2025-05-23 12:42:18.790;AZORG;ERP4HC2.0;ERP;SD20
SD20-15245;Request for Information;Trivial;tegel en bijhorende rol voor factuur te bekijken;5.0;snelle service;2025-07-07 12:35:00;2025-07-07 10:06:08.920;AZORG;ERP4HC2.0;ERP;SD20
SD20-15248;Request for Configuration;Trivial;Geen startbevoegdheid voor R3TR IWSV ZMM_SUPPLIER_INVOICE_MANAGE_SRV;5.0;:);2025-07-09 10:49:00;2025-07-07 12:59:32.107;AZORG;ERP4HC2.0;ERP;SD20
SD20-14073;Incident;Trivial;P02 162 ZMANAGE - weergeven csv file;4.0;;2025-03-20 11:16:00;2025-03-19 17:35:03.167;AZORG;ERP4HC2.0;ERP;SD20
SD20-14214;Request for Configuration;Major;change print port C162OVAB202;5.0;dankuwel;2025-04-03 12:15:00;2025-04-03 08:56:34.787;AZORG;ERP4HC2.0;ERP;SD20
SD20-14594;Request for Configuration;Trivial;opladen zakelijke partner toewijzing;5.0;:);2025-05-23 11:52:00;2025-05-08 17:10:20.373;AZORG;ERP4HC2.0;ERP;SD20
SD20-13567;Request for Configuration;Trivial;aanmaken sap printers mandant 162 SAP Azorg;4.0;:);2025-03-07 12:34:00;2025-02-13 16:17:03.910;AZORG;ERP4HC2.0;ERP;SD20
SD20-13419;Incident;Minor;probleem na het verwijderen van de saplogin AALRUDEPOOR;4.0;:);2025-03-12 14:56:00;2025-01-31 09:34:39.370;AZORG;ERP4HC2.0;ERP;SD20
SD20-13091;Request for Configuration;Major;permissions TC SE38 for AALWAEECKHO on P162;4.0;;2025-02-05 11:27:00;2025-01-07 17:59:30.550;AZORG;ERP4HC2.0;ERP;SD20
SD10-120393;Incident;Major;Edities - dezelfde prestaties van dezelfde patiënt verschijnen op meerdere edities;5.0;;2025-06-23 12:28:00;2025-05-29 21:51:50.620;AZORG;Oazis;CARE ADMIN;SD10
SD10-120852;Incident;Critical;SN90-4899 - Facturatiestop gehospitaliseerden;5.0;Bedankt voor de snelle service!;2025-06-20 17:16:00;2025-06-19 18:04:30.693;AZORG;Oazis;CARE ADMIN;SD10
SD10-124964;Incident;Minor;Nazicht contacten/facturaties met prestaties logopedie;5.0;Bedankt voor de genomen acties!;2025-12-26 09:30:00;2025-12-16 20:13:04.223;AZORG;Oazis;CARE ADMIN;SD10
SD10-124966;Incident;Critical;MDA bevraging in bulk met voorlopige selecties werkt niet voor de contactgroepen Extern staal Labo Pathologie en doorlopende nummers CPAP, .... ;5.0;Snelle en perfecte afhandeling!;2025-12-22 08:58:00;2025-12-16 20:54:21.353;AZORG;Oazis;CARE ADMIN;SD10
SD10-125078;Incident;Major;Facturaties rolstoeladvies VSB - factureringstype ? ;5.0;Bedankt voor de deskundige uitleg!;2025-12-26 09:30:00;2025-12-22 21:30:34.507;AZORG;Oazis;CARE ADMIN;SD10
SD10-123860;Request for Information;Minor;Nazicht lijst : FACLIST_XLS_1;5.0;Correcte afhnandeling;2025-11-29 21:36:00;2025-10-30 19:00:05.407;AZORG;Oazis;CARE ADMIN;SD10
SD10-124311;Request for Information;Minor;Vraag naar uitleg foutcode TAR116;5.0;Zeer snel en bruikbare instructies ontvangen waarvoor veel dank!;2025-11-24 09:24:00;2025-11-24 07:35:01.463;AZORG;Oazis;CARE ADMIN;SD10
SD10-119760;Incident;Minor;ERROR status bij 5 scripts na install hotfix 129.1.3 op oazt1;5.0;:);2025-05-06 14:21:00;2025-05-06 10:52:00.327;AZORG;Oazis;CARE ADMIN;SD10
SD11-24356;Incident;Major;Problème d'envoi mutuelles ;4.0;;2025-06-16 14:46:00;2025-05-19 09:22:19.230;LIEGE_NOTRE-DAME-DES-ANGES;Oazis;CARE ADMIN;SD11
SD11-24842;Incident;Major;Erreur d'ouverture suite à la mise à jour 130.1.1.0;5.0;Rapidité et efficacité !;2025-07-02 12:57:00;2025-07-02 11:45:46.827;LIEGE_NOTRE-DAME-DES-ANGES;Oazis;CARE ADMIN;SD11
SD11-25286;Request for Configuration;Major;Correction erreur encodage code Inami 477061;5.0;;2025-08-26 10:53:00;2025-08-25 09:57:40.237;LIEGE_NOTRE-DAME-DES-ANGES;Oazis;CARE ADMIN;SD11
SD11-25302;Incident;Major;Compte médecin juillet 2025;5.0;;2025-08-27 11:21:00;2025-08-26 11:49:28.230;LIEGE_NOTRE-DAME-DES-ANGES;Oazis;CARE ADMIN;SD11
SD11-25393;Incident;Trivial;contact 319134 , 725 statut 7;4.0;;2025-11-27 17:29:00;2025-09-05 10:23:43.737;LIEGE_NOTRE-DAME-DES-ANGES;Oazis;CARE ADMIN;SD11
SD11-25495;Incident;Major;Erreurs Tarfacvieuwer ;5.0;;2025-09-19 09:16:00;2025-09-17 13:01:58.607;LIEGE_NOTRE-DAME-DES-ANGES;Oazis;CARE ADMIN;SD11
SD11-25844;Request for Information;Major;Facturation;5.0;;2025-10-22 15:46:00;2025-10-22 12:45:58.047;LIEGE_NOTRE-DAME-DES-ANGES;Oazis;CARE ADMIN;SD11
SD11-26112;Incident;Major;Facturation polyclinque la clé ;5.0;;2025-11-25 09:17:00;2025-11-21 09:04:49.000;LIEGE_NOTRE-DAME-DES-ANGES;Oazis;CARE ADMIN;SD11
SD11-26398;Incident;Major;Facturation Polyclinique  11.2025;5.0;;2026-01-05 08:17:00;2025-12-29 10:20:19.720;LIEGE_NOTRE-DAME-DES-ANGES;Oazis;CARE ADMIN;SD11
SDCARE-72399;Request for Configuration;Minor;Impression multiples documents;4.0;;2025-01-13 10:58:00;2025-01-09 15:53:36.190;LIEGE_NOTRE-DAME-DES-ANGES;ZORGI CARE;CARE;SDCARE
SDCARE-72452;Version Validation Request;Major;Plan de soin proposé 2 fois;2.0;Aucune solution n'est apportée dans la version existante. Le problème est apparu suite à la mise en place d'une nouvelle version.;2025-03-10 10:43:00;2025-01-13 11:43:24.277;LIEGE_NOTRE-DAME-DES-ANGES;ZORGI CARE;CARE;SDCARE
SDCARE-72598;Request for Information;Minor;Numéro de téléphone du service dans document de transfert en urgence;4.0;;2025-02-19 10:02:00;2025-01-20 12:10:43.267;LIEGE_NOTRE-DAME-DES-ANGES;ZORGI CARE;CARE;SDCARE
SDCARE-72622;Request for Configuration;Minor;Suppression icône alerte déduite par actes infirmiers;4.0;;2025-02-05 15:38:00;2025-01-20 16:32:39.127;LIEGE_NOTRE-DAME-DES-ANGES;ZORGI CARE;CARE;SDCARE
SDCARE-72906;Request for Information;Minor;Groupements/Tris sauvegarde des choix ;5.0;;2025-02-03 14:59:00;2025-01-30 09:19:05.693;LIEGE_NOTRE-DAME-DES-ANGES;ZORGI CARE;CARE;SDCARE
SDCARE-72991;Request for Information;Minor;Validation du traitement (Fait) depuis dotation d'un autre patient;5.0;;2025-02-04 08:07:00;2025-02-03 14:08:26.733;LIEGE_NOTRE-DAME-DES-ANGES;ZORGI CARE;CARE;SDCARE
SDCARE-73086;Incident;Blocker;Plus moyen de se connecter à XCARE;5.0;;2025-02-06 08:22:00;2025-02-05 17:18:08.437;LIEGE_NOTRE-DAME-DES-ANGES;ZORGI CARE;CARE;SDCARE
SDCARE-73554;Incident;Minor;Bug SN dans cueillette service 250;4.0;;2025-03-10 08:59:00;2025-02-21 09:39:08.173;LIEGE_NOTRE-DAME-DES-ANGES;ZORGI CARE;CARE;SDCARE
SDCARE-73869;Request for Information;Minor;Récupération des données ;4.0;;2025-03-24 13:10:00;2025-03-06 16:03:17.430;LIEGE_NOTRE-DAME-DES-ANGES;ZORGI CARE;CARE;SDCARE
SDCARE-74221;Request for Configuration;Critical;Expiration certificat SSL;5.0;;2025-03-21 12:15:00;2025-03-20 14:33:19.387;LIEGE_NOTRE-DAME-DES-ANGES;ZORGI CARE;CARE;SDCARE
SDCARE-74940;Incident;Major;Connecteur APO - Xcare incohérence de stock;3.0;;2025-05-09 09:04:00;2025-04-18 09:42:07.310;LIEGE_NOTRE-DAME-DES-ANGES;ZORGI CARE;CARE;SDCARE
SDCARE-75151;Incident;Blocker;Compte bloqué;5.0;;2025-05-05 10:47:00;2025-05-02 14:03:00.657;LIEGE_NOTRE-DAME-DES-ANGES;ZORGI CARE;CARE;SDCARE
SDCARE-77354;Incident;Trivial;Appel externe à XCARE;5.0;;2025-08-06 08:46:00;2025-08-01 11:36:48.460;LIEGE_NOTRE-DAME-DES-ANGES;ZORGI CARE;CARE;SDCARE
SDCARE-78081;Request for Information;Minor;Onglets pharmacie - Routine, Urgences, A la demande pour type pharmacie;5.0;Merci;2025-09-11 09:08:00;2025-09-08 11:56:18.163;LIEGE_NOTRE-DAME-DES-ANGES;ZORGI CARE;CARE;SDCARE
SDCARE-78206;Incident;Major;Substitution et non arrêt du traitement;5.0;Bonne prise en charge;2025-09-29 09:09:00;2025-09-12 12:46:39.463;LIEGE_NOTRE-DAME-DES-ANGES;ZORGI CARE;CARE;SDCARE
SDCARE-78411;Request for Information;Minor;Impression traitement;5.0;Ok;2025-09-30 14:42:00;2025-09-22 13:14:54.580;LIEGE_NOTRE-DAME-DES-ANGES;ZORGI CARE;CARE;SDCARE
SDCARE-78941;Request for Information;Major;Traitement refusé par la pharmacienne ;5.0;;2025-10-13 09:50:00;2025-10-10 12:17:15.267;LIEGE_NOTRE-DAME-DES-ANGES;ZORGI CARE;CARE;SDCARE
SDCARE-79581;Incident;Minor;Patient sorti apparait dans le tableau blanc;5.0;;2025-11-07 11:34:00;2025-11-05 11:48:22.420;LIEGE_NOTRE-DAME-DES-ANGES;ZORGI CARE;CARE;SDCARE
SDCARE-79778;Incident;Major;Calcule réappro ;5.0;;2025-12-04 08:53:00;2025-11-14 10:03:50.103;LIEGE_NOTRE-DAME-DES-ANGES;ZORGI CARE;CARE;SDCARE
SDCARE-79954;Incident;Critical;Erreur Logs du connecteur MEDSOCCupBoards;5.0;;2025-11-21 12:11:00;2025-11-21 09:19:58.927;LIEGE_NOTRE-DAME-DES-ANGES;ZORGI CARE;CARE;SDCARE
SDCARE-80564;Request for Information;Minor;Publication automatique HUB formulaires cardio et VCN;5.0;;2026-01-05 09:13:00;2025-12-18 10:00:26.020;LIEGE_NOTRE-DAME-DES-ANGES;ZORGI CARE;CARE;SDCARE
SDCARE-79394;Request for Information;Major;Analyse antivirus sur les serveurs Prod, Acc et Dvp d'Xcare;1.0;Bonjour je n'ai pas eu de retour de cette demande et a été indiquée comme résolue;2025-12-01 09:15:00;2025-10-27 13:04:23.497;CHIMAY_CSF;ZORGI CARE;CARE;SDCARE
SDCARE-77021;Version Validation Request;Critical;unité d'administration;5.0;;2025-07-18 13:51:00;2025-07-16 15:01:33.537;CHIMAY_CSF;ZORGI CARE;CARE;SDCARE
SDCARE-74907;Request for Configuration;Major;Xstat : mdp connexion db;5.0;;2025-04-22 08:16:00;2025-04-17 10:53:06.867;CHIMAY_CSF;ZORGI CARE;CARE;SDCARE
SDCARE-73178;Deployment Request;Trivial;Chimay - Prod - 25.03.011 - jeudi 10/04 à 07h00;5.0;;2025-04-10 15:48:00;2025-02-07 13:26:22.517;CHIMAY_CSF;ZORGI CARE;CARE;SDCARE
SDCARE-72213;Request for Configuration;Major;Mise à jour des fichiers METH en Acceptance;5.0;"oups ; merci !";2025-01-03 10:55:00;2025-01-02 15:47:34.790;CHIMAY_CSF;ZORGI CARE;CARE;SDCARE
SDCARE-73713;Request for Information;Minor;Exemple de query pour une récupération des informations envoyé au RSW. ;5.0;;2025-03-11 14:27:00;2025-02-27 16:31:23.487;MOUSCRON_CH;ZORGI CARE;CARE;SDCARE
SDCARE-78587;Request for Information;Minor;Problème de messagerie;5.0;;2025-10-02 10:07:00;2025-09-29 09:49:14.777;MOUSCRON_CH;ZORGI CARE;CARE;SDCARE
SDCARE-79709;Request for Information;Major;Planner | Demande de RDV - Qui a demandé;5.0;;2025-11-12 13:50:00;2025-11-12 10:41:51.830;MOUSCRON_CH;ZORGI CARE;CARE;SDCARE
SDOPHOS-14847;Request for Configuration;Major;Modification taille du champ LIBELLE (Passerelle IMPTELEMIS);5.0;"Merci à Kévin ;-)";2025-10-07 13:52:00;2025-10-07 10:04:20.130;TOURNAI_CHWAPI;OmniPro;CARE;SDOPHOS
SDOPHOS-14814;Request for Information;Major;Urgent - Utilisation Omnipro impossible sur les ergotrons en radiologie interventionnelle;5.0;;2025-09-18 15:34:00;2025-09-04 11:28:04.117;TOURNAI_CHWAPI;OmniPro;CARE;SDOPHOS
SDOPHOS-14905;Incident;Critical;Problème de TARIFICATION d'un acte de CORO;5.0;"Merci Kévin.
Joyeuses fêtes de fin d'année 😉";2025-12-19 11:05:00;2025-12-18 09:00:00.937;TOURNAI_CHWAPI;OmniPro;CARE;SDOPHOS
SDOPHOS-14807;Request for Information;Major;Compilation d'une nouvelle version d'Omnipro;5.0;Top;2025-09-05 16:27:00;2025-08-27 12:12:14.263;BELOEIL_EPICURA;OmniPro;CARE;SDOPHOS
SDOPHOS-14690;Incident;Blocker;Omnipro impossibilité de créer des dossiers partients;2.0;;2025-05-07 11:41:00;2025-04-23 11:10:22.370;BELOEIL_EPICURA;OmniPro;CARE;SDOPHOS
SDOPHOS-14691;Incident;Blocker;Erreur passerelle ImpHospi ;1.0;;2025-04-28 14:53:00;2025-04-23 12:39:53.990;BELOEIL_EPICURA;OmniPro;CARE;SDOPHOS
SDOPHOS-14630;Incident;Trivial;Ali depuis Xperthis : erreur inconnue;1.0;;2025-03-11 00:48:00;2025-03-04 15:41:11.693;BELOEIL_EPICURA;OmniPro;CARE;SDOPHOS
SDOPHOS-14638;Request for Information;Minor;Suppression d'un courrier externe;4.0;;2025-03-10 19:45:00;2025-03-10 14:43:13.657;BELOEIL_EPICURA;OmniPro;CARE;SDOPHOS
SDOPHOS-14649;Request for Information;Minor;Vue du numéro de carte eid dans le dossier du patient;1.0;;2025-03-18 14:20:00;2025-03-18 13:45:16.770;BELOEIL_EPICURA;OmniPro;CARE;SDOPHOS
SDOPHOS-14704;Incident;Major;Problème envoiMT;1.0;Kevin : le top du support ZORGI !;2025-05-06 12:47:00;2025-05-06 10:17:38.833;BELOEIL_EPICURA;OmniPro;CARE;SDOPHOS
SDOPHOS-14710;Incident;Major;Fichiers .TEC bloqués (UM) ;1.0;;2025-05-15 14:53:00;2025-05-14 14:10:28.477;BELOEIL_EPICURA;OmniPro;CARE;SDOPHOS
SDOPHOS-14724;Incident;Trivial;Patient ne se trouvant pas dans un service;1.0;;2025-06-03 10:22:00;2025-05-23 15:38:30.267;BELOEIL_EPICURA;OmniPro;CARE;SDOPHOS
SDOPHOS-14780;Request for Information;Major;Création de patient manuel dans Omnipro;5.0;Merci hercule poirot;2025-08-05 15:20:00;2025-07-24 13:55:30.703;BELOEIL_EPICURA;OmniPro;CARE;SDOPHOS
SDOPHOS-14785;Request for Information;Trivial;Omnipro site Ath Salle d'attente  Médecine nucléaire du 25/07/2025 Patient 774972 Sej 40013950 : Souci séjour affiché;5.0;;2025-08-05 17:08:00;2025-07-28 15:25:06.110;BELOEIL_EPICURA;OmniPro;CARE;SDOPHOS
SDEPR-78181;Incident;Minor;Patient sur deux tableaux blancs au même temps;5.0;Un grand merci de votre promptitude Mme. Van Oppen. bonne journée;2025-02-14 13:08:00;2025-02-14 11:38:29.030;BELOEIL_EPICURA;H++/EPR;CARE;SDEPR
SDEPR-78232;Request for Configuration;Minor;réplication de la prod vers test ;5.0;;2025-03-05 21:49:00;2025-03-05 10:18:38.067;BELOEIL_EPICURA;H++/EPR;CARE;SDEPR
SDEPR-78236;Incident;Major;Lenteur H++;1.0;;2025-03-25 13:47:00;2025-03-05 13:31:02.603;BELOEIL_EPICURA;H++/EPR;CARE;SDEPR
SDEPR-78252;Incident;Critical;Lenteur Xperthis;1.0;;2025-03-11 01:29:00;2025-03-07 15:01:43.413;BELOEIL_EPICURA;H++/EPR;CARE;SDEPR
SDEPR-78294;Version Validation Request;Major;Message en attente vers vmdiitests01.epicura.lan;1.0;;2025-03-18 11:50:00;2025-03-18 11:23:10.663;BELOEIL_EPICURA;H++/EPR;CARE;SDEPR
SDEPR-78324;Incident;Blocker;Lenteur H++;1.0;;2025-03-24 15:25:00;2025-03-24 13:19:01.343;BELOEIL_EPICURA;H++/EPR;CARE;SDEPR
SDEPR-78405;Request for Configuration;Trivial;Autorisation domaine epicura.care appel contextuel EPR;2.0;;2025-05-12 13:40:00;2025-04-11 09:55:54.083;BELOEIL_EPICURA;H++/EPR;CARE;SDEPR
SDOPHOS-14600;Incident;Trivial;Dupliquer la passerelle import UG dans CORE;5.0;top;2025-02-07 11:15:00;2025-01-31 10:33:15.137;BELOEIL_EPICURA;OmniPro;CARE;SDOPHOS
SDOPHOS-14615;Incident;Minor;Ancrage (CTRL+ALT+A) de Dragon saute aléatoirement et Dragon ouvre sa propre fenêtre;1.0;;2025-05-19 11:22:00;2025-02-13 15:23:39.650;BELOEIL_EPICURA;OmniPro;CARE;SDOPHOS
SDEPR-78499;Incident;Minor;Absence d'envoi des médicaments dans infohos dossier 40517133;2.0;;2025-05-20 11:28:00;2025-05-07 09:31:40.827;BELOEIL_EPICURA;H++/EPR;CARE;SDEPR
SDEPR-78514;Incident;Major;Données Exacto non reprise dans Xperthis;2.0;;2025-05-28 12:51:00;2025-05-12 11:51:46.627;BELOEIL_EPICURA;H++/EPR;CARE;SDEPR
SDEPR-78528;Incident;Major;Erreur utilisateur référent EPR;5.0;;2025-06-20 09:18:00;2025-05-14 14:52:07.377;BELOEIL_EPICURA;H++/EPR;CARE;SDEPR
SDEPR-78540;Version Validation Request;Major;Environnement de test non disponible;2.0;;2025-05-19 11:25:00;2025-05-19 11:00:17.117;BELOEIL_EPICURA;H++/EPR;CARE;SDEPR
SDEPR-78541;Request for Configuration;Major;Environnement de test non disponible;2.0;;2025-05-19 11:33:00;2025-05-19 11:14:42.673;BELOEIL_EPICURA;H++/EPR;CARE;SDEPR
SDEPR-78567;Incident;Blocker;Lenteur H++;1.0;;2025-05-28 12:52:00;2025-05-28 08:53:18.333;BELOEIL_EPICURA;H++/EPR;CARE;SDEPR
SDEPR-78590;Request for Information;Minor;Information de prescription via complexe;1.0;;2025-06-05 15:46:00;2025-06-05 14:29:28.080;BELOEIL_EPICURA;H++/EPR;CARE;SDEPR
SDEPR-78467;Incident;Major;Infirmier qui n'arrive pas à encoder des examens ;1.0;;2025-04-25 11:20:00;2025-04-25 10:07:05.310;BELOEIL_EPICURA;H++/EPR;CARE;SDEPR
SDEPR-78471;Request for Configuration;Minor;Rajout d'un paramètre dans l'appel contextuel vers channel;2.0;;2025-05-20 09:28:00;2025-04-25 16:00:33.100;BELOEIL_EPICURA;H++/EPR;CARE;SDEPR
SD30-29857;Incident;Major;A nouveau le même problème avec Atosiban dans P2P;4.0;;2025-03-07 19:17:00;2025-02-06 11:50:23.187;BELOEIL_EPICURA;Apotheek;PHARMA;SD30
SD30-30139;Request for Information;Major;Spécialités importées remboursées;1.0;;2025-03-20 10:33:00;2025-02-20 09:50:01.800;BELOEIL_EPICURA;Apotheek;PHARMA;SD30
SD30-30204;Request for Configuration;Trivial;Correction dose article 0613787 -Dafalgan sol orale par mL;5.0;;2025-03-11 01:24:00;2025-02-24 12:09:08.157;BELOEIL_EPICURA;Apotheek;PHARMA;SD30
SD30-30353;Incident;Critical;Listes Infohos ne sortent plus des armoires BETRACE ( armoires des urgences HORNU);1.0;;2025-03-17 13:31:00;2025-03-03 13:09:35.500;BELOEIL_EPICURA;Apotheek;PHARMA;SD30
SD30-30329;Incident;Major;Inami médecin incorrect;1.0;;2025-03-17 10:31:00;2025-02-28 12:21:16.673;BELOEIL_EPICURA;Apotheek;PHARMA;SD30
SD30-30266;Incident;Major;SOucis NMVo;1.0;;2025-05-13 11:04:00;2025-02-26 10:20:07.507;BELOEIL_EPICURA;Apotheek;PHARMA;SD30
SD30-30278;Request for Configuration;Major;Nouvelle UDS;4.0;;2025-03-13 11:01:00;2025-02-26 16:47:12.767;BELOEIL_EPICURA;Apotheek;PHARMA;SD30
SD30-30323;Incident;Trivial;batch factu test n'a pas foinctionné;1.0;;2025-03-17 08:41:00;2025-02-28 09:55:22.073;BELOEIL_EPICURA;Apotheek;PHARMA;SD30
SD30-31341;Incident;Major;Problème de passerelle Infohos -> Xpertis ?;2.0;;2025-05-14 17:00:00;2025-04-16 16:10:54.427;BELOEIL_EPICURA;Apotheek;PHARMA;SD30
SD30-31258;Request for Configuration;Major;Adaptation des propres descritpions;2.0;;2025-05-22 13:34:00;2025-04-11 11:17:09.987;BELOEIL_EPICURA;Apotheek;PHARMA;SD30
SD30-30698;Incident;Major;Contrôle passerelles;2.0;;2025-03-24 11:49:00;2025-03-20 09:20:14.830;BELOEIL_EPICURA;Apotheek;PHARMA;SD30
SD30-29470;Incident;Major;Erreur application;1.0;;2025-05-19 09:31:00;2025-01-21 11:45:37.300;BELOEIL_EPICURA;Apotheek;PHARMA;SD30
SD30-29187;Incident;Major;"Douchette gryphon ne scan pas dans "" Purchase to Pay """;2.0;;2025-02-28 23:13:00;2025-01-08 09:14:43.830;BELOEIL_EPICURA;Apotheek;PHARMA;SD30
SD30-30089;Request for Information;Major;Suivi ticket SD30-25398;4.0;;2025-03-05 04:24:00;2025-02-18 10:53:23.393;BELOEIL_EPICURA;Apotheek;PHARMA;SD30
SD30-29745;Incident;Major;soucis Tachosil betrace;1.0;;2025-03-03 14:02:00;2025-02-03 09:09:18.540;BELOEIL_EPICURA;Apotheek;PHARMA;SD30
SD30-35731;Request for Configuration;Minor;Création article;5.0;"Très bien, merci !
Bonnes fêtes de fin d'année.";2025-12-17 08:47:00;2025-12-16 10:14:40.217;BELOEIL_EPICURA;Apotheek;PHARMA;SD30
SD30-35844;Incident;Minor;Application Rouge;5.0;"Pafait, merci !
Bonnes fêtes.";2025-12-22 10:27:00;2025-12-22 08:49:16.467;BELOEIL_EPICURA;Apotheek;PHARMA;SD30
SD30-35857;Request for Information;Major;Serveur base de données INFOHOS Production en danger ! Device DATA en forte réduction d'espace libre depuis ce matin !;5.0;;2026-01-23 11:10:00;2025-12-22 15:49:41.367;BELOEIL_EPICURA;Apotheek;PHARMA;SD30
SD30-35641;Incident;Trivial;"Application ""rouge""";5.0;Parfait !;2025-12-11 16:17:00;2025-12-11 08:52:08.873;BELOEIL_EPICURA;Apotheek;PHARMA;SD30
SD30-35494;Request for Configuration;Trivial;impossibilité de créer un compte pour ma collègue aicha aachari ;5.0;;2025-12-16 13:37:00;2025-12-03 09:35:55.677;BELOEIL_EPICURA;Apotheek;PHARMA;SD30
SD30-33111;Request for Configuration;Trivial;Support pour procedure Apot refresh DB;5.0;;2025-07-22 17:00:00;2025-07-16 11:45:51.357;BELOEIL_EPICURA;Apotheek;PHARMA;SD30
SD30-32955;Request for Configuration;Major;Renouvellement certificat HealthConnect;5.0;Top;2025-07-14 15:54:00;2025-07-07 15:59:01.420;BELOEIL_EPICURA;Apotheek;PHARMA;SD30
SD30-31997;Incident;Trivial;Médicament non déduit du stock dans infohos;2.0;;2025-05-19 15:54:00;2025-05-19 13:44:07.040;BELOEIL_EPICURA;Apotheek;PHARMA;SD30
SD30-32022;Request for Configuration;Trivial;Ajout Voie d'administration article 3206712;2.0;;2025-06-03 13:37:00;2025-05-20 12:37:26.080;BELOEIL_EPICURA;Apotheek;PHARMA;SD30
SD30-32031;Request for Configuration;Trivial;Infatrini 125 mL;1.0;;2025-06-03 15:49:00;2025-05-20 14:46:23.383;BELOEIL_EPICURA;Apotheek;PHARMA;SD30
SD30-32035;Request for Configuration;Trivial;Code ATC L01EJ04 pour article momelotinib comp use;1.0;;2025-06-03 15:56:00;2025-05-20 15:29:15.280;BELOEIL_EPICURA;Apotheek;PHARMA;SD30
SD30-31863;Request for Configuration;Trivial;Code ATC à compléter ;1.0;;2025-05-27 16:04:00;2025-05-13 15:19:17.920;BELOEIL_EPICURA;Apotheek;PHARMA;SD30
SD30-31985;Request for Information;Trivial;Nouvelle plateforme Jira;1.0;;2025-05-19 11:33:00;2025-05-19 11:02:55.493;BELOEIL_EPICURA;Apotheek;PHARMA;SD30
SD30-31990;Request for Information;Major;Changement des jours de distribution ;1.0;;2025-06-04 11:40:00;2025-05-19 12:02:51.553;BELOEIL_EPICURA;Apotheek;PHARMA;SD30
SD30-31481;Incident;Major;Impossible de me connecter (login leema1211);2.0;;2025-05-09 11:24:00;2025-04-25 10:30:39.287;BELOEIL_EPICURA;Apotheek;PHARMA;SD30
SD30-31503;Incident;Trivial;Message d'erreur lors d'une exportation vers excel;2.0;;2025-05-26 11:58:00;2025-04-25 21:25:40.777;BELOEIL_EPICURA;Apotheek;PHARMA;SD30
SD30-31463;Request for Configuration;Trivial;"Message ""Mention Batch""";2.0;;2025-05-20 11:50:00;2025-04-24 15:28:03.483;BELOEIL_EPICURA;Apotheek;PHARMA;SD30
SD30-31602;Incident;Minor;Dossier introuvable ?;2.0;;2025-05-30 13:59:00;2025-05-02 13:44:18.997;BELOEIL_EPICURA;Apotheek;PHARMA;SD30
SD30-31626;Request for Configuration;Trivial;Ajout Unité d'administration article 3211589;1.0;;2025-05-19 11:51:00;2025-05-05 11:14:59.547;BELOEIL_EPICURA;Apotheek;PHARMA;SD30
SD30-31632;Request for Configuration;Trivial;Ajout Unité d'administration article 724824;2.0;;2025-05-19 11:50:00;2025-05-05 11:40:40.607;BELOEIL_EPICURA;Apotheek;PHARMA;SD30
SD30-31637;Incident;Major;Dr CIUCU No Inami incorrect dans votre DB;1.0;;2025-05-20 10:42:00;2025-05-05 14:33:21.393;BELOEIL_EPICURA;Apotheek;PHARMA;SD30
POPHOS-17159;Bug;Trivial;Erreur lors de la récupération des TRAVAILPOUR (Java - mims-commons);1.0;;2025-03-11 00:48:00;2025-07-15 16:28:48.513;BELOEIL_EPICURA;OmniPro;CARE;POPHOS
SDCARE-78340;Request for Information;Major;Création de nouveau vaccin en urgence;5.0;très bien merci;2025-09-19 09:57:00;2025-09-18 13:59:21.037;TOURNAI_MARRONNIERS;ZORGI CARE;CARE;SDCARE
SDCARE-78711;Incident;Major;Disparition du calendrier lors de l'impression des étiquettes pour une assistante en pharmacie;5.0;;2025-10-14 14:35:00;2025-10-02 12:23:36.303;TOURNAI_MARRONNIERS;ZORGI CARE;CARE;SDCARE
SDCARE-77198;Request for Information;Minor;Impression d'une note secmed créée sur un contact temporaire;5.0;Merci;2025-07-25 14:10:00;2025-07-25 13:44:30.673;TOURNAI_MARRONNIERS;ZORGI CARE;CARE;SDCARE
SDCARE-77418;Request for Information;Major;Prob avec le champ inami dans données administratives d'un nouveau Dr qui arrive demain;5.0;très bien merci;2025-08-06 08:30:00;2025-08-05 15:49:57.317;TOURNAI_MARRONNIERS;ZORGI CARE;CARE;SDCARE
SDCARE-76498;Request for Configuration;Major;intégration de nos collaborateurs ASDAEX au nouveau ticketing Zorgi;5.0;merci;2025-07-22 11:54:00;2025-06-27 11:50:16.087;TOURNAI_MARRONNIERS;ZORGI CARE;CARE;SDCARE
SDCARE-74522;Request for Information;Minor;Module Chapitre IV - informations techniques;5.0;;2025-04-18 14:03:00;2025-04-02 15:03:01.240;TOURNAI_MARRONNIERS;ZORGI CARE;CARE;SDCARE
SDCARE-75353;Request for Configuration;Minor;Configuration , utilisateur Actif à non en TEST;5.0;;2025-06-04 13:08:00;2025-05-14 10:43:47.877;TOURNAI_MARRONNIERS;ZORGI CARE;CARE;SDCARE
SDCARE-75527;Request for Information;Minor;Flux courrier Imprimante non présente ;5.0;;2025-05-21 09:03:00;2025-05-21 07:44:39.317;TOURNAI_MARRONNIERS;ZORGI CARE;CARE;SDCARE
SDCARE-75533;Request for Information;Minor;ADT Mouvement non présent;5.0;;2025-05-27 10:39:00;2025-05-21 09:26:43.187;TOURNAI_MARRONNIERS;ZORGI CARE;CARE;SDCARE
SDCARE-75538;Request for Information;Minor;Flux courrier Imprimante non présente(2);5.0;;2025-05-22 16:11:00;2025-05-21 10:31:44.280;TOURNAI_MARRONNIERS;ZORGI CARE;CARE;SDCARE
SDCARE-72420;Version Validation Request;Major;V25.02.008 Bug lors de la Reconsiliation du séjour temporaire;5.0;;2025-01-10 17:05:00;2025-01-10 12:11:25.210;TOURNAI_MARRONNIERS;ZORGI CARE;CARE;SDCARE
SDCARE-72505;Request for Configuration;Minor;V25 - Verrouillage de compte après mauvais mdp;5.0;;2025-01-23 12:44:00;2025-01-15 14:57:19.750;TOURNAI_MARRONNIERS;ZORGI CARE;CARE;SDCARE
SDOPHOS-14654;Incident;Major;PMI données de tarification APO pas dans la bonne DB;5.0;Travail bien fait 👍;2025-04-03 14:01:00;2025-03-25 09:46:23.777;NAMUR_CHR;OmniPro;CARE;SDOPHOS
SDOPHOS-14623;Incident;Critical;Agenda Omnipro Erreur à la génération;5.0;Rapide ! Clair ! Efficace !;2025-02-21 15:19:00;2025-02-21 13:10:43.903;NAMUR_CHR;OmniPro;CARE;SDOPHOS
SDOPHOS-14883;Request for Information;Major;MAJ Wish 2502F : Analyse d'impact pour nos 2 sites;5.0;"Rapide, clair et efficace ;-)";2025-11-18 13:47:00;2025-11-17 16:23:50.577;NAMUR_CHR;OmniPro;CARE;SDOPHOS
SDOPHOS-14858;Incident;Major;passerelle d’import du dictionnaire de prescription de laboratoire;5.0;merci;2025-11-14 14:11:00;2025-10-14 10:55:59.613;NAMUR_CHR;OmniPro;CARE;SDOPHOS
SDEPR-78473;Request for Configuration;Minor;Demande de transfert de documents;5.0;;2025-05-06 13:10:00;2025-04-28 09:28:58.353;LIEGE_CHR-CITADELLE;H++/EPR;CARE;SDEPR
SDERP-20667;Incident;Major;PE2 203 CHR problème code blocage;1.0;cela ne servirait à rien...;2025-07-07 12:00:00;2025-05-30 11:47:31.433;LIEGE_CHR-CITADELLE;ERP4HC;ERP;SDERP
SDEPR-78465;Request for Configuration;Minor;Demande de transfert de document;5.0;;2025-04-28 08:50:00;2025-04-25 08:38:42.220;LIEGE_CHR-CITADELLE;H++/EPR;CARE;SDEPR
SDEPR-78244;Request for Configuration;Trivial;Demande de transfert d'un document;5.0;;2025-03-06 15:31:00;2025-03-06 12:43:58.480;LIEGE_CHR-CITADELLE;H++/EPR;CARE;SDEPR
SDEPR-78208;Request for Configuration;Minor;demande de transfert de documents;5.0;;2025-03-07 15:11:00;2025-02-25 11:06:11.593;LIEGE_CHR-CITADELLE;H++/EPR;CARE;SDEPR
SDEPR-78041;Request for Configuration;Trivial;Demande de transfert de documents;5.0;;2025-01-22 11:55:00;2025-01-10 15:30:20.050;LIEGE_CHR-CITADELLE;H++/EPR;CARE;SDEPR
SDEPR-78052;Request for Configuration;Trivial;Transfert de document;5.0;;2025-01-20 13:42:00;2025-01-14 15:00:48.730;LIEGE_CHR-CITADELLE;H++/EPR;CARE;SDEPR
SDEPR-78076;Request for Configuration;Trivial;CLONE - Demande de transfert de documents;5.0;;2025-01-29 08:45:00;2025-01-21 16:30:01.077;LIEGE_CHR-CITADELLE;H++/EPR;CARE;SDEPR
SDEPR-78107;Incident;Major;serveur de résultats erronés suite à une défusion;5.0;;2025-02-03 16:16:00;2025-01-29 15:46:45.290;LIEGE_CHR-CITADELLE;H++/EPR;CARE;SDEPR
SDEPR-78120;Request for Configuration;Minor;Demande de transferts de documents;5.0;;2025-03-26 11:19:00;2025-01-31 15:29:24.950;LIEGE_CHR-CITADELLE;H++/EPR;CARE;SDEPR
SDCARE-72481;Correction Request;Minor;Lorsque le bri de glace est en place, les icônes en regard du libellé du document disparaissent;5.0;;2025-01-14 15:16:00;2025-01-14 11:37:01.787;LIEGE_CHR-CITADELLE;ZORGI CARE;CARE;SDCARE
SDCARE-72273;Request for Configuration;Minor;Demande de transfert de courriers vers les bons comptes.;5.0;;2025-01-15 14:28:00;2025-01-07 10:08:15.997;LIEGE_CHR-CITADELLE;ZORGI CARE;CARE;SDCARE
SDCARE-72721;Incident;Minor;"Vue macro, chambre 83 en ""surcapacité""";5.0;;2025-03-03 12:17:00;2025-01-22 15:39:19.233;LIEGE_CHR-CITADELLE;ZORGI CARE;CARE;SDCARE
SDCARE-73125;Version Validation Request;Trivial;Tests 25.03.003_Filtre de date des avertissements ne fonctionnent pas correctement via le volet de droite;5.0;;2025-02-07 15:33:00;2025-02-06 13:31:43.910;LIEGE_CHR-CITADELLE;ZORGI CARE;CARE;SDCARE
SDCARE-73231;Request for Configuration;Trivial;Demande de suppression de tâches;5.0;;2025-02-28 10:18:00;2025-02-10 15:30:02.243;LIEGE_CHR-CITADELLE;ZORGI CARE;CARE;SDCARE
SDCARE-73009;Request for Information;Minor;Tests 25.03.003_Chargement automatique des résultats du HUB?;5.0;;2025-02-12 15:24:00;2025-02-04 09:38:28.907;LIEGE_CHR-CITADELLE;ZORGI CARE;CARE;SDCARE
SDCARE-73043;Version Validation Request;Minor;Tests 25.03.003_Filtre avertissements par nom de créateur ne fonctionne pas;5.0;;2025-02-18 12:10:00;2025-02-05 08:42:52.170;LIEGE_CHR-CITADELLE;ZORGI CARE;CARE;SDCARE
SDCARE-73528;Correction Request;Major;Chronomètre : arrêt à l'ouverture d'un formulaire, adapter le texte du popup;5.0;;2025-02-20 14:42:00;2025-02-20 10:23:29.327;LIEGE_CHR-CITADELLE;ZORGI CARE;CARE;SDCARE
SDCARE-73282;Incident;Major;Pas de possibilité de générer une ordonnance chez une patiente;5.0;;2025-02-20 12:36:00;2025-02-12 08:46:15.890;LIEGE_CHR-CITADELLE;ZORGI CARE;CARE;SDCARE
SDCARE-73285;Incident;Major;Impression tableau blanc salle 32 KO;5.0;;2025-02-20 15:02:00;2025-02-12 09:06:00.847;LIEGE_CHR-CITADELLE;ZORGI CARE;CARE;SDCARE
SDCARE-73313;Incident;Major;génération OMS alors que multidose présent en dotation;5.0;;2025-02-20 15:39:00;2025-02-12 15:50:12.420;LIEGE_CHR-CITADELLE;ZORGI CARE;CARE;SDCARE
SDCARE-72205;Incident;Major;Lit non proposé lors d'un drag en drop vers la salle de tri;5.0;;2025-01-31 11:05:00;2025-01-02 14:05:57.990;LIEGE_CHR-CITADELLE;ZORGI CARE;CARE;SDCARE
SDCARE-75303;Request for Configuration;Major;Erreur SAMProofIDCNKTrigger - SAMProofIDCNKProcess;5.0;Merci;2025-05-14 11:24:00;2025-05-12 15:16:24.317;LIEGE_CHR-CITADELLE;ZORGI CARE;CARE;SDCARE
SDCARE-75081;Request for Information;Minor;Que se passe-t-il au niveau du flux RSW lorsqu'on réalise un transfert d'épisodes?;5.0;;2025-05-15 13:59:00;2025-04-28 10:07:10.710;LIEGE_CHR-CITADELLE;ZORGI CARE;CARE;SDCARE
SDCARE-75107;Correction Request;Major;Accès aux formulaires en réédition alors que les accès ne le permettent pas;5.0;;2025-05-15 08:52:00;2025-04-29 11:54:00.030;LIEGE_CHR-CITADELLE;ZORGI CARE;CARE;SDCARE
SDCARE-75710;Request for Configuration;Major;Workshop Performances Cita - 16/05/25;5.0;;2025-06-04 13:23:00;2025-05-27 16:04:59.860;LIEGE_CHR-CITADELLE;ZORGI CARE;CARE;SDCARE
SDCARE-75918;Incident;Minor;génération quantité aberrante;5.0;toujours un excellent travail de Maxime Blaze.;2025-08-21 14:21:00;2025-06-06 11:23:35.457;LIEGE_CHR-CITADELLE;ZORGI CARE;CARE;SDCARE
SDCARE-74470;Incident;Major;Suppression de photo dans un dossier;5.0;;2025-04-01 11:48:00;2025-04-01 11:16:31.783;LIEGE_CHR-CITADELLE;ZORGI CARE;CARE;SDCARE
SDCARE-74519;Request for Information;Minor;Pourquoi faut-il que l'administration soit en cours pour pouvoir prescrire un bolus ?;5.0;;2025-04-07 08:13:00;2025-04-02 14:32:25.557;LIEGE_CHR-CITADELLE;ZORGI CARE;CARE;SDCARE
SDCARE-74317;Incident;Critical;discordance affichage quantité dispensée;5.0;;2025-03-27 14:22:00;2025-03-25 15:35:18.527;LIEGE_CHR-CITADELLE;ZORGI CARE;CARE;SDCARE
SDCARE-75005;Incident;Major;"Réapparition inexpliquée d'un patient DCD dans la salle ""dialyse Valdor""";5.0;;2025-04-28 11:31:00;2025-04-23 11:52:02.413;LIEGE_CHR-CITADELLE;ZORGI CARE;CARE;SDCARE
SDCARE-75019;Request for Configuration;Major;Discordance entre Care et Result;5.0;;2025-04-28 10:25:00;2025-04-23 16:25:38.773;LIEGE_CHR-CITADELLE;ZORGI CARE;CARE;SDCARE
SDCARE-74715;Incident;Trivial;edition des médicaments : affichage configuré alors que ne l'est pas;1.0;délai de prise en charge;2025-06-27 16:18:00;2025-04-09 15:11:35.277;LIEGE_CHR-CITADELLE;ZORGI CARE;CARE;SDCARE
SDCARE-73660;Incident;Minor;"Présence du ""bonhomme vert"" alors que patiente n'est pas passée à la borne";5.0;;2025-03-07 10:45:00;2025-02-26 10:16:56.790;LIEGE_CHR-CITADELLE;ZORGI CARE;CARE;SDCARE
SDCARE-73881;Incident;Minor;Message d'erreur lors de l'impression du traitement extrahospitalier;5.0;;2025-03-11 08:37:00;2025-03-07 10:22:11.297;LIEGE_CHR-CITADELLE;ZORGI CARE;CARE;SDCARE
SDCARE-73765;Incident;Major;Demande d'imagerie médicale, le PDF ne se génère pas;5.0;;2025-03-20 08:31:00;2025-03-03 11:17:12.353;LIEGE_CHR-CITADELLE;ZORGI CARE;CARE;SDCARE
SDCARE-73838;Incident;Major;Doublon de dossiers des urgences avec absence de flux secrétariat;5.0;;2025-03-06 12:38:00;2025-03-05 15:30:45.500;LIEGE_CHR-CITADELLE;ZORGI CARE;CARE;SDCARE
SDCARE-74284;Incident;Blocker;Grosses lenteurs à l'ouverture de la vue macro et de la fiche de tri depuis ce matin;5.0;;2025-03-26 09:28:00;2025-03-24 15:11:44.513;LIEGE_CHR-CITADELLE;ZORGI CARE;CARE;SDCARE
SDCARE-73904;Incident;Blocker;XpCare très très lent;5.0;;2025-03-10 15:30:00;2025-03-10 12:23:22.817;LIEGE_CHR-CITADELLE;ZORGI CARE;CARE;SDCARE
SDCARE-76409;Incident;Major;triumeq 5-60-30 : maj unité distribution venant de PHARMA ne se fait pas;5.0;maxime blaze toujours rapide, efficace et clair;2025-06-26 17:44:00;2025-06-25 11:27:46.760;LIEGE_CHR-CITADELLE;ZORGI CARE;CARE;SDCARE
SDCARE-76440;Correction Request;Trivial;message erreur dans écran pharmacie à la demande;1.0;Aucune information dans le billet pour comprendre la raison de l'existence de celui-ci.;2025-06-26 09:33:00;2025-06-26 09:18:11.797;LIEGE_CHR-CITADELLE;ZORGI CARE;CARE;SDCARE
SDCARE-76975;Incident;Major;N'arrive plus à utiliser les filtres dans la vue « courrier »;5.0;..;2025-07-15 12:38:00;2025-07-15 10:10:47.977;LIEGE_CHR-CITADELLE;ZORGI CARE;CARE;SDCARE
SDCARE-77664;Incident;Trivial;trixeo : notice KO;4.0;;2025-09-02 12:01:00;2025-08-19 16:25:18.257;LIEGE_CHR-CITADELLE;ZORGI CARE;CARE;SDCARE
SDCARE-77994;Incident;Major;"""reste d'une administration précédente"" non proposé alors qu'entame enregistrée précédemment";4.0;;2025-09-04 14:27:00;2025-09-03 14:05:32.067;LIEGE_CHR-CITADELLE;ZORGI CARE;CARE;SDCARE
SDCARE-79094;Incident;Major;génération de message OMS de commande alors que pas nécessaire;1.0;délai de traitement;2025-12-24 15:18:00;2025-10-15 14:56:11.723;LIEGE_CHR-CITADELLE;ZORGI CARE;CARE;SDCARE
SDCARE-79168;Request for Configuration;Major;Erreur dans le dossier d'une patiente;5.0;Merci pour le service!;2025-10-27 13:27:00;2025-10-17 11:19:36.710;LIEGE_CHR-CITADELLE;ZORGI CARE;CARE;SDCARE
SDCARE-79779;Request for Configuration;Major;Réinternalisation serveurs Oazis Acceptance Cita;5.0;OK;2025-11-19 14:58:00;2025-11-14 10:05:18.997;LIEGE_CHR-CITADELLE;ZORGI CARE;CARE;SDCARE
SDCARE-79862;Incident;Trivial;édition des médicaments : historique  : gestion par groupe de référence;5.0;merci michel mariman et le reste de l'équipe;2025-12-03 15:35:00;2025-11-18 10:58:22.920;LIEGE_CHR-CITADELLE;ZORGI CARE;CARE;SDCARE
SDCARE-80711;Incident;Major;Numéro INAMI d'un médecin disparait;5.0;"Réponse rapide et factuelle.
Parfait";2025-12-30 09:10:00;2025-12-29 18:00:59.377;LIEGE_CHR-CITADELLE;ZORGI CARE;CARE;SDCARE
SD30-30487;Incident;Trivial;Armoire infohos n'apparait pas dans Xcare;2.0;délais de réponse beaucoup trop long, nous avons résolu le problème nous-même.;2025-05-21 15:18:00;2025-03-10 15:49:24.013;LIEGE_CHR-CITADELLE;Apotheek;PHARMA;SD30
SD30-32183;Incident;Major;Calcul réapprovisionnement pour 7 jours et pas suivant le schéma;1.0;demande d'info si toujours un problème plus de 3 jours après le bug... Aberrant.;2025-07-01 13:26:00;2025-05-27 14:05:10.040;LIEGE_CHR-CITADELLE;Apotheek;PHARMA;SD30
SD30-33520;Request for Configuration;Trivial;renepho hors marché;3.0;;2025-08-19 14:12:00;2025-08-13 13:48:05.807;LIEGE_CHR-CITADELLE;Apotheek;PHARMA;SD30
SD30-33679;Incident;Major;patient renseigné comme sorti alors que toujours présent;1.0;manque de réactivité au regard de l'impact sur le patient.;2025-08-28 16:26:00;2025-08-26 14:02:05.383;LIEGE_CHR-CITADELLE;Apotheek;PHARMA;SD30
SD30-35195;Incident;Critical;comment modifier stock spécifique qui a été supprimé;1.0;sans déconner? le nom du patient est en capture d'écran. c'est fait ainsi depuis longtemps et le billet n'a encore jamais été annulé pour la cause!;2025-11-18 15:18:00;2025-11-18 15:05:30.807;LIEGE_CHR-CITADELLE;Apotheek;PHARMA;SD30
SD30-35867;Request for Configuration;Major;afqlir : ajout voie administration;3.0;;2025-12-24 10:21:00;2025-12-23 09:13:22.393;LIEGE_CHR-CITADELLE;Apotheek;PHARMA;SD30
SD30-35945;Incident;Trivial;absence de notice;1.0;délai de réponse = plus de 9 mois!;2025-12-18 16:55:00;2025-03-05 16:08:38.110;LIEGE_CHR-CITADELLE;Apotheek;PHARMA;SD30
SD11-25660;Request for Information;Major;Facturation des bouteilles d'eau et pseudo prestataire;5.0;;2025-10-03 11:25:00;2025-10-02 13:17:26.693;LIEGE_CHR-CITADELLE;Oazis;CARE ADMIN;SD11
SD11-26031;Request for Information;Major;rejet 500444;5.0;Réponse rapide et précise merci;2025-11-14 10:01:00;2025-11-13 15:35:58.380;LIEGE_CHR-CITADELLE;Oazis;CARE ADMIN;SD11
SD11-26146;Request for Information;Trivial;Erreur F04976 - F0996 pour facture hémodialyse rejet R501312;4.0;;2026-01-07 09:27:00;2025-11-25 11:22:15.540;LIEGE_CHR-CITADELLE;Oazis;CARE ADMIN;SD11
SD11-25591;Incident;Major;Dégradation des performances depuis le nouveau Citrix 2022;4.0;;2025-11-19 10:46:00;2025-09-26 09:51:58.723;LIEGE_CHR-CITADELLE;Oazis;CARE ADMIN;SD11
SD11-25232;Request for Configuration;Major;"Pourriez-vous sortir les données provenant de la statistique ""stats 128/129/130 via excel"" pour l'année 2024";5.0;Il a fallu un peu de temps (et plusieurs mails) mais grâce à Mr qui a bien voulu faire l'extraction, j'ai obtenu mon fichier :-) merci;2025-08-25 16:08:00;2025-08-19 09:20:12.960;LIEGE_CHR-CITADELLE;Oazis;CARE ADMIN;SD11
SD11-24745;Request for Information;Trivial;Rejet Défibrillateur pour Prescripteur non habilité à prescrire à la date de prescription;4.0;;2025-10-01 13:51:00;2025-06-25 12:27:28.957;LIEGE_CHR-CITADELLE;Oazis;CARE ADMIN;SD11
SD11-25171;Incident;Minor;admok pour hospi et signature de la da;5.0;Parfait;2025-08-14 13:57:00;2025-08-07 14:02:39.537;LIEGE_CHR-CITADELLE;Oazis;CARE ADMIN;SD11
SD11-25182;Incident;Major;je ne parviens pas à mettre la mutuelle sur le groupe de contact du patient 5284602;5.0;;2025-09-19 14:02:00;2025-08-08 11:06:17.290;LIEGE_CHR-CITADELLE;Oazis;CARE ADMIN;SD11
SD11-24193;Incident;Major;plantage sélections ambu;1.0;"Problème remonter à de nombreuses reprises depuis de nombreuses années dans de nombreux tickets.
A chaque fois Zorgi laisse trainer puis me dit que les sélections sont trop anciennes pour vérifier qlq chose.
Bref, aucune solution cherchée depuis de nombre";2025-08-25 08:35:00;2025-05-02 09:45:28.647;LIEGE_CHR-CITADELLE;Oazis;CARE ADMIN;SD11
SD30-35860;Incident;Major;Attestations approuvées depuis Touchpoint;5.0;;2025-12-23 10:47:00;2025-12-22 17:00:42.207;AUVELAIS_CHRVS;Apotheek;PHARMA;SD30
SDOPHOS-14870;Incident;Major;ouverture multiple du programme PMCleanDotPat 1.0.0;5.0;;2025-10-31 10:34:00;2025-10-30 15:21:55.870;AUVELAIS_CHRVS;OmniPro;CARE;SDOPHOS
SDOPHOS-14896;Request for Configuration;Major;Sambre : Erreur pour la création d'une nouvelle DLL mims_script;5.0;;2025-12-02 13:51:00;2025-12-02 11:51:26.900;AUVELAIS_CHRVS;OmniPro;CARE;SDOPHOS
SDOPHOS-14804;Request for Configuration;Trivial;Création de rapport;5.0;;2025-08-28 13:08:00;2025-08-26 10:03:06.197;AUVELAIS_CHRVS;OmniPro;CARE;SDOPHOS
SDOPHOS-14660;Incident;Blocker;Plantage Omnipro unité 370;5.0;;2025-03-28 15:10:00;2025-03-28 13:44:49.860;AUVELAIS_CHRVS;OmniPro;CARE;SDOPHOS
SDOPHOS-14789;Incident;Major;Erreur Core : Importation EFR;5.0;;2025-08-07 14:34:00;2025-08-06 10:46:10.010;AUVELAIS_CHRVS;OmniPro;CARE;SDOPHOS
SDOPHOS-14802;Request for Configuration;Major;Demande en lien avec le ticket fait précédemment : SDOPHOS-14753;5.0;;2025-08-27 09:33:00;2025-08-25 15:01:52.267;AUVELAIS_CHRVS;OmniPro;CARE;SDOPHOS
SDOPHOS-14733;Incident;Blocker;Courriers de consultation ne sont pas publiés sur le RSW;5.0;"Merci Kevin pour ta diligence et ton intervention rapide. Je te souhaite une excellente après-midi et d'avance bon (long) week-end. 

Bàt, 

Maxime";2025-06-05 14:59:00;2025-06-05 11:26:18.460;AUVELAIS_CHRVS;OmniPro;CARE;SDOPHOS
SDOPHOS-14737;Request for Configuration;Critical;Problème avec Tableau blanc au urgences;5.0;;2025-08-28 13:08:00;2025-06-12 10:19:20.603;AUVELAIS_CHRVS;OmniPro;CARE;SDOPHOS
SDOPHOS-14748;Request for Information;Blocker;Plus de connexion RSW;5.0;;2025-06-24 10:59:00;2025-06-24 10:34:52.557;AUVELAIS_CHRVS;OmniPro;CARE;SDOPHOS
SDOPHOS-14769;Request for Information;Major;Ajouter une image dans la barre du menu. ;5.0;;2025-07-09 11:05:00;2025-07-08 11:53:37.060;AUVELAIS_CHRVS;OmniPro;CARE;SDOPHOS
SDERP-20750;Incident;Major;P203 ZHUL CODA ;5.0;It was really well done from Marie-Pierre;2025-11-12 09:14:00;2025-11-07 15:34:03.560;LIEGE_CHU;ERP4HC;ERP;SDERP
SD11-23224;Request for Information;Major;Type_payer pour pseudocodes en sous-traitance;5.0;;2025-09-01 16:12:00;2025-02-07 15:27:00.173;LIEGE_CHU;Oazis;CARE ADMIN;SD11
SD11-24695;Request for Improvement;Trivial;PCNVIEW1 - Composant REG1_FAC_SEND - visualiser plus facilement le GATH_NUMBER , la MUTUALITY associé à un fichier;5.0;Précis, rapide, efficace.;2025-07-02 09:58:00;2025-06-20 10:49:21.167;LIEGE_CHU;Oazis;CARE ADMIN;SD11
SD11-26130;Request for Configuration;Trivial;SQL fin de mois 10/2025;5.0;-;2025-11-25 09:01:00;2025-11-24 14:27:20.453;LALOUVIERE_TIVOLI;Oazis;CARE ADMIN;SD11
SD11-25948;Request for Information;Trivial;contact sans date de sortie;4.0;;2025-11-18 13:36:00;2025-11-05 13:06:03.250;LALOUVIERE_TIVOLI;Oazis;CARE ADMIN;SD11
SD11-25980;Incident;Trivial;erreur sur une heure de sortie;5.0;réponse rapide et efficace.;2025-11-07 15:02:00;2025-11-07 09:57:10.260;LALOUVIERE_TIVOLI;Oazis;CARE ADMIN;SD11
SD11-24711;Incident;Minor;Supplément produit pharmaceutique indisponible non facturé;5.0;;2025-06-23 16:32:00;2025-06-23 10:25:38.550;LALOUVIERE_TIVOLI;Oazis;CARE ADMIN;SD11
SD11-24484;Incident;Major;ADT NISS question;1.0;;2025-06-02 08:02:00;2025-06-02 07:42:30.020;LALOUVIERE_TIVOLI;Oazis;CARE ADMIN;SD11
SD11-24510;Request for Information;Trivial;Test ADT ambulant poly Migration Infohos;5.0;top;2025-08-05 09:52:00;2025-06-03 12:02:52.197;LALOUVIERE_TIVOLI;Oazis;CARE ADMIN;SD11
SDCARE-76667;Incident;Critical;Impossible de prescrire le Deanxit à un patient en particulier;2.0;Le problème n' a pas pu être résolu , pas d'explications non plus  entre temps patient est sorti;2025-08-04 11:17:00;2025-07-03 11:19:49.367;BRUXELLES_CHIREC;ZORGI CARE;CARE;SDCARE
SDCARE-73847;Incident;Major;"Vue paramètres; différences affichage données in/out avec ""Soins"" ";3.0;;2025-03-06 09:29:00;2025-03-06 09:19:16.240;BRUXELLES_CHIREC;ZORGI CARE;CARE;SDCARE
SDCARE-75867;Incident;Major;Incohérence Type de chambre Prest et Care;4.0;;2025-06-04 17:07:00;2025-06-04 13:29:32.013;BRUXELLES_CHIREC;ZORGI CARE;CARE;SDCARE
SDCARE-75808;Incident;Critical;Type de chambre non configurés/synchronisés;5.0;Réactivité +++, compréhension et prise en charge du problème complète et solution apportée très rapidement.;2025-06-04 14:52:00;2025-06-03 10:58:20.697;BRUXELLES_CHIREC;ZORGI CARE;CARE;SDCARE
SDCARE-73079;Incident;Major;Patient présent dans 2 services différents avec 2 épisodes différents;3.0;La patiente est sortie depuis, je ne peux donc pas vérifier si cela fonctionne. La résolution a pris bcp trop de temps.;2025-02-12 13:00:00;2025-02-05 14:26:19.640;BRUXELLES_CHIREC;ZORGI CARE;CARE;SDCARE
SDCARE-72389;Incident;Minor;Flux entre xCare vers Infohos n'est pas passé;5.0;rapide claire dans les explications;2025-01-17 15:42:00;2025-01-09 14:15:00.770;BRUXELLES_CHIREC;ZORGI CARE;CARE;SDCARE
SD30-33845;Request for Information;Major;résolution d'erreurs dans batch de fcaturation;3.0;;2025-10-06 09:53:00;2025-09-04 11:51:14.347;BRUXELLES_CHIREC;Apotheek;PHARMA;SD30
SD30-33022;Request for Configuration;Major;Wegovy 1mg;5.0;résolution rapide;2025-07-11 14:29:00;2025-07-11 10:13:39.277;BRUXELLES_CHIREC;Apotheek;PHARMA;SD30
SD30-32942;Incident;Blocker;Pas de liste de distribution générée depuis 9h;4.0;"Le ticket a bien été traité en priorité vu la situation et le problème a été identifié et bien expliqué.
Le temps de résolution nous a paru long vu l'urgence de reappro des services un lundi matin mais si j'ai bien compris c'était le temps nécessaire pour";2025-07-10 09:19:00;2025-07-07 09:35:29.590;BRUXELLES_CHIREC;Apotheek;PHARMA;SD30
SD11-24569;Request for Information;Major;demande de paramétrage;5.0;impeccable, tout  s'est bien passé;2025-07-18 12:51:00;2025-06-06 15:54:00.297;BRUXELLES_CHIREC;Oazis;CARE ADMIN;SD11
SD11-24385;Incident;Major;Manque des montants quand correction avec AMCMP;5.0;Efficace;2025-07-02 08:58:00;2025-05-20 11:40:57.893;BRUXELLES_CHIREC;Oazis;CARE ADMIN;SD11
SD11-24722;Request for Information;Trivial;Requête pour identifier les envois de 727 par jour et par utilisateur;5.0;;2025-06-25 07:18:00;2025-06-24 08:45:31.050;BRUXELLES_CHIREC;Oazis;CARE ADMIN;SD11
SD11-24590;Request for Information;Trivial;Demande d'éclaircissement sur le numéro d'édition dans Oazis;5.0;réponse rapide;2025-06-11 12:45:00;2025-06-11 07:51:42.840;BRUXELLES_CHIREC;Oazis;CARE ADMIN;SD11
SD11-24797;Request for Information;Trivial;Remarque ACMPA sur prestation;5.0;Réponse et résolution rapide;2025-07-02 08:57:00;2025-06-30 10:42:35.617;BRUXELLES_CHIREC;Oazis;CARE ADMIN;SD11
SD11-25074;Request for Configuration;Minor;FA0021;5.0;.;2025-07-30 10:23:00;2025-07-28 10:57:25.097;BRUXELLES_CHIREC;Oazis;CARE ADMIN;SD11
SD11-25333;Request for Information;Trivial;Description des données transmises dans les HL7 MFN-M02;5.0;;2025-09-03 09:17:00;2025-08-28 15:59:27.167;BRUXELLES_CHIREC;Oazis;CARE ADMIN;SD11
SD11-25349;Request for Information;Trivial;Pas d'accès au sharepoint Zorgi pour mon user  ?;5.0;;2025-09-02 14:18:00;2025-09-01 10:38:29.103;BRUXELLES_CHIREC;Oazis;CARE ADMIN;SD11
SD11-25585;Request for Information;Minor;TRANS_PHA : Numéro des médecins (champ 55);5.0;;2025-10-16 16:13:00;2025-09-25 14:15:46.963;BRUXELLES_CHIREC;Oazis;CARE ADMIN;SD11
SD11-25611;Incident;Trivial;"Erreur ""lit inexistant ou pas actif"" (date de déblocage du lit = date admission patient)";5.0;merci;2025-10-07 17:21:00;2025-09-29 13:02:36.987;BRUXELLES_CHIREC;Oazis;CARE ADMIN;SD11
SD11-25428;Request for Information;Major;TAR104;4.0;;2025-12-31 08:57:00;2025-09-10 13:18:24.020;BRUXELLES_CHIREC;Oazis;CARE ADMIN;SD11
SD11-25438;Incident;Trivial;Extraction auto unités de soins down depuis installation release 130.1.1.0;5.0;;2025-09-12 16:40:00;2025-09-11 11:20:43.823;BRUXELLES_CHIREC;Oazis;CARE ADMIN;SD11
SD11-25985;Incident;Trivial;Adhoc query Néerlandais au lieu du Français depuis hier;5.0;prise en charge et solution rapide + explications complémentaires très claires;2025-11-12 17:14:00;2025-11-07 14:00:22.603;BRUXELLES_CHIREC;Oazis;CARE ADMIN;SD11
SD11-26066;Incident;Major;Messages HL7 incorrects envoyés par Oazis lorsque des mouvements temporaires sont effectués dans Care;1.0;ticket fermé lors de mes congés, pas de possibilité de réouvrir. problème Zorgi-Zorgi (XBED<->OAZIS) où il faut donner des explications au fournisseur;2025-12-17 08:34:00;2025-11-17 14:51:51.767;BRUXELLES_CHIREC;Oazis;CARE ADMIN;SD11
SD11-26237;Incident;Trivial;Contact vide pas de donnée disponible;5.0;Ras;2025-12-08 11:58:00;2025-12-04 12:18:47.253;BRUXELLES_CHIREC;Oazis;CARE ADMIN;SD11
SDCARE-72274;Incident;Minor;Extraction pédiatrie V200;5.0;merci à vous;2025-01-08 10:35:00;2025-01-07 10:12:05.960;VERVIERS_PELTZER;ZORGI CARE;CARE;SDCARE
SDCARE-72230;Incident;Trivial;Un même rapport de validation est nregistré différement;5.0;;2025-01-03 15:52:00;2025-01-03 14:13:18.910;VERVIERS_PELTZER;ZORGI CARE;CARE;SDCARE
SDCARE-72725;Request for Information;Minor;Impression dossier saisie judiciaire;5.0;;2025-05-05 11:25:00;2025-01-22 16:45:09.190;VERVIERS_PELTZER;ZORGI CARE;CARE;SDCARE
SDCARE-72639;Request for Information;Minor;Traitement avant admission - hospitalier - sortie quel est le comportement?;3.0;;2025-02-20 08:10:00;2025-01-21 11:03:01.760;VERVIERS_PELTZER;ZORGI CARE;CARE;SDCARE
SDCARE-73099;Version Validation Request;Blocker;L'heure d'enregistrement du plan de soins devient l'heure des One Shot;1.0;non finalisé;2025-02-21 14:24:00;2025-02-06 10:47:53.263;VERVIERS_PELTZER;ZORGI CARE;CARE;SDCARE
SDCARE-75806;Incident;Major;H200 surcodés;5.0;Parfait merci;2025-06-05 11:18:00;2025-06-03 10:06:09.220;VERVIERS_PELTZER;ZORGI CARE;CARE;SDCARE
SDCARE-75931;Request for Information;Trivial;XStat - lien rrn et nAdm;5.0;Un grand merci, intervention tout simplement extraordinaire de Mme Pouplier.;2025-06-13 15:07:00;2025-06-06 14:47:38.520;VERVIERS_PELTZER;ZORGI CARE;CARE;SDCARE
SDCARE-76093;Request for Information;Minor;Le lien mère-enfant apparait dans le tableau blanc;4.0;"Bonjour,
Dommage que ce n'est pas paramétrable,
Bonne journée, 
Catherine";2025-06-26 08:22:00;2025-06-13 11:48:57.517;VERVIERS_PELTZER;ZORGI CARE;CARE;SDCARE
SDCARE-75841;Incident;Blocker;Certificat expiré;5.0;Parfait ! un tout grand merci !;2025-06-04 10:55:00;2025-06-04 09:18:16.587;VERVIERS_PELTZER;ZORGI CARE;CARE;SDCARE
SDCARE-75644;Incident;Major;Le bilan hydrique se clôture à l'heure ou il a été planifié;4.0;;2025-06-27 15:34:00;2025-05-23 15:48:52.967;VERVIERS_PELTZER;ZORGI CARE;CARE;SDCARE
SDCARE-75503;Request for Information;Minor;Quel est le fonctionnement des liens PSI/TC en vue de supprimer la double arborescence des soins/paramètres?;2.0;Malheureusement pas de réponse à la question prioritaire pour moi.;2025-09-17 10:23:00;2025-05-20 11:29:32.340;VERVIERS_PELTZER;ZORGI CARE;CARE;SDCARE
SDCARE-73762;Request for Information;Minor;Activation soins multi-patients;5.0;;2025-03-17 16:49:00;2025-03-03 11:06:53.407;VERVIERS_PELTZER;ZORGI CARE;CARE;SDCARE
SDCARE-74085;Incident;Trivial;Extraction DIRHM perturbée par transfert en salle technique;5.0;;2025-03-18 12:10:00;2025-03-17 11:12:38.787;VERVIERS_PELTZER;ZORGI CARE;CARE;SDCARE
SDCARE-74364;Incident;Major;Un médicament prescrit provoque une injonction a un autre Dr;5.0;;2025-04-02 08:21:00;2025-03-26 16:00:54.770;VERVIERS_PELTZER;ZORGI CARE;CARE;SDCARE
SDCARE-76452;Incident;Major;Validation du traitement : message d'erreur;5.0;"Rapidement résolu,
merci";2025-07-02 08:21:00;2025-06-26 10:30:27.007;VERVIERS_PELTZER;ZORGI CARE;CARE;SDCARE
SDCARE-77335;Request for Information;Trivial;Dessin sur graphique pour partogramme;5.0;Parfait, clair et precis, merci bcp;2025-08-01 15:29:00;2025-07-31 17:10:24.167;VERVIERS_PELTZER;ZORGI CARE;CARE;SDCARE
SDCARE-78961;Request for Information;Minor;Fonctionnement du tableau récapitulatif dans éditeur;5.0;;2025-10-22 14:03:00;2025-10-10 16:07:33.223;VERVIERS_PELTZER;ZORGI CARE;CARE;SDCARE
SDCARE-79297;Incident;Major;Impossible de prescrire de L'Amoxiclav à un patient;5.0;;2025-10-30 09:44:00;2025-10-23 11:19:02.667;VERVIERS_PELTZER;ZORGI CARE;CARE;SDCARE
SDCARE-78722;Request for Information;Minor;Possibilité de fermeture d'acte lors d'un transfert vers un autre service;5.0;Merci;2025-10-14 11:59:00;2025-10-02 14:21:28.997;VERVIERS_PELTZER;ZORGI CARE;CARE;SDCARE
SDCARE-78762;Request for Information;Minor;Scanner bracelet patient et accès Xcare;5.0;;2025-10-09 09:32:00;2025-10-03 15:18:04.213;VERVIERS_PELTZER;ZORGI CARE;CARE;SDCARE
SDCARE-78479;Request for Information;Minor;Comment consulter l'historique des formulaires dans les transmissions ciblées (TC);5.0;;2025-10-03 14:37:00;2025-09-24 12:10:13.403;VERVIERS_PELTZER;ZORGI CARE;CARE;SDCARE
SDCARE-80478;Request for Configuration;Trivial;NIS2 - Optimisation des règle firewall - PRAC5;5.0;Parfaitement! Monsieur Delzandre a répondu à toutes mes questions avec professionnalisme. Merci à lui pour son aide.;2026-01-16 08:41:00;2025-12-15 11:35:11.007;VERVIERS_PELTZER;ZORGI CARE;CARE;SDCARE
SD30-33933;Incident;Major;Backup non effectué sur la version test;5.0;L'appel téléphonique a été très apprécié !;2025-09-09 14:57:00;2025-09-09 13:21:17.567;VERVIERS_PELTZER;Apotheek;PHARMA;SD30
SD30-34479;Incident;Trivial;L'import de la facturation des préparations flux laminaire ne se fait plus depuis le 7/10 ;5.0;;2025-10-14 10:00:00;2025-10-09 09:48:34.900;VERVIERS_PELTZER;Apotheek;PHARMA;SD30
SD30-34510;Incident;Critical;Les bons de commande n'ont pas été envoyés le 7 et 8/10;4.0;;2025-10-10 10:23:00;2025-10-10 09:03:26.927;VERVIERS_PELTZER;Apotheek;PHARMA;SD30
SD30-30291;Request for Improvement;Trivial;Afficher le nom de patient pour les mouvements de stock administration;2.0;Demande d'amélioration non prise en compte;2025-03-20 15:34:00;2025-02-27 09:59:30.350;VERVIERS_PELTZER;Apotheek;PHARMA;SD30
SD30-29409;Request for Configuration;Minor;Confuguration MFN v3 Production - CHR Verviers;4.0;;2025-02-25 10:32:00;2025-01-17 11:46:59.847;VERVIERS_PELTZER;Apotheek;PHARMA;SD30
SD30-34729;Incident;Blocker;on ne sait plus tracer implants;5.0;;2025-10-22 11:55:00;2025-10-22 08:59:00.473;MONS_AMBROISE;Apotheek;PHARMA;SD30
SD30-33306;Incident;Major;problème enregistrement patient;1.0;le problème n'a pas été résolu;2025-10-17 16:12:00;2025-07-30 08:45:47.657;MONS_AMBROISE;Apotheek;PHARMA;SD30
SDCARE-74008;Incident;Major;Edition médicament - l'enregistrement ne fonctionne pas ;4.0;;2025-03-13 13:35:00;2025-03-12 16:30:31.640;MONS_AMBROISE;ZORGI CARE;CARE;SDCARE
SDCARE-74531;Request for Configuration;Blocker;V25 : Appel à Xero (imagerie);5.0;Travailler avec Sébastien est un plaisir. Il semble comprendre nos difficultés et les corrige tout en expliquant pourquoi certaines choses ne peuvent pas fonctionner...Merci à lui !!;2025-05-27 11:02:00;2025-04-02 16:28:27.433;BRUXELLES_BRUGMANN;ZORGI CARE;CARE;SDCARE
SDCARE-74747;Request for Information;Major;Doc technique concernant les connecteurs;4.0;Thanks;2025-05-15 12:45:00;2025-04-10 13:47:21.273;BRUXELLES_BRUGMANN;ZORGI CARE;CARE;SDCARE
SDCARE-75240;Incident;Major;Mes tâches - Validation par Sélection multiple ne fonctionne pas : aucune alerte à valider;5.0;Réponse rapide et efficace à ce point;2025-05-09 10:01:00;2025-05-08 11:01:03.483;BRUXELLES_BRUGMANN;ZORGI CARE;CARE;SDCARE
SDCARE-74864;Request for Configuration;Minor;Demande de spécifications techniques pour les futurs environnements XCare;5.0;Merci pour votre réactivité  :-);2025-06-02 09:26:00;2025-04-15 16:39:21.097;BRUXELLES_BRUGMANN;ZORGI CARE;CARE;SDCARE
SDCARE-72297;Request for Configuration;Trivial;Amélioration espace disque;5.0;Merci pour votre implication :-);2025-01-29 09:19:00;2025-01-07 15:21:31.397;BRUXELLES_BRUGMANN;ZORGI CARE;CARE;SDCARE
SDCARE-80029;Incident;Blocker;Basculement de nœud en production Brugmann 01 > 02 : IRIS arrêté sur DB01;5.0;Merci pour votre réactivité;2025-11-25 13:00:00;2025-11-25 11:36:12.347;BRUXELLES_BRUGMANN;ZORGI CARE;CARE;SDCARE
SDCARE-80139;Request for Configuration;Minor;Problème de conversion Neevia dans l’environnement d’acceptance (BRDPITOOLSACC);4.0;Thanks;2025-12-16 12:02:00;2025-12-01 10:37:42.997;BRUXELLES_BRUGMANN;ZORGI CARE;CARE;SDCARE
SDCARE-80203;Incident;Blocker;XCare Brugmann inaccessible ;4.0;Je salue la réactivité de notre SDM Caroline L., et l’efficacité de Bertrand L.;2025-12-03 08:35:00;2025-12-02 18:02:23.563;BRUXELLES_BRUGMANN;ZORGI CARE;CARE;SDCARE
SDCARE-78329;Version Validation Request;Critical;Multiplication d’instances IRIS Kernel :  Environnement acceptance Brugmann (BRDPICAREACC2);4.0;Thanks;2025-09-18 13:29:00;2025-09-18 11:35:58.220;BRUXELLES_BRUGMANN;ZORGI CARE;CARE;SDCARE
SDCARE-77814;Incident;Major;Erreurs récurrentes InfohosAdministrationExport - Analyse d'impact requise;4.0;Thanks :-);2025-09-01 09:30:00;2025-08-26 11:33:56.037;BRUXELLES_BRUGMANN;ZORGI CARE;CARE;SDCARE
SDCARE-79234;Request for Configuration;Minor;Anciens serveurs à décommissionner;4.0;Thanks;2025-12-11 10:19:00;2025-10-21 10:34:24.223;BRUXELLES_BRUGMANN;ZORGI CARE;CARE;SDCARE
SDCARE-76248;Incident;Blocker;Échec du basculement des nœuds de production XCare Brugmann : Demande d’assistance;5.0;Thanks pour Frédéric :-);2025-06-19 13:10:00;2025-06-19 12:21:10.143;BRUXELLES_BRUGMANN;ZORGI CARE;CARE;SDCARE
SD30-35252;Request for Configuration;Major;Problème d’impression des codes-barres sur imprimantes Zebra GK420d;4.0;Merci pour votre support :-);2026-03-05 07:08:00;2025-11-20 13:31:35.493;BRUXELLES_BRUGMANN;Apotheek;PHARMA;SD30
SD30-35692;Request for Information;Major;Demande d'analyse des impacts liés à la version 2503 de Wish;4.0;Merci;2025-12-22 09:48:00;2025-12-15 08:56:12.847;BRUXELLES_BRUGMANN;Apotheek;PHARMA;SD30
SDCARE-76391;Project;Major;Appel contextuel d'XCare depuis un autre applicatif;5.0;;2025-07-15 12:13:00;2025-06-24 15:16:01.077;NAMUR_CHU;ZORGI CARE;CARE;SDCARE
SDCARE-78208;Project;Minor;Connecteur ADT : STF-11 et adresse mail;5.0;;2025-09-16 16:00:00;2025-09-12 13:49:54.257;NAMUR_CHU;ZORGI CARE;CARE;SDCARE
SDOPHOS-14624;Request for Information;Major;PMI Omnipro : tracer utilisation Schémas;5.0;Comme toujours, rien à redire;2025-02-26 14:24:00;2025-02-25 13:08:32.170;NAMUR_CHU;OmniPro;CARE;SDOPHOS
SDOPHOS-14904;Incident;Blocker;Omnipro : Ordonnance ne s'envoie pas sur RECIP-e;5.0;Merci;2025-12-19 12:25:00;2025-12-17 17:09:48.643;NAMUR_CHU;OmniPro;CARE;SDOPHOS
SDCARE-77993;Incident;Major;Dans l'onglet doc médical il prend le plus ancien date de creation du formulaire;4.0;;2025-10-07 13:43:00;2025-09-03 13:57:03.653;BRUXELLES_ST-PIERRE;ZORGI CARE;CARE;SDCARE
SDCARE-78787;Incident;Major;Utilisateur corrompu ? Extrême lenteur et écran incomplet;5.0;Merci Samy !;2025-10-06 13:55:00;2025-10-06 11:10:44.850;BRUXELLES_ST-PIERRE;ZORGI CARE;CARE;SDCARE
SDCARE-78822;Correction Request;Trivial;Le nom du prescripteur se téléscope avec la date de début de traitement;5.0;Réponse très rapide, merci;2025-10-07 11:47:00;2025-10-07 11:40:13.383;BRUXELLES_ST-PIERRE;ZORGI CARE;CARE;SDCARE
SDCARE-79447;Request for Configuration;Minor;Appel XSL;5.0;Analyse de la situation très complète.;2025-12-03 11:02:00;2025-10-28 21:00:55.677;BRUXELLES_ST-PIERRE;ZORGI CARE;CARE;SDCARE
SDCARE-79053;Request for Configuration;Minor;Erreur d'intégration (DOCUMENTS3) pour numéro de séjour non trouvé pour le patient: intégrer sur un événement manuel;5.0;Merci !;2025-12-08 08:29:00;2025-10-14 15:44:40.063;BRUXELLES_ST-PIERRE;ZORGI CARE;CARE;SDCARE
SDCARE-77017;Incident;Critical;Pas de RAS envoyé. Urgent ! (USI);5.0;"Merci à Timothy pour sa réactivité et son appel !
Très apprécié !";2025-07-16 15:36:00;2025-07-16 13:38:10.303;BRUXELLES_ST-PIERRE;ZORGI CARE;CARE;SDCARE
SDCARE-77689;Request for Configuration;Minor;Supprimer les locks sur une liste de médicaments pour la classe ATC;5.0;Merci!;2025-09-04 15:14:00;2025-08-20 12:55:44.620;BRUXELLES_ST-PIERRE;ZORGI CARE;CARE;SDCARE
SDCARE-80318;Incident;Major;"Patient non présent dans ""Mes patients""";5.0;;2026-01-23 10:46:00;2025-12-05 12:55:27.020;BRUXELLES_ST-PIERRE;ZORGI CARE;CARE;SDCARE
SDCARE-72910;Incident;Critical;Ordonnance hybride: une page recip-e et une  page à l'ancien format;5.0;Merci pour les informations rapides !;2025-01-30 14:34:00;2025-01-30 10:10:28.073;BRUXELLES_ST-PIERRE;ZORGI CARE;CARE;SDCARE
SDCARE-72953;Incident;Major;Document qui bloque à l'ouverture;2.0;;2025-04-10 08:30:00;2025-01-31 09:53:31.443;BRUXELLES_ST-PIERRE;ZORGI CARE;CARE;SDCARE
SDCARE-76010;Incident;Critical;Affichage XCare (très) réduit lorsque connexion à distance;5.0;;2025-06-11 13:17:00;2025-06-11 12:50:31.267;BRUXELLES_ST-PIERRE;ZORGI CARE;CARE;SDCARE
SDCARE-75837;Incident;Major;Fusion de dossier ne passe pas;5.0;;2025-06-11 15:41:00;2025-06-04 07:48:09.817;BRUXELLES_ST-PIERRE;ZORGI CARE;CARE;SDCARE
SDCARE-74814;Request for Configuration;Major;Afficher une communication à l'entrée de XCare;5.0;;2025-04-28 09:05:00;2025-04-14 14:13:55.803;BRUXELLES_ST-PIERRE;ZORGI CARE;CARE;SDCARE
SDCARE-74821;Version Validation Request;Blocker;URGENT : sp1151test non accessible;5.0;;2025-04-15 10:26:00;2025-04-14 16:03:38.353;BRUXELLES_ST-PIERRE;ZORGI CARE;CARE;SDCARE
SDCARE-73772;Request for Information;Minor;Console EAI Ancienne architecture;5.0;Merci Ingrid pour vos efforts!;2025-03-13 14:58:00;2025-03-03 13:40:22.657;BRUXELLES_ST-PIERRE;ZORGI CARE;CARE;SDCARE
SDOPHOS-14670;Request for Information;Minor;OP'Continuity;5.0;;2025-04-09 13:09:00;2025-04-07 08:52:24.547;HERSTAL_AR;OmniPro;CARE;SDOPHOS
SDEPR-78123;Request for Configuration;Major;création d'un compte pour accès aux tickets Xperthis;5.0;encore merci;2025-02-05 18:27:00;2025-02-04 07:39:53.530;GENEVE_AZ;H++/EPR;CARE;SDEPR
SDEPR-78425;Incident;Blocker;PLUS DE CONNECTION DPI;4.0;;2025-04-17 09:57:00;2025-04-17 07:22:30.817;GENEVE_AZ;H++/EPR;CARE;SDEPR
SDEPR-78335;Request for Configuration;Minor;création d'un compte pour accès tickets Xperthis;5.0;;2025-04-01 17:10:00;2025-03-27 10:49:46.237;GENEVE_AZ;H++/EPR;CARE;SDEPR
SDPROV-69;Incident;Blocker;PROVISU: impossibilité de valider à la fermeture;5.0;;2025-04-11 10:35:00;2025-04-10 16:11:49.840;GOSSELIES_CNDG;Provisu;CARE;SDPROV
SDCARE-73885;Incident;Critical;DRUG impossibilité de prescrire Atacand plus en boîte de 98 cp;4.0;;2025-03-11 13:52:00;2025-03-07 11:35:58.160;GOSSELIES_CNDG;ZORGI CARE;CARE;SDCARE
SDCARE-73898;Request for Information;Major;Service/Cfrais : type de service;4.0;;2025-03-10 16:39:00;2025-03-10 10:58:06.557;GOSSELIES_CNDG;ZORGI CARE;CARE;SDCARE
SDCARE-73724;Incident;Blocker;Lenteur Xcare dans toutes les manipulations;5.0;;2025-02-28 17:14:00;2025-02-28 09:44:18.857;GOSSELIES_CNDG;ZORGI CARE;CARE;SDCARE
SDCARE-73698;Request for Information;Minor;Est-il possible, pour une médecin, de supprimer une prescription de kiné Paramed?;5.0;;2025-03-10 09:39:00;2025-02-27 11:58:45.730;GOSSELIES_CNDG;ZORGI CARE;CARE;SDCARE
SDCARE-73583;Correction Request;Major;CLONE - Affichage Bilan hydrique des volumes dans une plaie/appareillage aléatoire;5.0;;2025-02-24 09:22:00;2025-02-24 09:14:24.710;GOSSELIES_CNDG;ZORGI CARE;CARE;SDCARE
SDCARE-74289;Version Validation Request;Critical;"Absence de l'icône ""résumé clinique"" dans le BDD";5.0;;2025-03-25 08:31:00;2025-03-24 16:43:09.433;GOSSELIES_CNDG;ZORGI CARE;CARE;SDCARE
SDCARE-74229;Request for Configuration;Minor;Emplacement données impossible à préciser dans un formulaire;5.0;Super! Merci pour l'aide apportée.;2025-04-09 11:46:00;2025-03-20 16:54:43.343;GOSSELIES_CNDG;ZORGI CARE;CARE;SDCARE
SDCARE-74233;Request for Configuration;Minor;Paramed : Impossibilité d'associer certains kinés à une équipe paramédicale;5.0;;2025-03-21 10:30:00;2025-03-21 09:18:49.307;GOSSELIES_CNDG;ZORGI CARE;CARE;SDCARE
SDCARE-74249;Incident;Critical;Impossibilité de supprimer un traitement prescrit en préadmission;5.0;"Super!Un tout grand merci pour cette résolution rapide.
Bàv";2025-03-21 16:09:00;2025-03-21 15:36:12.550;GOSSELIES_CNDG;ZORGI CARE;CARE;SDCARE
SDCARE-74250;Request for Information;Minor;Validation du traitement uniquement au transfert;4.0;;2025-03-25 15:07:00;2025-03-21 15:58:07.770;GOSSELIES_CNDG;ZORGI CARE;CARE;SDCARE
SDCARE-74267;Request for Information;Minor;Comment réaliser une substitution pour les prescriptions en préadmission;4.0;;2025-04-17 08:59:00;2025-03-24 10:39:11.740;GOSSELIES_CNDG;ZORGI CARE;CARE;SDCARE
SDCARE-74101;Correction Request;Trivial;Traitement extra-hospitalier : Affichage incomplet via bandeau droit;5.0;Parfait, merci pour le suivi;2025-03-17 14:45:00;2025-03-17 14:35:40.797;GOSSELIES_CNDG;ZORGI CARE;CARE;SDCARE
SDCARE-73875;Correction Request;Major;"Paramed : Affichage inadéquat du motif de prescription venant de la fiche santé dans ""Mes tâches""";4.0;;2025-03-10 09:15:00;2025-03-07 09:05:39.003;GOSSELIES_CNDG;ZORGI CARE;CARE;SDCARE
SDCARE-73986;Request for Information;Minor;Techniques paramédicales;5.0;;2025-03-13 09:16:00;2025-03-12 11:39:05.260;GOSSELIES_CNDG;ZORGI CARE;CARE;SDCARE
SDCARE-74665;Version Validation Request;Major;Réponse à une demande d'avis : uniquement via prise en charge pour certaines;4.0;;2025-04-18 09:47:00;2025-04-08 12:22:03.280;GOSSELIES_CNDG;ZORGI CARE;CARE;SDCARE
SDCARE-74791;Request for Configuration;Minor;" Remise à zéro du compteur ""mes docs""";5.0;;2025-04-28 09:42:00;2025-04-14 09:28:01.110;GOSSELIES_CNDG;ZORGI CARE;CARE;SDCARE
SDCARE-74754;Incident;Major;"Réponse à une demande d'avis : Disparition du ""+"" dans la fenêtre des tâches";4.0;;2025-04-18 09:36:00;2025-04-11 08:55:38.743;GOSSELIES_CNDG;ZORGI CARE;CARE;SDCARE
SDCARE-74760;Incident;Major;Textes à trous liés à la zone s'implémentant dans les textes à trou personnels;5.0;;2025-04-23 10:10:00;2025-04-11 11:06:31.033;GOSSELIES_CNDG;ZORGI CARE;CARE;SDCARE
SDCARE-75034;Incident;Blocker;Plaie d'arthroscopie n'apparaissant pas dans le rapport de remise de service;5.0;Parfait merci!;2025-04-24 14:49:00;2025-04-24 11:09:29.200;GOSSELIES_CNDG;ZORGI CARE;CARE;SDCARE
SDCARE-74949;Incident;Critical;Doses grisées malgré reprise de traitement + disparition de la dose matinale;4.0;Merci pour cette réponse rapide.;2025-04-18 15:12:00;2025-04-18 14:30:18.233;GOSSELIES_CNDG;ZORGI CARE;CARE;SDCARE
SDCARE-74613;Request for Configuration;Major;Dossier affiché dans le portail unité de soins alors que sorti;4.0;;2025-04-09 15:05:00;2025-04-07 10:18:57.327;GOSSELIES_CNDG;ZORGI CARE;CARE;SDCARE
SDCARE-74652;Version Validation Request;Major;Pseudo-codes;1.0;;2025-05-28 15:28:00;2025-04-08 10:26:11.513;GOSSELIES_CNDG;ZORGI CARE;CARE;SDCARE
SDCARE-74205;Correction Request;Minor;"Onglet ""En cours"" ne s'affiche pas via l'historique";5.0;;2025-03-20 12:00:00;2025-03-20 09:10:27.737;GOSSELIES_CNDG;ZORGI CARE;CARE;SDCARE
SDCARE-74489;Incident;Major;Sortie ADT 03 en erreur pour un séjour;5.0;;2025-04-10 16:00:00;2025-04-01 14:56:52.937;GOSSELIES_CNDG;ZORGI CARE;CARE;SDCARE
SDCARE-74346;Incident;Minor;CLONE - Comment réaliser une substitution pour les prescriptions en préadmission;4.0;;2025-03-26 15:27:00;2025-03-26 13:43:39.700;GOSSELIES_CNDG;ZORGI CARE;CARE;SDCARE
SDCARE-75921;Incident;Major;Traitement mis en pause impossible à arrêter;5.0;;2025-06-06 15:18:00;2025-06-06 11:54:46.123;GOSSELIES_CNDG;ZORGI CARE;CARE;SDCARE
SDCARE-75506;Incident;Minor;Champs structurés non récupérés dans un formulaire;5.0;Parfait, grand merci;2025-05-27 16:00:00;2025-05-20 12:07:05.167;GOSSELIES_CNDG;ZORGI CARE;CARE;SDCARE
SDCARE-75495;Incident;Major;Impossible de récupérer un document invalidé;5.0;Parfait! Merci;2025-05-20 14:11:00;2025-05-20 09:30:46.143;GOSSELIES_CNDG;ZORGI CARE;CARE;SDCARE
SDCARE-75694;Incident;Critical;Indisponibilité des PSI;5.0;;2025-05-27 19:46:00;2025-05-27 11:37:57.323;GOSSELIES_CNDG;ZORGI CARE;CARE;SDCARE
SDCARE-75655;Request for Configuration;Major;Calcul non réalisé si la virgule du clavier numérique est utilisée;5.0;Parfait! Un tout grand merci!;2025-05-27 16:26:00;2025-05-26 10:09:00.247;GOSSELIES_CNDG;ZORGI CARE;CARE;SDCARE
SDCARE-75663;Incident;Critical;Erreur récupération documents RSW;5.0;;2025-05-26 14:47:00;2025-05-26 14:12:40.183;GOSSELIES_CNDG;ZORGI CARE;CARE;SDCARE
SDCARE-75761;Incident;Major;Rapport d'hospitalisation gastro : Non mise à jour du projet thérapeutique ;5.0;"Analyse rapide et explications claires.
Merci !";2025-05-30 16:56:00;2025-05-30 15:35:45.843;GOSSELIES_CNDG;ZORGI CARE;CARE;SDCARE
SDCARE-75762;Incident;Major;Rapport d'hospitalisation gastro : Non mise à jour du traitement de sortie;5.0;Rapide et efficace;2025-05-30 16:57:00;2025-05-30 16:05:19.383;GOSSELIES_CNDG;ZORGI CARE;CARE;SDCARE
SDCARE-75463;Version Validation Request;Blocker;impossibilité de se connecter;5.0;;2025-05-19 09:46:00;2025-05-19 09:04:35.437;GOSSELIES_CNDG;ZORGI CARE;CARE;SDCARE
SDCARE-75478;Correction Request;Major;Substitution : médicament à substituer non présent dans les schémas proposés à la recherche;4.0;;2025-05-30 11:41:00;2025-05-19 13:56:01.763;GOSSELIES_CNDG;ZORGI CARE;CARE;SDCARE
SDCARE-75559;Incident;Blocker;Source Wish en erreur;5.0;Parfait, merci beaucoup!;2025-05-21 16:51:00;2025-05-21 15:17:42.110;GOSSELIES_CNDG;ZORGI CARE;CARE;SDCARE
SDCARE-75579;Correction Request;Critical;Document temporaire impossible à modifier;5.0;;2025-05-26 16:30:00;2025-05-22 09:48:58.077;GOSSELIES_CNDG;ZORGI CARE;CARE;SDCARE
SDCARE-75319;Request for Information;Major;T.B. : Possibilité de cacher les informations patient VIP;5.0;;2025-05-13 11:28:00;2025-05-13 10:07:35.707;GOSSELIES_CNDG;ZORGI CARE;CARE;SDCARE
SDCARE-75321;Incident;Major;Substitution : médicament à substituer non présent dans les schémas proposés à la recherche;4.0;;2025-05-19 14:31:00;2025-05-13 10:10:59.247;GOSSELIES_CNDG;ZORGI CARE;CARE;SDCARE
SDCARE-75216;Incident;Blocker;Nombreux médicaments inaccessibles à la prescription extra-hospitalière ;5.0;Parfait! Merci pour cette correction;2025-05-07 15:21:00;2025-05-07 09:54:48.407;GOSSELIES_CNDG;ZORGI CARE;CARE;SDCARE
SDCARE-75246;Incident;Critical;Format de prescription : bug?;5.0;;2025-05-09 09:13:00;2025-05-08 12:00:29.680;GOSSELIES_CNDG;ZORGI CARE;CARE;SDCARE
SDCARE-75153;Incident;Critical;Ecran monitoring : Erreur à l'enregistrement des paramètres;5.0;Parfait! Merci pour cette résolution rapide.;2025-05-02 15:23:00;2025-05-02 14:51:04.017;GOSSELIES_CNDG;ZORGI CARE;CARE;SDCARE
SDCARE-75146;Incident;Major;Conditionnement Paracétamol EG non proposé à la prescription;5.0;Parfait merci;2025-05-21 08:48:00;2025-05-02 09:12:21.837;GOSSELIES_CNDG;ZORGI CARE;CARE;SDCARE
SDCARE-75099;Incident;Major;Traitement mis en pause : apparaissant toujours en cours ;5.0;"Merci pour cette explication rapide.
Belle journée";2025-04-29 11:11:00;2025-04-29 09:32:44.517;GOSSELIES_CNDG;ZORGI CARE;CARE;SDCARE
SDCARE-72207;Incident;Major;Lenteur générale Xcare;5.0;;2025-01-02 16:35:00;2025-01-02 14:09:30.910;GOSSELIES_CNDG;ZORGI CARE;CARE;SDCARE
SDCARE-72972;Request for Configuration;Major;Liaison Profils DI/ profils droits d'accès en PROD;5.0;;2025-02-19 07:55:00;2025-01-31 16:34:07.683;GOSSELIES_CNDG;ZORGI CARE;CARE;SDCARE
SDCARE-72975;Request for Configuration;Minor;Adaptation XSL labos intermédiaires (non validés par le biologiste);4.0;;2025-02-07 06:58:00;2025-02-03 08:25:14.720;GOSSELIES_CNDG;ZORGI CARE;CARE;SDCARE
SDCARE-72646;Incident;Trivial;"Mes tâches : Demandes terminées : filtre ""Cacher""/""Afficher"" non conservé";3.0;Merci pour l'information;2025-02-14 11:55:00;2025-01-21 11:37:51.637;GOSSELIES_CNDG;ZORGI CARE;CARE;SDCARE
SDCARE-72346;Incident;Critical;Remontée des visites Provisu vers Care: pas de pdf visibles;5.0;;2025-01-10 12:29:00;2025-01-08 16:34:24.233;GOSSELIES_CNDG;ZORGI CARE;CARE;SDCARE
SDCARE-72510;Request for Configuration;Minor;Absence d'information de contact lors des prescriptions par bandeau droit;5.0;Parfait, merci;2025-01-17 09:56:00;2025-01-15 16:54:05.343;GOSSELIES_CNDG;ZORGI CARE;CARE;SDCARE
SDCARE-73207;Incident;Critical;Dossiers de secours vides;5.0;;2025-02-11 13:35:00;2025-02-10 11:31:35.127;GOSSELIES_CNDG;ZORGI CARE;CARE;SDCARE
SDCARE-73148;Request for Configuration;Minor;CLONE - Adaptation XSL labos intermédiaires (non validés par le biologiste);5.0;;2025-02-19 09:04:00;2025-02-07 08:59:48.567;GOSSELIES_CNDG;ZORGI CARE;CARE;SDCARE
SDCARE-73312;Version Validation Request;Major;Dossier de prise en charge non visualisé dans le programme journalier;4.0;;2025-03-10 14:04:00;2025-02-12 15:23:54.597;GOSSELIES_CNDG;ZORGI CARE;CARE;SDCARE
SDCARE-73363;Incident;Minor;"Infobulle des patients en isolement ""clignote"" dans le tableau blanc";5.0;;2025-02-20 10:21:00;2025-02-13 15:42:44.753;GOSSELIES_CNDG;ZORGI CARE;CARE;SDCARE
SDCARE-73546;Incident;Major;CLONE - Affichage Bilan hydrique des volumes dans une plaie/appareillage aléatoire;5.0;;2025-02-24 09:22:00;2025-02-20 15:27:33.217;GOSSELIES_CNDG;ZORGI CARE;CARE;SDCARE
SDCARE-73429;Incident;Major;Impossibilité de modifier un traitement prescrit sur une préadmission;5.0;Parfait! Merci bcp;2025-02-17 15:25:00;2025-02-17 12:57:23.710;GOSSELIES_CNDG;ZORGI CARE;CARE;SDCARE
SDCARE-80485;Incident;Blocker;Impossible d'administrer des soins à un patient : Numéro de séjour POL (ambulant) prenant le dessus sur séjour hospitalier;5.0;;2025-12-15 16:21:00;2025-12-15 13:53:08.107;GOSSELIES_CNDG;ZORGI CARE;CARE;SDCARE
SDCARE-80536;Incident;Major;Erreur écran de monitoring : paramètres impossible à valider pour une patiente;5.0;Parfait! Merci pour la résolution et les explications.;2025-12-17 12:14:00;2025-12-17 09:50:09.907;GOSSELIES_CNDG;ZORGI CARE;CARE;SDCARE
SDCARE-80716;Version Validation Request;Trivial;Prest : Absence de barre de défilement pour visualiser les colonnes configurées;5.0;;2026-01-27 11:21:00;2025-12-30 10:35:14.253;GOSSELIES_CNDG;ZORGI CARE;CARE;SDCARE
SDCARE-80352;Incident;Major;Erreur MEDSOCAPB et MEDSOCAPO Process;5.0;;2025-12-09 13:34:00;2025-12-08 16:41:19.860;GOSSELIES_CNDG;ZORGI CARE;CARE;SDCARE
SDCARE-80301;Incident;Major;Posologie cyclique : Intervalles pouvant être diminués;5.0;Merci pour ces explications claires.;2025-12-08 09:58:00;2025-12-04 17:07:29.617;GOSSELIES_CNDG;ZORGI CARE;CARE;SDCARE
SDCARE-80142;Incident;Major;Menu administration, fonctionnalités manquantes;5.0;;2025-12-01 14:57:00;2025-12-01 11:00:42.470;GOSSELIES_CNDG;ZORGI CARE;CARE;SDCARE
SDCARE-79980;Version Validation Request;Major;Disparition de la valeur relative lors de la récupération des informations du soin précédent;5.0;;2025-12-09 13:33:00;2025-11-21 16:41:25.560;GOSSELIES_CNDG;ZORGI CARE;CARE;SDCARE
SDCARE-79831;Version Validation Request;Trivial;Message de divergence de version;5.0;;2025-11-17 16:12:00;2025-11-17 12:36:52.487;GOSSELIES_CNDG;ZORGI CARE;CARE;SDCARE
SDCARE-79717;Incident;Major;Impossible d'associer des kinés à une équipe paramédicale;5.0;;2025-11-13 08:41:00;2025-11-12 12:49:21.267;GOSSELIES_CNDG;ZORGI CARE;CARE;SDCARE
SDCARE-79720;Request for Configuration;Major;Impossible d'associer des kinés à une équipe paramédicale;5.0;;2025-11-20 16:05:00;2025-11-12 13:22:26.047;GOSSELIES_CNDG;ZORGI CARE;CARE;SDCARE
SDCARE-80749;Incident;Major;Tableau blanc : Icone Soins Paramed non visible malgré prescription indéterminée;5.0;Parfait, merci;2025-12-31 15:19:00;2025-12-31 12:14:59.537;GOSSELIES_CNDG;ZORGI CARE;CARE;SDCARE
SDCARE-80752;Version Validation Request;Major;"Patch : Perte de l'information de quantité dispensée au statut ""Fait""";5.0;;2026-01-08 16:46:00;2025-12-31 14:55:43.327;GOSSELIES_CNDG;ZORGI CARE;CARE;SDCARE
SDCARE-77894;Version Validation Request;Blocker;Message de chevauchement si une perfusion continue est démarrée après l'heure prévue;5.0;Parfait, merci;2025-08-29 11:30:00;2025-08-28 16:22:04.657;GOSSELIES_CNDG;ZORGI CARE;CARE;SDCARE
SDCARE-77377;Version Validation Request;Major;Valeur relative modifiée dans le DPC,  non mise en jour en fenêtre de validation;4.0;;2025-08-04 14:06:00;2025-08-04 12:24:32.127;GOSSELIES_CNDG;ZORGI CARE;CARE;SDCARE
SDCARE-77386;Version Validation Request;Major;"Affichage anarchique après rédaction d'avis via ""mes tâches""";5.0;;2025-09-15 13:58:00;2025-08-04 17:11:44.513;GOSSELIES_CNDG;ZORGI CARE;CARE;SDCARE
SDCARE-76942;Correction Request;Minor;Heure renseignée dans le message de réalisation d'un avis;5.0;;2025-10-31 09:28:00;2025-07-14 11:39:14.307;GOSSELIES_CNDG;ZORGI CARE;CARE;SDCARE
SDCARE-76401;Correction Request;Minor;Perfusions discontinues cycliques apparaissant en mode continu;5.0;;2025-06-25 08:39:00;2025-06-25 08:32:53.027;GOSSELIES_CNDG;ZORGI CARE;CARE;SDCARE
SDCARE-76233;Version Validation Request;Trivial;Prescription : Menu de recherche : Affichage d'information ne contenant pas les caractères encodés;5.0;;2025-06-25 13:29:00;2025-06-18 16:50:00.193;GOSSELIES_CNDG;ZORGI CARE;CARE;SDCARE
SDCARE-76235;Version Validation Request;Blocker;Perfusions discontinues cycliques apparaissant en mode continu;5.0;;2025-06-25 08:41:00;2025-06-18 17:04:24.527;GOSSELIES_CNDG;ZORGI CARE;CARE;SDCARE
SDCARE-76254;Incident;Major;Demande d'examen provenant d'un dossier temporaire non intégrée dans le dossier correct du patient après fusion;4.0;;2025-06-30 16:29:00;2025-06-19 14:04:59.550;GOSSELIES_CNDG;ZORGI CARE;CARE;SDCARE
SDCARE-76455;Version Validation Request;Major;Connecteur Prest IN avec Wish - Pseudo-codes;1.0;;2025-05-28 15:28:00;2025-06-26 10:47:12.200;GOSSELIES_CNDG;ZORGI CARE;CARE;SDCARE
SDCARE-76756;Incident;Critical;Synchronisation manuelle Apo sans résultat;5.0;Parfait, merci;2025-07-08 16:45:00;2025-07-07 15:10:56.997;GOSSELIES_CNDG;ZORGI CARE;CARE;SDCARE
SDCARE-78940;Incident;Trivial;"Statut visuel d'une perfusion n'ayant pas évolué malgré un statut ""Fait""";5.0;Parfait, merci pour vos explications.;2025-10-27 09:04:00;2025-10-10 11:51:16.550;GOSSELIES_CNDG;ZORGI CARE;CARE;SDCARE
SDCARE-79172;Version Validation Request;Major;Les utilisateurs kinés sont régulièrement rendus inactifs en Acceptance;5.0;;2025-11-04 16:20:00;2025-10-17 11:46:52.277;GOSSELIES_CNDG;ZORGI CARE;CARE;SDCARE
SDCARE-79474;Version Validation Request;Blocker;Acceptance inaccessible;5.0;;2025-10-30 12:04:00;2025-10-30 10:30:47.457;GOSSELIES_CNDG;ZORGI CARE;CARE;SDCARE
SDCARE-79596;Incident;Major;Paramètres vitaux affichés en décalage;5.0;;2025-11-06 15:27:00;2025-11-05 15:49:34.950;GOSSELIES_CNDG;ZORGI CARE;CARE;SDCARE
SDCARE-79648;Incident;Critical;Exécution manuelle Medsocapo : messages d'erreur;5.0;;2025-11-07 15:07:00;2025-11-07 12:44:29.563;GOSSELIES_CNDG;ZORGI CARE;CARE;SDCARE
SDCARE-79501;Correction Request;Major;Disparition du bouton d'ajout traitement dans la fenêtre d'import;5.0;;2025-11-03 15:38:00;2025-10-31 12:04:51.253;GOSSELIES_CNDG;ZORGI CARE;CARE;SDCARE
SDCARE-79552;Incident;Trivial;Signature d'ordonnance  : Message d'erreur Prévisualisation;5.0;;2025-11-06 12:16:00;2025-11-04 12:01:00.160;GOSSELIES_CNDG;ZORGI CARE;CARE;SDCARE
SDCARE-78529;Request for Information;Major;Impossibilité de prescrire une perfusion continue avec quantité limitée;2.0;"Triste que la priorité ait été abaissée.
Pas de solution apportée.";2025-10-02 12:25:00;2025-09-25 13:35:13.157;GOSSELIES_CNDG;ZORGI CARE;CARE;SDCARE
SDCARE-78637;Version Validation Request;Major;Information de clôture et entrée d'un patient non transmise du wish vers Xcare;5.0;;2025-09-30 15:33:00;2025-09-30 13:35:27.110;GOSSELIES_CNDG;ZORGI CARE;CARE;SDCARE
SDCARE-78640;Version Validation Request;Major;Mise à jour d'une fiche médicament non prise en compte lors d'une prescription;5.0;;2025-10-02 12:23:00;2025-09-30 14:06:52.393;GOSSELIES_CNDG;ZORGI CARE;CARE;SDCARE
SDCARE-78178;Incident;Critical;Accès Xcare désactivé sans raison de façon récurrente pour deux utilisatrices ;5.0;Parfait, merci;2025-09-12 14:26:00;2025-09-11 14:07:56.557;GOSSELIES_CNDG;ZORGI CARE;CARE;SDCARE
SDCARE-78180;Request for Information;Trivial;Tableau blanc : Nom de patient en italique - Quelle signification?;5.0;Merci pour ces informations.;2025-09-12 11:14:00;2025-09-11 15:52:02.973;GOSSELIES_CNDG;ZORGI CARE;CARE;SDCARE
SDCARE-78196;Version Validation Request;Critical;Message d'injonction obligatoire sans possibilité d'encodage de l'information;5.0;Parfait merci;2025-09-17 08:34:00;2025-09-12 10:42:44.333;GOSSELIES_CNDG;ZORGI CARE;CARE;SDCARE
SDCARE-77657;Incident;Critical;synchro médicament APO;5.0;;2025-08-20 13:51:00;2025-08-19 15:07:28.797;GOSSELIES_CNDG;ZORGI CARE;CARE;SDCARE
SDCARE-77981;Incident;Major;Recherche des demandes d'avis impossible par la recherche de prescription globale;5.0;;2025-09-25 11:53:00;2025-09-03 10:43:20.097;GOSSELIES_CNDG;ZORGI CARE;CARE;SDCARE
SDCARE-76413;Version Validation Request;Trivial;Toutes les sous-catégories des formulaires ne s'affichent pas;5.0;;2025-07-22 13:50:00;2025-06-25 12:28:20.810;HENRI-CHAPELLE_FRERES-ALEXIENS;ZORGI CARE;CARE;SDCARE
SDEPR-78716;Request for Configuration;Blocker;Nouveau problème de fusion de dossier suite à une admission de secours;5.0;Merci;2025-07-23 12:48:00;2025-07-23 08:43:23.137;HENRI-CHAPELLE_FRERES-ALEXIENS;H++/EPR;CARE;SDEPR
SDEPR-78740;Incident;Major;Problème fusion patient et transfert de service;5.0;;2025-08-01 15:22:00;2025-08-01 14:16:18.093;HENRI-CHAPELLE_FRERES-ALEXIENS;H++/EPR;CARE;SDEPR
SD11-26186;Request for Information;Major;Taux d'occupation des lits  global et par services (mensuel);4.0;Merci;2025-12-17 08:56:00;2025-12-01 09:21:32.457;MALMEDY_REINE-ASTRID;Oazis;CARE ADMIN;SD11
SD11-26371;Request for Information;Major;Rejet d'un envoi Médiprima;5.0;Traitement clair et rapide;2025-12-29 11:54:00;2025-12-22 11:00:17.107;MALMEDY_REINE-ASTRID;Oazis;CARE ADMIN;SD11
SD11-26375;Request for Information;Major;Médecin sans indice comptable sur campus RAM;5.0;;2025-12-24 07:59:00;2025-12-22 16:28:30.780;MALMEDY_REINE-ASTRID;Oazis;CARE ADMIN;SD11
SD11-26388;Incident;Minor;Erreur pseudo code VFEND;5.0;;2025-12-29 16:54:00;2025-12-24 08:28:00.570;MALMEDY_REINE-ASTRID;Oazis;CARE ADMIN;SD11
SD11-25960;Request for Information;Major;MédiPrima;4.0;;2025-11-07 11:57:00;2025-11-06 08:31:00.500;MALMEDY_REINE-ASTRID;Oazis;CARE ADMIN;SD11
SD11-26111;Request for Information;Minor;Comment avoir le nombre de journées d'hospitalisation (pas HJ) par années/mois;5.0;Grand merci;2025-11-27 08:29:00;2025-11-20 16:54:46.287;MALMEDY_REINE-ASTRID;Oazis;CARE ADMIN;SD11
SD11-25778;Incident;Minor;Erreur de pseudo code pour le médicament EYLA;5.0;Réponse très claire eet très rapide;2025-10-16 11:36:00;2025-10-16 09:32:41.743;MALMEDY_REINE-ASTRID;Oazis;CARE ADMIN;SD11
SD11-25819;Request for Information;Major;Refacturation OZKAR de 2022;5.0;Réponse rapide et efficace;2025-10-30 15:29:00;2025-10-21 09:50:16.537;MALMEDY_REINE-ASTRID;Oazis;CARE ADMIN;SD11
SD11-25825;Incident;Major;Changer le système d'archivage de mes doc pour qu'il se fasse sur disque;3.0;"Merci Brigitte.

Dommage qu’il ait fallu autant de temps avant que ça ne te parvienne.";2025-11-06 08:42:00;2025-10-21 13:22:12.127;MALMEDY_REINE-ASTRID;Oazis;CARE ADMIN;SD11
SD11-25875;Request for Information;Minor;Refacturation OZKAR réduction Marge de délivrance;5.0;Réponse rapide, claire et détaillée;2025-10-28 11:21:00;2025-10-27 10:44:54.530;MALMEDY_REINE-ASTRID;Oazis;CARE ADMIN;SD11
SD11-25518;Incident;Minor;Impossible de sortir la patiente 2500927236;5.0;.;2025-09-29 11:19:00;2025-09-19 11:42:05.850;MALMEDY_REINE-ASTRID;Oazis;CARE ADMIN;SD11
SD11-25547;Incident;Major;Erreur IC pour les IRM;5.0;Réponse claire et rapide;2025-09-23 16:56:00;2025-09-23 14:06:01.867;MALMEDY_REINE-ASTRID;Oazis;CARE ADMIN;SD11
SD11-25610;Incident;Major;Problème export finhosta;1.0;"Date du 29/09/2025
Réponse sans relire le Jira et, si comme je le pense, c'est résolu, on ne me prévient pas";2026-03-13 15:30:00;2025-09-29 11:56:42.493;MALMEDY_REINE-ASTRID;Oazis;CARE ADMIN;SD11
SD11-25367;Request for Information;Major;Remplacement anticipé d'un PCMK;5.0;La réponse fournie nous satisfait entièrement, alor que le problème semble venir de l'Inami qui n'a pas encore donner de règle claire à ce sujet;2025-09-19 11:40:00;2025-09-03 08:17:14.247;MALMEDY_REINE-ASTRID;Oazis;CARE ADMIN;SD11
SD11-25422;Request for Information;Trivial;Comment ajouter un nouvel icône pour les remarques;5.0;.;2025-09-10 13:35:00;2025-09-09 16:06:38.123;MALMEDY_REINE-ASTRID;Oazis;CARE ADMIN;SD11
SD11-25229;Request for Configuration;Minor;Renvoyer des signalétiques patients sur base d'un fichier XLSx ou TXT ?;5.0;Merci;2025-08-20 14:51:00;2025-08-18 16:23:58.483;MALMEDY_REINE-ASTRID;Oazis;CARE ADMIN;SD11
SD11-25304;Request for Information;Trivial;Comment modifier les anciennes dates d'une remarque patient ;5.0;Merci;2025-09-09 09:01:00;2025-08-26 14:09:05.687;MALMEDY_REINE-ASTRID;Oazis;CARE ADMIN;SD11
SD11-25115;Request for Information;Major;Envoyer la notion de mauvais payeur vers planner;5.0;.;2025-08-21 08:35:00;2025-07-30 16:17:32.177;MALMEDY_REINE-ASTRID;Oazis;CARE ADMIN;SD11
SD11-25130;Incident;Major;Oazis veut une chambre et un lit pour une réservation 5500 HDJ avec une unité administrative URO mais pas pour un pending;5.0;.;2025-08-21 08:40:00;2025-08-01 12:12:16.527;MALMEDY_REINE-ASTRID;Oazis;CARE ADMIN;SD11
SD11-24887;Request for Information;Major;Prestation 261402 annulée automatiquement;5.0;Réponse claire et très rapide merci;2025-07-07 14:55:00;2025-07-07 10:45:05.987;MALMEDY_REINE-ASTRID;Oazis;CARE ADMIN;SD11
SD11-24520;Incident;Major;Erreur de date dans enregistrement 21 pour envoi ;5.0;;2025-06-19 09:06:00;2025-06-04 08:32:25.350;MALMEDY_REINE-ASTRID;Oazis;CARE ADMIN;SD11
SD11-24668;Incident;Major;Facture pour le séjour d'un bébé en néonatalogie à la 300;5.0;;2025-06-19 07:53:00;2025-06-18 08:57:41.070;MALMEDY_REINE-ASTRID;Oazis;CARE ADMIN;SD11
SD11-24413;Incident;Major;Impossible modifier service en 1830;5.0;;2025-06-06 09:46:00;2025-05-22 11:20:02.873;MALMEDY_REINE-ASTRID;Oazis;CARE ADMIN;SD11
SD11-24656;Incident;Major;Numéro envoi régional incorrect;5.0;;2025-06-17 14:10:00;2025-06-17 08:28:53.073;BOUGE_ST-LUC;Oazis;CARE ADMIN;SD11
SD11-24844;Request for Information;Trivial;Ordre des prestations;5.0;;2025-07-23 14:28:00;2025-07-02 11:58:20.597;BOUGE_ST-LUC;Oazis;CARE ADMIN;SD11
SD11-25685;Incident;Major;Impossible d'encoder une prestation - Erreur F00603;5.0;;2025-10-06 15:22:00;2025-10-06 11:55:34.507;BOUGE_ST-LUC;Oazis;CARE ADMIN;SD11
SD11-26081;Incident;Minor;Problème d'impression sur les zebra des kiosques;5.0;;2025-11-19 16:59:00;2025-11-19 10:57:32.870;BOUGE_ST-LUC;Oazis;CARE ADMIN;SD11
SDCARE-80539;Request for Information;Minor;Pourquoi certains médicaments ne sont-ils pas substituables ?;5.0;;2025-12-17 16:05:00;2025-12-17 10:25:54.907;BOUGE_ST-LUC;ZORGI CARE;CARE;SDCARE
SDCARE-80383;Incident;Trivial;Les objectifs globaux ne se retrouve pas dans les notes d'observations;5.0;Problème résolu , merci;2025-12-18 15:42:00;2025-12-10 09:21:44.250;BOUGE_ST-LUC;ZORGI CARE;CARE;SDCARE
SDCARE-80347;Incident;Trivial;"Impossible d'administrer (mettre en ""Fait"") une alimentation entérale";4.0;Merci;2026-01-05 08:10:00;2025-12-08 15:34:29.023;BOUGE_ST-LUC;ZORGI CARE;CARE;SDCARE
SDCARE-80257;Incident;Major;Utilisation laborieuse de l'impression du traitement extra hospitalier;5.0;;2025-12-11 14:41:00;2025-12-03 17:01:20.037;BOUGE_ST-LUC;ZORGI CARE;CARE;SDCARE
SDCARE-76737;Version Validation Request;Critical;Connecteur LDAP;5.0;-;2025-07-07 09:36:00;2025-07-07 09:23:02.210;BOUGE_ST-LUC;ZORGI CARE;CARE;SDCARE
SDCARE-77045;Deployment Request;Major;Copie Prod vers Acc + MAJ majeure 2025.Q2;5.0;;2025-07-24 07:27:00;2025-07-17 13:16:35.700;BOUGE_ST-LUC;ZORGI CARE;CARE;SDCARE
SDCARE-77497;Incident;Blocker;"ADT au status ""QUEUED""";5.0;;2025-08-08 11:42:00;2025-08-08 11:23:41.877;BOUGE_ST-LUC;ZORGI CARE;CARE;SDCARE
SDCARE-77673;Request for Configuration;Major;Vérif PA validation infectio;5.0;;2025-08-21 12:58:00;2025-08-20 09:42:01.530;BOUGE_ST-LUC;ZORGI CARE;CARE;SDCARE
SDCARE-77980;Request for Information;Minor;Validation infectio : nom des groupes de ref pas visible;5.0;;2025-09-11 09:41:00;2025-09-03 10:04:51.503;BOUGE_ST-LUC;ZORGI CARE;CARE;SDCARE
SDCARE-77854;Version Validation Request;Major;Question relative SDCARE-77668;5.0;;2025-08-28 09:47:00;2025-08-27 14:05:49.057;BOUGE_ST-LUC;ZORGI CARE;CARE;SDCARE
SDCARE-78697;Request for Information;Minor;Mise à jour prod identique version Acc mais option différente d'une version à l'autre (gestion des axes cliniques planning);4.0;Merci;2025-10-02 14:48:00;2025-10-02 09:29:54.667;BOUGE_ST-LUC;ZORGI CARE;CARE;SDCARE
SDCARE-79470;Request for Information;Minor;Réglage norme paramètre par patient;5.0;Toujours très bon avec Rafaëla;2025-10-31 13:14:00;2025-10-30 09:46:20.677;BOUGE_ST-LUC;ZORGI CARE;CARE;SDCARE
SDCARE-79131;Incident;Major;"CLONE - Traitements supprimés apparaissent même si le bouton ""masquer les stoppés"" est actif";5.0;OK;2025-10-22 08:27:00;2025-10-16 12:22:13.080;BOUGE_ST-LUC;ZORGI CARE;CARE;SDCARE
SDCARE-78861;Deployment Request;Blocker;SLBO ACC 2025.Q2.010;5.0;;2025-10-27 17:02:00;2025-10-08 13:32:08.143;BOUGE_ST-LUC;ZORGI CARE;CARE;SDCARE
SDCARE-78971;Incident;Major;Sous type perfusion toujours fermer dans les axes cliniques planning;5.0;;2025-10-14 14:50:00;2025-10-13 09:22:28.303;BOUGE_ST-LUC;ZORGI CARE;CARE;SDCARE
SDCARE-73495;Incident;Major;Impossible de supprimer une annexe via l'option scanning du dossier de soin;4.0;Merci pour la qualité du suivi Rafaëla;2025-03-04 12:31:00;2025-02-19 12:05:55.197;BOUGE_ST-LUC;ZORGI CARE;CARE;SDCARE
SDCARE-73319;Request for Configuration;Critical;"Bouton ""Prescription erronée"" ou ""Prescripteur erroné"" pas dispo dans ""Mes tâches""";5.0;;2025-02-13 08:54:00;2025-02-12 16:48:23.307;BOUGE_ST-LUC;ZORGI CARE;CARE;SDCARE
SDCARE-73204;Request for Information;Major;Administration suite à une substitution dans le passé reste en noir;2.0;;2025-02-10 14:44:00;2025-02-10 11:23:22.247;BOUGE_ST-LUC;ZORGI CARE;CARE;SDCARE
SDCARE-73047;Request for Configuration;Minor;Durée de validation pharmaceutique à 7 jours;5.0;;2025-02-07 12:52:00;2025-02-05 09:14:11.060;BOUGE_ST-LUC;ZORGI CARE;CARE;SDCARE
SDCARE-72580;Correction Request;Major;Débit fixe coché par défaut pour des prescriptions à heures fixes;5.0;;2025-01-17 15:48:00;2025-01-17 15:14:38.790;BOUGE_ST-LUC;ZORGI CARE;CARE;SDCARE
SDCARE-72711;Request for Configuration;Minor;Désactiver le PA checktypeproductpicking;5.0;;2025-01-24 15:40:00;2025-01-22 13:25:36.497;BOUGE_ST-LUC;ZORGI CARE;CARE;SDCARE
SDCARE-72712;Request for Configuration;Minor;Désactiver le PA checktypeproductpicking;5.0;;2025-01-23 10:14:00;2025-01-22 13:26:20.857;BOUGE_ST-LUC;ZORGI CARE;CARE;SDCARE
SDCARE-72895;Incident;Major;Absence du médecin traitant dans l'onglet administratif;5.0;;2025-02-05 13:56:00;2025-01-29 15:27:32.907;BOUGE_ST-LUC;ZORGI CARE;CARE;SDCARE
SDCARE-75479;Incident;Major;Débit fixe par défaut Template de perfusion vs Schéma ;5.0;;2025-06-02 14:04:00;2025-05-19 14:23:21.257;BOUGE_ST-LUC;ZORGI CARE;CARE;SDCARE
SDCARE-75865;Request for Information;Minor;Empêcher la prescription magistrale en hospi;5.0;;2025-06-05 10:39:00;2025-06-04 12:06:12.653;BOUGE_ST-LUC;ZORGI CARE;CARE;SDCARE
SDCARE-74661;Incident;Major;Problème affichage des SN dans l'onglet Prescription;3.0;;2025-04-15 09:20:00;2025-04-08 11:23:15.430;BOUGE_ST-LUC;ZORGI CARE;CARE;SDCARE
SDCARE-74979;Request for Configuration;Major;Letter -> Canevas Option absente;5.0;Merci bien pour le dépannage en urgence Rafaëla Gallo et Jordan Lienard;2025-04-23 14:24:00;2025-04-22 15:10:13.743;BOUGE_ST-LUC;ZORGI CARE;CARE;SDCARE
SDCARE-74181;Request for Information;Minor;Problème arborescence dossier de soins et catégorie;5.0;Merci Rafaëla super suivi;2025-04-01 09:46:00;2025-03-19 12:24:47.850;BOUGE_ST-LUC;ZORGI CARE;CARE;SDCARE
SDCARE-74190;Incident;Minor;Voie d'administration pas synchronisée au départ d'Apo : case vide;2.0;;2025-04-14 12:17:00;2025-03-19 14:54:49.950;BOUGE_ST-LUC;ZORGI CARE;CARE;SDCARE
SDCARE-73640;Request for Configuration;Critical;Armoire forcée et armoire par défaut cochée;4.0;;2025-03-18 10:42:00;2025-02-25 13:02:54.180;BOUGE_ST-LUC;ZORGI CARE;CARE;SDCARE
SDCARE-73870;Incident;Minor;Impossible de mettre un acte de type plaie et appareillage dans le passé;4.0;;2025-03-11 08:55:00;2025-03-06 16:27:40.727;BOUGE_ST-LUC;ZORGI CARE;CARE;SDCARE
SDEPR-78230;Request for Information;Minor;Fichier install iReport 2.0.5;5.0;;2025-03-05 07:39:00;2025-03-04 13:00:50.507;OTTIGNIES_CSP;H++/EPR;CARE;SDEPR
SDEPR-78831;Incident;Major;Génération document : plantage;5.0;Merci !;2025-09-09 13:36:00;2025-09-08 18:14:04.347;OTTIGNIES_CSP;H++/EPR;CARE;SDEPR
SDEPR-78939;Incident;Major;Annulation non possible absence temporaire;5.0;Merci Michel !;2025-10-17 10:31:00;2025-10-17 08:57:10.650;OTTIGNIES_CSP;H++/EPR;CARE;SDEPR
SDOPHOS-14881;Incident;Major;Génération Agenda;5.0;Merci;2025-11-17 09:50:00;2025-11-14 16:12:15.850;OTTIGNIES_CSP;OmniPro;CARE;SDOPHOS
SDOPHOS-14852;Incident;Trivial;Omnimail;5.0;Réponse et résolution rapide avec une explication claire;2025-10-10 07:01:00;2025-10-08 15:12:40.193;OTTIGNIES_CSP;OmniPro;CARE;SDOPHOS
SDOPHOS-14695;Request for Information;Major;CSPO - Configuration Analyses;5.0;;2025-04-29 14:29:00;2025-04-25 15:35:40.227;OTTIGNIES_CSP;OmniPro;CARE;SDOPHOS
SDOPHOS-14812;Request for Information;Trivial;Perte de contenu après modification du descriptif dans Omnipro;5.0;Merci;2025-09-01 10:31:00;2025-09-01 08:45:30.063;OTTIGNIES_CSP;OmniPro;CARE;SDOPHOS
SDOPHOS-14829;Request for Information;Trivial;message d'erreur ouverture omnipro PWDGLOBAL;5.0;Le problème semble résolu, pas de retour du service.;2025-10-03 12:59:00;2025-09-19 11:30:40.577;OTTIGNIES_CSP;OmniPro;CARE;SDOPHOS
SDCARE-78690;Request for Configuration;Critical;Coche notion prescritible en DB (en attente de résolution du bug);4.0;;2025-10-02 06:48:00;2025-10-01 16:05:38.657;BRUXELLES_ERASME;ZORGI CARE;CARE;SDCARE
SD30-30429;Request for Information;Trivial;Demi-plein : dotation MAX;5.0;Merci pour l'info;2025-03-18 11:07:00;2025-03-05 15:35:06.097;BRUXELLES_ERASME;Apotheek;PHARMA;SD30
SD30-33503;Request for Information;Trivial;Site CTR : PurchaseToPay;5.0;Information utile et très rapide. merci;2025-08-18 13:34:00;2025-08-12 18:36:35.980;BRUXELLES_ERASME;Apotheek;PHARMA;SD30
SD30-33549;Incident;Critical;Liste de distribution ;5.0;Traitement rapide de la demande. Merci;2025-08-18 11:23:00;2025-08-18 10:06:30.390;BRUXELLES_ERASME;Apotheek;PHARMA;SD30
SD30-32928;Incident;Major;Liste distribution  vers armoire Vanas;5.0;TOP, merci;2025-07-04 16:12:00;2025-07-04 13:57:35.557;BRUXELLES_ERASME;Apotheek;PHARMA;SD30
SD11-26084;Request for Configuration;Major;HL7 Configuration A02;5.0;Réponse rapide et complète. Avec de informations supplémentaires très utiles.;2025-11-21 07:55:00;2025-11-19 11:47:30.057;BRUXELLES_ERASME;Oazis;CARE ADMIN;SD11
SD11-25720;Request for Configuration;Major;Configuration Connecteur HL7 IN pour A01;5.0;Toujours un plaisir de travailler avec Luc Mousson.;2025-10-10 15:46:00;2025-10-09 07:30:07.130;BRUXELLES_ERASME;Oazis;CARE ADMIN;SD11
SD11-26152;Request for Information;Major;HL7 configuration des room_asked,room_ass,room_inv via le connecteur ECS 21;5.0;"Rapide et efficace.
Merci";2025-12-05 11:15:00;2025-11-26 07:36:21.567;BRUXELLES_ERASME;Oazis;CARE ADMIN;SD11
SD11-25878;Request for Configuration;Major;Préadmission dans le futur;5.0;"Très bon service
Merci";2025-11-18 10:57:00;2025-10-27 15:53:10.510;BRUXELLES_ERASME;Oazis;CARE ADMIN;SD11
SD11-25855;Request for Configuration;Major;Connecteur HL7 - Add 05;5.0;Rapide et efficace;2025-10-31 14:32:00;2025-10-23 14:26:46.170;BRUXELLES_ERASME;Oazis;CARE ADMIN;SD11
SD11-26207;Request for Configuration;Major;Configuration HL7 Transfert Pending;5.0;"Excellent.
Rapidité et explications exhaustives.
Merci";2025-12-03 09:07:00;2025-12-02 10:53:27.793;BRUXELLES_ERASME;Oazis;CARE ADMIN;SD11
SD11-26265;Incident;Major;Problème avec le bypass assurabilité qui ne marche pas;5.0;Réponse efficace qui nous a permis de trouver directement ce qui n'allait pas!;2025-12-09 14:25:00;2025-12-08 17:14:17.287;BRUXELLES_ERASME;Oazis;CARE ADMIN;SD11
SD11-24749;Request for Information;Major;Erreur injection via Trans XML;5.0;;2025-07-02 15:59:00;2025-06-25 14:38:56.357;BRUXELLES_ERASME;Oazis;CARE ADMIN;SD11
SD11-24776;Incident;Trivial;725 ne s'envoi pas ;5.0;;2025-07-25 14:33:00;2025-06-27 12:01:47.737;BRUXELLES_ERASME;Oazis;CARE ADMIN;SD11
SD11-25218;Request for Information;Trivial;Comment identifier, parmi les patients sans rendez-vous utilisant la borne des prélèvements Bordet, ceux qui choisissent entre BRAS et DAVI ?;5.0;;2025-08-21 14:25:00;2025-08-14 14:14:06.737;BRUXELLES_ERASME;Oazis;CARE ADMIN;SD11
SD11-25025;Incident;Trivial;Message d'erreur lors du test de paiement sur la borne KHA00010;5.0;très bon suivi;2025-08-14 15:20:00;2025-07-18 14:34:39.580;BRUXELLES_ERASME;Oazis;CARE ADMIN;SD11
SD11-25602;Incident;Major;Facturation préliminaire lancée via système batch ne va pas à son terme;5.0;Merci pour la réponse rapide;2025-09-30 09:43:00;2025-09-29 08:02:15.807;BRUXELLES_ERASME;Oazis;CARE ADMIN;SD11
SD11-24508;Incident;Trivial;Record 21 lecture EID - rejet OA;4.0;parfait merci;2025-07-01 16:12:00;2025-06-03 10:33:43.520;BRUXELLES_ERASME;Oazis;CARE ADMIN;SD11
SD11-24625;Request for Information;Major;même numéro de facture sur 2 dossiers différents ?;5.0;;2025-07-29 12:51:00;2025-06-13 09:20:35.267;BRUXELLES_EUROPE;Oazis;CARE ADMIN;SD11
SD11-26315;Incident;Minor;Bouton consult rn ne marche pas sur une stations;5.0;Réponse rapide et efficace;2025-12-17 10:36:00;2025-12-15 16:05:40.953;BRUXELLES_EUROPE;Oazis;CARE ADMIN;SD11
SD11-26359;Request for Information;Minor;facturation de 2x 459513;5.0;;2025-12-22 14:30:00;2025-12-18 15:35:34.420;BRUXELLES_EUROPE;Oazis;CARE ADMIN;SD11
SD11-25687;Incident;Minor;niet kunnen printen model D;5.0;bedankt om snel te antwoorden;2025-10-07 15:57:00;2025-10-06 13:26:15.373;BRUXELLES_EUROPE;Oazis;CARE ADMIN;SD11
SD11-25822;Incident;Critical;export compta aborted pour rassemblement 25429;4.0;.;2025-11-06 14:01:00;2025-10-21 10:26:25.000;BRUXELLES_EUROPE;Oazis;CARE ADMIN;SD11
SD11-25986;Request for Information;Minor;remarque BLPAT;5.0;;2025-12-05 16:04:00;2025-11-07 15:04:58.667;BRUXELLES_EUROPE;Oazis;CARE ADMIN;SD11
IS11-441;Task;Minor;UCL - Module Walcarenet - OATAR2402;2.0;"L'installation de l'outil MDA a été assez chaotique dans son ensemble. 
D'un côté, le projet était complexe de par les informations données par l'INAMI. D'autre part, Zorgi aurait pu mieux gérer ce projet en anticipant davantage et en réalisant de plus am";2025-03-10 09:42:00;2025-01-21 08:51:53.907;BRUXELLES_ST-LUC;Oazis;CARE ADMIN;IS11
SD11-24646;Incident;Trivial;Problème d'impression XDE;4.0;;2025-07-25 15:30:00;2025-06-16 11:50:00.357;BRUXELLES_ST-LUC;Oazis;CARE ADMIN;SD11
SD11-24818;Request for Configuration;Minor;Remarque VATAP désactivée mais toujours active;5.0;;2025-07-15 08:38:00;2025-07-01 11:19:02.323;BRUXELLES_ST-LUC;Oazis;CARE ADMIN;SD11
SD11-24935;Request for Information;Trivial;Minor Version 129.3 ;4.0;Réponse complète et rapide;2025-07-25 09:40:00;2025-07-10 16:33:11.823;BRUXELLES_ST-LUC;Oazis;CARE ADMIN;SD11
SD11-24948;Request for Information;Trivial;Accès à la gestion des caisses;3.0;;2025-07-25 15:28:00;2025-07-11 10:34:21.230;BRUXELLES_ST-LUC;Oazis;CARE ADMIN;SD11
SD11-25202;Request for Information;Major;"Installateur ""Oazis production 102.1.8"" et TrendMicro (blocage)";5.0;;2025-11-26 11:57:00;2025-08-12 17:29:58.173;BRUXELLES_ST-LUC;Oazis;CARE ADMIN;SD11
SD11-25191;Incident;Trivial;NOMEN - 594090-101;5.0;;2025-08-11 10:49:00;2025-08-11 09:33:03.233;BRUXELLES_ST-LUC;Oazis;CARE ADMIN;SD11
SD11-25133;Request for Information;Minor;Fichiers régionaux Carenet non déposés dans le share HAX (fonctionnement de ce flux);5.0;Encore merci Daniel :-);2025-12-16 10:43:00;2025-08-01 18:07:24.297;BRUXELLES_ST-LUC;Oazis;CARE ADMIN;SD11
SD11-25641;Request for Information;Major;[INSPIRE] Questions OAZIS Cliniques Saint-Jean;1.0;Aucun suivi;2025-10-20 16:50:00;2025-10-01 14:27:01.983;BRUXELLES_ST-LUC;Oazis;CARE ADMIN;SD11
SD11-25230;Request for Information;Major;Spécifications exports comptables vers SAP (passage de HAX vers SAP courant année prochaine);5.0;;2025-09-30 11:09:00;2025-08-18 17:18:00.187;BRUXELLES_ST-LUC;Oazis;CARE ADMIN;SD11
SD11-24364;Request for Improvement;Trivial;NOMEN - 591791 - VRSCH;5.0;;2025-07-04 12:11:00;2025-05-19 11:01:45.043;BRUXELLES_ST-LUC;Oazis;CARE ADMIN;SD11
SD11-24434;Request for Information;Trivial;Liste liée au type de contact;4.0;;2025-06-26 15:07:00;2025-05-26 10:58:19.230;BRUXELLES_ST-LUC;Oazis;CARE ADMIN;SD11
SD11-24438;Request for Information;Trivial;Complément d'Information ticket SD11-23947;3.0;;2025-06-26 14:52:00;2025-05-26 15:10:48.947;BRUXELLES_ST-LUC;Oazis;CARE ADMIN;SD11
SD11-24251;Incident;Major;Non injection des références / des dossiers dans les contacts et nouvelles réservations ;3.0;La prise en charge de ce ticket était souvent assez poussive et manquait trop souvent de transparence. Nous avancions dans l'inconnu, sans trop savoir si nos demandes étaient comprises ou même prises en considération;2026-02-11 13:05:00;2025-05-09 10:34:52.483;BRUXELLES_ST-LUC;Oazis;CARE ADMIN;SD11
SD11-24169;Request for Information;Major;Suite du ticket SD11-21374;3.0;;2025-07-25 15:27:00;2025-04-28 15:59:56.877;BRUXELLES_ST-LUC;Oazis;CARE ADMIN;SD11
SD11-24288;Request for Information;Trivial;Extract .ZIP minor version;5.0;;2025-05-27 15:10:00;2025-05-13 14:20:56.667;UCCLE_EPSYLON;Oazis;CARE ADMIN;SD11
SD11-24320;Incident;Minor;Intégration facturation avril  dans ADFINITY;5.0;"Réponse rapide et l'explication du problème top.
Merci";2025-06-17 10:47:00;2025-05-15 11:31:23.473;UCCLE_EPSYLON;Oazis;CARE ADMIN;SD11
SD11-24344;Incident;Trivial;BemVO password;5.0;des interventions toujours pertinentes et une disponibilité vraiment rassurante;2025-06-03 13:13:00;2025-05-16 13:59:08.980;UCCLE_EPSYLON;Oazis;CARE ADMIN;SD11
SD11-24588;Request for Information;Trivial;droits rootfloder oazis;4.0;;2025-06-23 12:10:00;2025-06-10 15:02:56.627;UCCLE_EPSYLON;Oazis;CARE ADMIN;SD11
SD11-24511;Incident;Minor;contact 302876;5.0;;2025-06-03 13:13:00;2025-06-03 12:09:00.177;UCCLE_EPSYLON;Oazis;CARE ADMIN;SD11
SD11-25242;Request for Configuration;Trivial;Faire sortie HOP JOUR - Facture déjà faite;5.0;;2025-08-22 10:58:00;2025-08-20 08:42:23.123;UCCLE_EPSYLON;Oazis;CARE ADMIN;SD11
SD11-25277;Request for Configuration;Trivial;Renvoi des messages 72700 et 721000 à la mutuelle 306;5.0;;2025-09-19 10:26:00;2025-08-22 11:26:55.813;UCCLE_EPSYLON;Oazis;CARE ADMIN;SD11
SD11-25336;Request for Configuration;Trivial;Faire sortie HOP JOUR - Facture déjà faite;5.0;.;2025-08-29 13:56:00;2025-08-29 10:33:45.337;UCCLE_EPSYLON;Oazis;CARE ADMIN;SD11
SD11-25642;Incident;Trivial;Erreur intégration;5.0;.;2025-10-08 16:15:00;2025-10-01 14:43:31.030;UCCLE_EPSYLON;Oazis;CARE ADMIN;SD11
SD11-25643;Incident;Trivial;Facturation d'un contact pour le mois d'août;5.0;;2025-10-09 10:27:00;2025-10-01 15:40:43.327;UCCLE_EPSYLON;Oazis;CARE ADMIN;SD11
SD11-25516;Incident;Trivial;clôturer l’admission  manuellement ;5.0;;2025-09-19 11:39:00;2025-09-19 10:50:22.600;UCCLE_EPSYLON;Oazis;CARE ADMIN;SD11
SD11-25442;Incident;Trivial;Envoi d'un message Carenet à la mutuelle 134 pour une hospitalisation;5.0;;2025-09-17 08:11:00;2025-09-11 14:37:36.470;UCCLE_EPSYLON;Oazis;CARE ADMIN;SD11
SD11-25451;Request for Configuration;Trivial;Envoyer un message 721008 à la mutuelle 306;5.0;;2025-09-19 13:29:00;2025-09-12 10:51:52.470;UCCLE_EPSYLON;Oazis;CARE ADMIN;SD11
SD11-25177;Request for Information;Minor;Pour Luc Mousson comparaison du cnkdescription de Co_medecine avec apb_med record_string;5.0;Merci Luc :-);2025-08-11 09:24:00;2025-08-07 16:38:42.247;UCCLE_EPSYLON;Oazis;CARE ADMIN;SD11
SD11-25201;Request for Configuration;Major;Déplacement de notre base de données Oazis sur un nouveau Serveur;5.0;Merci Patrick (et Pascal) Tout s'est parfaitement déroulé grâce à vous;2026-04-02 12:59:00;2025-08-12 14:57:57.693;UCCLE_EPSYLON;Oazis;CARE ADMIN;SD11
SD11-25021;Incident;Trivial;Correction d'une facture avec changement de date du second débiteur ;5.0;;2025-08-06 10:11:00;2025-07-18 12:33:05.163;UCCLE_EPSYLON;Oazis;CARE ADMIN;SD11
SD11-25028;Request for Configuration;Trivial;Faire sortie HOP JOUR - Facture déjà faite;5.0;;2025-08-05 11:14:00;2025-07-18 15:34:00.340;UCCLE_EPSYLON;Oazis;CARE ADMIN;SD11
SD11-24943;Incident;Trivial;Renvoi d'un message 721009;5.0;Réponse rapiide;2025-07-11 12:24:00;2025-07-11 09:38:00.207;UCCLE_EPSYLON;Oazis;CARE ADMIN;SD11
SD11-24860;Request for Improvement;Trivial;Problème dans le choix du médecin de référence lors d'une admission;5.0;Merci Catherine;2025-08-12 10:38:00;2025-07-03 14:09:26.953;UCCLE_EPSYLON;Oazis;CARE ADMIN;SD11
SD11-24669;Incident;Trivial;Message Carenet 721900;5.0;Réponse très rapide;2025-06-19 08:38:00;2025-06-18 09:58:46.963;UCCLE_EPSYLON;Oazis;CARE ADMIN;SD11
SD11-24673;Incident;Trivial;Message carent 721000;5.0;"Réponse très rapide;";2025-06-19 08:40:00;2025-06-18 11:18:03.147;UCCLE_EPSYLON;Oazis;CARE ADMIN;SD11
SD11-26157;Incident;Major;update ozis error;5.0;Luc est un héro;2025-11-26 14:00:00;2025-11-26 12:31:52.157;UCCLE_EPSYLON;Oazis;CARE ADMIN;SD11
SD11-26173;Incident;Critical;Problème communication avec mutuelle et avec H++ depuis mise à jour;5.0;"Intervention super rapide, efficace et explications claires. 
Merci Luc";2025-11-27 14:12:00;2025-11-27 11:56:30.690;UCCLE_EPSYLON;Oazis;CARE ADMIN;SD11
SD11-25719;Request for Information;Trivial;User oazis admin du domaine;5.0;Il faut augmenter cet homme il est incroyable!;2025-10-09 14:13:00;2025-10-08 16:14:56.837;UCCLE_EPSYLON;Oazis;CARE ADMIN;SD11
SD11-25832;Incident;Trivial;Envoi d'un message Carenet 727 médical à la mutuelle 509;5.0;Réponse rapide;2025-10-22 11:53:00;2025-10-21 14:51:43.447;UCCLE_EPSYLON;Oazis;CARE ADMIN;SD11
SD11-26212;Request for Configuration;Trivial;Désactivation de lits vides dans OAZIS HOPJ;5.0;Grand merci Eric pour ta réponse rapide et claire.;2025-12-04 11:44:00;2025-12-02 14:30:47.117;UCCLE_EPSYLON;Oazis;CARE ADMIN;SD11
SDEPR-79042;Incident;Trivial;prestation intégration oazis ;1.0;"ça ne répond pas à la question et le ticket est cloturé sans mon retour 
Je ne suis pas du tout satisfait ni de la réponse, ni de la cloture unilatérale ni du temps qu'il a fallu pour l'analyse et encore moins de la proposition payante.
C'est lunaire!";2025-12-15 16:28:00;2025-12-02 13:15:46.130;UCCLE_EPSYLON;H++/EPR;CARE;SDEPR
SDEPR-78616;Incident;Blocker;EPR Prod Down;5.0;Merci !;2025-06-16 14:54:00;2025-06-16 14:32:54.757;UCCLE_EPSYLON;H++/EPR;CARE;SDEPR
SDEPR-78626;Incident;Blocker;L'écran Transmissions Ciblées bug;5.0;Merci;2025-06-18 14:22:00;2025-06-18 12:09:33.900;UCCLE_EPSYLON;H++/EPR;CARE;SDEPR
SDCARE-79636;Request for Configuration;Major;Réunion monitoring des connecteurs;4.0;"Bonne réunion bien utile. Dommage qu'il soit parfois compliqué de convaincre le ""backend"" Zorgi qu'une réunion client/technique soit nécessaire alors qu'on y résout en 1/4h ce qui aurait pris 3 jours dans un échange écrit.";2026-03-10 08:57:00;2025-11-07 08:49:59.680;CHARLEROI_GHDC;ZORGI CARE;CARE;SDCARE
SDCARE-78283;Request for Configuration;Major;Di_Planning - Index sur DateModification;2.0;Uen demande de nouveau rejetée en partie alors que crucial pour notre fonctionnement en interne pour le calcul de nos KPIs.;2025-10-06 07:52:00;2025-09-17 10:18:37.010;CHARLEROI_GHDC;ZORGI CARE;CARE;SDCARE
SDCARE-79070;Incident;Blocker;accès RSW;5.0;;2025-10-15 11:47:00;2025-10-15 10:11:18.037;CHARLEROI_GHDC;ZORGI CARE;CARE;SDCARE
SDCARE-79182;Incident;Blocker;Le connecteur Corlab Observation est arrêter;5.0;;2025-10-17 23:03:00;2025-10-17 22:36:46.623;CHARLEROI_GHDC;ZORGI CARE;CARE;SDCARE
SDCARE-79188;Request for Configuration;Major;Accès Jira ;5.0;courtoisie, prise en charge et suivi +++;2025-10-20 13:20:00;2025-10-20 10:09:31.263;CHARLEROI_GHDC;ZORGI CARE;CARE;SDCARE
SDCARE-79103;Incident;Major;Lien HTTPS n'est pas pris en compte;5.0;;2025-10-23 10:00:00;2025-10-15 15:59:14.293;CHARLEROI_GHDC;ZORGI CARE;CARE;SDCARE
SDCARE-77714;Request for Information;Major;Identifier Nouveau Row et:ou update Row table BDOC.SpecNote;4.0;;2025-09-04 17:00:00;2025-08-21 11:16:23.723;CHARLEROI_GHDC;ZORGI CARE;CARE;SDCARE
SDCARE-77720;Incident;Major;PIGHDC-322732 Disparition de la fréquence sur le DPC ;5.0;;2025-08-28 08:57:00;2025-08-21 12:05:30.677;CHARLEROI_GHDC;ZORGI CARE;CARE;SDCARE
SDCARE-77524;Incident;Major;message erreur pour accès à RSW ;5.0;-;2025-08-26 12:13:00;2025-08-11 14:30:49.653;CHARLEROI_GHDC;ZORGI CARE;CARE;SDCARE
SDCARE-77452;Request for Information;Major;Champs des sous formulaires d'un formulaire;5.0;parfaiitement répondu au besoin;2025-08-07 11:33:00;2025-08-07 08:30:18.507;CHARLEROI_GHDC;ZORGI CARE;CARE;SDCARE
SDCARE-77160;Incident;Major;PIGHDC-319923 Plus de résultats dans l'édition des médicaments ;5.0;;2025-07-31 11:37:00;2025-07-23 16:45:37.340;CHARLEROI_GHDC;ZORGI CARE;CARE;SDCARE
SDCARE-77072;Incident;Trivial;Doublon d’intitulé « Protocole » dans le 2ᵉ menu déroulant Type;5.0;Merci pour l'explication!;2025-07-18 12:08:00;2025-07-18 08:47:16.917;CHARLEROI_GHDC;ZORGI CARE;CARE;SDCARE
SDCARE-77201;Incident;Major;PIGHDC-322494 Patient des urgences en hospitalisation mal localisé ;5.0;;2025-08-14 11:30:00;2025-07-25 14:42:04.470;CHARLEROI_GHDC;ZORGI CARE;CARE;SDCARE
SDCARE-76695;Incident;Major;PIGHDC-320807 Erreurs à la création de pré-admission;5.0;;2025-07-16 15:57:00;2025-07-03 17:07:29.993;CHARLEROI_GHDC;ZORGI CARE;CARE;SDCARE
SDCARE-76766;Request for Information;Minor;PIGHDC-320941 Commentaire prescriptions magistrales pas affiché;5.0;;2025-07-08 10:11:00;2025-07-07 16:28:16.090;CHARLEROI_GHDC;ZORGI CARE;CARE;SDCARE
SDCARE-76779;Incident;Major;srvxcarep04 9 % Free Swap Space;5.0;;2025-07-08 09:52:00;2025-07-08 09:02:45.310;CHARLEROI_GHDC;ZORGI CARE;CARE;SDCARE
SDCARE-76357;Incident;Trivial;PIGHDC-319457 GHDC - Production - Erreur - CorlabObservation;5.0;;2025-07-03 16:25:00;2025-06-24 09:21:44.333;CHARLEROI_GHDC;ZORGI CARE;CARE;SDCARE
SDCARE-76382;Incident;Major;PIGHDC-319535 Pas de résultats transmis de Corlabs vers Xcare;5.0;;2025-06-27 15:56:00;2025-06-24 14:36:21.687;CHARLEROI_GHDC;ZORGI CARE;CARE;SDCARE
SDCARE-73944;Incident;Trivial;PIGHDC-306932 Prestation Paramédicale en erreur;5.0;;2025-07-23 11:51:00;2025-03-11 10:28:03.510;CHARLEROI_GHDC;ZORGI CARE;CARE;SDCARE
SDCARE-74350;Request for Configuration;Trivial;suppression message dans messagerie Xcare;5.0;-;2025-03-31 12:35:00;2025-03-26 13:51:52.293;CHARLEROI_GHDC;ZORGI CARE;CARE;SDCARE
SDCARE-76119;Request for Information;Minor;Trouver les champs d'une table;1.0;Ticket réalisé vendredi, le mardi suivant toujours pas de nouvelles malgrè une relance;2025-06-17 12:56:00;2025-06-13 16:16:59.967;CHARLEROI_GHDC;ZORGI CARE;CARE;SDCARE
SDCARE-76192;Request for Information;Major;Calcul KPI sur table inconnu;5.0;L'expliacation était très claire et illustrée.;2025-06-18 13:07:00;2025-06-17 12:54:07.083;CHARLEROI_GHDC;ZORGI CARE;CARE;SDCARE
SDCARE-75366;Incident;Major;accès RSW Via Xcare;5.0;-;2025-05-21 11:06:00;2025-05-14 13:10:32.973;CHARLEROI_GHDC;ZORGI CARE;CARE;SDCARE
SDCARE-75264;Request for Information;Minor;PIGHDC-293979 Demande D'avis;5.0;;2025-05-22 10:55:00;2025-05-09 10:29:02.770;CHARLEROI_GHDC;ZORGI CARE;CARE;SDCARE
SDCARE-73002;Incident;Major;protocoles pas envoyé par medibridge (ACTH);5.0;;2025-02-04 12:45:00;2025-02-03 15:50:53.010;CHARLEROI_GHDC;ZORGI CARE;CARE;SDCARE
SDCARE-73353;Request for Information;Major;Question xstat;5.0;"Rapide et efficace.
Merci.";2025-02-13 15:44:00;2025-02-13 14:18:20.020;CHARLEROI_GHDC;ZORGI CARE;CARE;SDCARE
SD11-25404;Request for Configuration;Trivial;R130.X prod + test;5.0;;2025-10-01 13:27:00;2025-09-08 09:20:33.723;CHARLEROI_GHDC;Oazis;CARE ADMIN;SD11
SD30-32729;Request for Configuration;Minor;Activer gestion de médication;5.0;;2025-06-25 14:35:00;2025-06-25 12:26:17.547;LIEGE_CHC;Apotheek;PHARMA;SD30
SD31-5388;Incident;Major;Prescription redémarrée du dossier : erronnée;1.0;Ticket fermé sans raison apparente. Une erreur j'espère.;2025-01-20 14:25:00;2025-01-17 17:40:46.623;LIEGE_CHC;EPD;CARE;SD31
SDOPHOS-14806;Request for Improvement;Critical;Modification génération token Agfa - RSW;5.0;;2025-09-01 13:20:00;2025-08-26 15:07:16.370;LIEGE_CHC;OmniPro;CARE;SDOPHOS
SDOPHOS-14803;Request for Improvement;Major;Modification délai pdf RSW;5.0;;2025-08-26 13:32:00;2025-08-25 16:28:44.203;LIEGE_CHC;OmniPro;CARE;SDOPHOS
SD30-32018;Request for Information;Minor;Technische info gegevens artikel en seriescherm voor opmaken rapport;1.0;na 2 maanden heen-en-weer (mis)communicatie hebben we nog steeds geen antwoord op onze vraag. helaas, I rest my case...;2025-08-04 10:00:00;2025-05-20 11:38:07.903;LIER_HH;Apotheek;PHARMA;SD30
SD20-16902;Request for Configuration;Trivial;aanpassen tekst bestelbon;4.0;goed verder geholpen;2026-01-20 12:36:00;2025-12-16 11:41:22.613;LIER_HH;ERP4HC2.0;ERP;SD20
SD10-122041;Incident;Minor;VSB pat worden niet gefactureerd;5.0;;2025-09-25 11:08:00;2025-08-13 12:00:32.680;LIER_HH;Oazis;CARE ADMIN;SD10
SD10-122480;Request for Information;Minor;P1 Honorariasupplement getriggerd door de 1PK;1.0;zeer lang zonder enige reactie;2026-01-15 15:01:00;2025-09-02 14:46:37.190;MOL_HH;Oazis;CARE ADMIN;SD10
SD10-123213;Incident;Major;721009 vertrekt niet;4.0;;2025-10-23 10:37:00;2025-10-07 10:43:09.940;MOL_HH;Oazis;CARE ADMIN;SD10
SD10-119877;Request for Configuration;Trivial;Update omgeving OAZIS VAL MOL;5.0;Steeds goede service bij update van onze OAZIS VAL omgeving.;2025-05-28 13:18:00;2025-05-09 15:16:26.277;MOL_HH;Oazis;CARE ADMIN;SD10
SD20-13288;Request for Configuration;Minor;Verkeerde datum gebruikt bij het opladen van een bestand in SAP;4.0;;2025-02-12 07:11:00;2025-01-22 13:32:00.200;MOL_HH;ERP4HC2.0;ERP;SD20
SD20-15201;Incident;Major;P02-150 - bankrekening leverancier Nederland is ongeldig;5.0;Dank u wel voor de goede hulp.  Hopelijk kunnen we het nu de volgende keer zelf oplossen met de toelichting die we ontvangen hebben.;2025-08-07 12:56:00;2025-07-01 14:27:39.633;MOL_HH;ERP4HC2.0;ERP;SD20
SD30-34387;Request for Information;Major;Synchronisatiefout PT0012;4.0;Goed gehoplen!;2025-10-07 13:41:00;2025-10-06 10:29:43.427;MOL_HH;Apotheek;PHARMA;SD30
SD32-7875;Incident;Trivial;vrachtwagen zichtbaar;4.0;snelle oplossing;2025-03-06 10:08:00;2025-02-18 08:35:52.937;MOL_HH;ECO/BOEK;ERP;SD32
SD30-33677;Incident;Major;article qui ne s'affiche pas sur liste de distribution mais qui sort du stock;5.0;;2025-08-29 11:37:00;2025-08-26 13:49:32.657;BRUXELLES_HOPITAUX-IRIS-SUD;Apotheek;PHARMA;SD30
SDEPR-78030;Incident;Critical;plus d'espace disque;5.0;;2025-01-08 12:34:00;2025-01-08 10:27:20.553;BRUXELLES_HOPITAUX-IRIS-SUD;H++/EPR;CARE;SDEPR
SDEPR-78460;Request for Information;Minor;Ajout d'un anesthésiste dans les PO;4.0;Très bien, même si les explications n'étaient pas;2025-04-30 09:30:00;2025-04-24 08:16:19.213;BRUXELLES_HOPITAUX-IRIS-SUD;H++/EPR;CARE;SDEPR
SDCARE-73501;Request for Configuration;Trivial;Traduction dans le planning de soin;5.0;Exactement ce qui a été demandé, merci ! ♥;2025-03-11 08:59:00;2025-02-19 13:41:00.923;BRUXELLES_HOPITAUX-IRIS-SUD;ZORGI CARE;CARE;SDCARE
SDCARE-72887;Request for Configuration;Major;Types de documents manquants ou mal classés;1.0;Je ne comprends pas pourquoi on clot ce ticket qui n'est pas fini.  Nous attendons toujours le planning;2025-05-30 09:59:00;2025-01-29 12:33:03.060;BRUXELLES_HOPITAUX-IRIS-SUD;ZORGI CARE;CARE;SDCARE
SDCARE-75103;Request for Information;Minor;Paramètre alphanumérique dans le planning de soins (en dev);1.0;Complètement insatisfait de la réponse donnée.;2025-07-16 11:50:00;2025-04-29 10:42:52.477;BRUXELLES_HOPITAUX-IRIS-SUD;ZORGI CARE;CARE;SDCARE
SDCARE-76024;Request for Information;Major;migration SAM;5.0;Très bien, dommage juste de ne pas avoir prévenu qu'on pouvait décomissionner ces machines;2025-06-12 13:13:00;2025-06-12 07:23:09.110;BRUXELLES_HOPITAUX-IRIS-SUD;ZORGI CARE;CARE;SDCARE
SDCARE-74336;Request for Configuration;Major;Remise en ordre des interopérabilités (environnements PROD <> ACC) suite SDARE-70531;5.0;;2025-04-22 09:53:00;2025-03-26 12:04:14.470;BRUXELLES_HOPITAUX-IRIS-SUD;ZORGI CARE;CARE;SDCARE
SDCARE-74340;Incident;Major;Erreur sur publication d'un document - Intervention manuelle sur publication;5.0;;2025-04-15 18:42:00;2025-03-26 12:34:11.250;BRUXELLES_HOPITAUX-IRIS-SUD;ZORGI CARE;CARE;SDCARE
SDCARE-74918;Incident;Trivial;"Patient sorti dans le TB ; T31 ";5.0;Résolu rapidement;2025-04-17 14:18:00;2025-04-17 13:35:10.223;BRUXELLES_HOPITAUX-IRIS-SUD;ZORGI CARE;CARE;SDCARE
SDCARE-74826;Request for Configuration;Major;Compte verrouillé qu'on ne peut pas déverrouiller;3.0;On a dû refuser pour ne pas payer alors que c'était un bug qui n'était pas de notre ressort.  Si nous n'avions pas communiqué de notre côté, on aurait du payer.;2025-04-25 12:40:00;2025-04-15 09:00:49.647;BRUXELLES_HOPITAUX-IRIS-SUD;ZORGI CARE;CARE;SDCARE
SDCARE-79558;Request for Information;Minor;Impacts de la non clôture des dossiers;3.0;Les réponses m'ont donné l'impression que personne ne comprenait ma demande qui était pourtant simple..;2025-11-19 09:12:00;2025-11-04 14:18:21.033;BRUXELLES_HOPITAUX-IRIS-SUD;ZORGI CARE;CARE;SDCARE
SDCARE-79504;Incident;Minor;Problème d’affichage du logo à l’impression de la liste de consultation;5.0;;2025-11-07 09:24:00;2025-10-31 13:37:05.993;BRUXELLES_HOPITAUX-IRIS-SUD;ZORGI CARE;CARE;SDCARE
SDCARE-79633;Incident;Major;Plans de soins pas proposé - Liaison des soins à proposer aux CS (2);5.0;Aide apportée, merci!;2025-11-13 09:29:00;2025-11-06 17:10:58.563;BRUXELLES_HOPITAUX-IRIS-SUD;ZORGI CARE;CARE;SDCARE
SDCARE-79096;Request for Information;Minor;Affichage sous-types de soins selon groupe de référence;5.0;Très bon suivi et aide apportée, ce qui nous a permis d'atteindre l'objectif souhaité. Merci !;2025-11-06 10:11:00;2025-10-15 15:18:44.473;BRUXELLES_HOPITAUX-IRIS-SUD;ZORGI CARE;CARE;SDCARE
SDCARE-78136;Incident;Major;Administration d’oxygène en tant qu’acte infirmier B1 - sans injonction médicale;5.0;;2025-09-10 16:10:00;2025-09-10 10:55:12.690;BRUXELLES_HOPITAUX-IRIS-SUD;ZORGI CARE;CARE;SDCARE
SDCARE-77964;Version Validation Request;Major;Traitement voie inhalation non visible dans le module routine pharmacie. ;5.0;;2025-09-02 15:32:00;2025-09-02 14:12:29.413;BRUXELLES_HOPITAUX-IRIS-SUD;ZORGI CARE;CARE;SDCARE
SDCARE-78427;Version Validation Request;Critical;Bugs constatés dans le formulaire FI_RV_ENDO_DIABETO_SUIVI_HOSPIT (peut être dans d'autres aussi);4.0;;2025-09-25 14:53:00;2025-09-23 10:00:16.290;BRUXELLES_HOPITAUX-IRIS-SUD;ZORGI CARE;CARE;SDCARE
SDCARE-80252;Incident;Blocker;Patient absent du tableau blanc ;5.0;;2025-12-04 08:24:00;2025-12-03 15:55:36.563;BRUXELLES_HOPITAUX-IRIS-SUD;ZORGI CARE;CARE;SDCARE
SDCARE-80718;Incident;Minor;Impression des notes d'observation / Souci visuel;5.0;;2025-12-31 07:42:00;2025-12-30 11:27:24.863;BRUXELLES_HOPITAUX-IRIS-SUD;ZORGI CARE;CARE;SDCARE
SDCARE-80736;Request for Information;Minor;Conseils pour l'utilisation des 1/2 co;1.0;Pas de réponse à notre question, non prise en compte de nos contraintes;2026-01-13 08:31:00;2025-12-30 15:43:59.757;SAINT-SERVAIS_BEAU-VALLON;ZORGI CARE;CARE;SDCARE
SDCARE-80537;Request for Information;Minor;Est-il possible de faire une perte en dehors d'une validation?;1.0;"Réponse théorique et non concrète, non adaptée à la question. 

Je m'étonne également du ton employé (!!), que je juge inapproprié pour un ticket de support.";2026-01-16 14:17:00;2025-12-17 09:57:23.600;SAINT-SERVAIS_BEAU-VALLON;ZORGI CARE;CARE;SDCARE
SDCARE-80049;Request for Configuration;Minor;PA healthcard.vault.enabled_;5.0;Résolution correcte et rapide;2025-11-26 09:29:00;2025-11-26 07:51:19.757;SAINT-SERVAIS_BEAU-VALLON;ZORGI CARE;CARE;SDCARE
SDCARE-79812;Request for Information;Major;PA PHARMACY> reappro> validation > medicalbefore par site?;5.0;Ticket très vite solutionné.;2025-11-17 16:17:00;2025-11-14 16:45:56.247;SAINT-SERVAIS_BEAU-VALLON;ZORGI CARE;CARE;SDCARE
SDCARE-80704;Request for Configuration;Minor;Liste de contacts semble disparue;5.0;.;2026-01-13 11:28:00;2025-12-29 15:03:40.123;SAINT-SERVAIS_BEAU-VALLON;ZORGI CARE;CARE;SDCARE
SDCARE-78457;Version Validation Request;Major;BDD : préadmission : partie note disparaît à l'enregistrement d'une note;1.0;Ticket VVR non pris en charge;2025-11-21 14:18:00;2025-09-23 14:53:39.160;SAINT-SERVAIS_BEAU-VALLON;ZORGI CARE;CARE;SDCARE
SDCARE-78386;Version Validation Request;Major;2025Q2 : import soins : que manque-t-il pour limiter l'import des médicaments;5.0;;2025-09-23 15:22:00;2025-09-19 16:01:50.447;SAINT-SERVAIS_BEAU-VALLON;ZORGI CARE;CARE;SDCARE
SDCARE-78830;Version Validation Request;Minor;Rupture de stock : ajouter tout incomplet;1.0;Ticket non résolu en tant que VVR;2025-11-18 14:11:00;2025-10-07 14:17:42.953;SAINT-SERVAIS_BEAU-VALLON;ZORGI CARE;CARE;SDCARE
SDCARE-77886;Incident;Major;SDCARE 77409 Toujours le même problème de programmation des ateliers;5.0;Excellent !;2025-08-28 15:06:00;2025-08-28 14:29:30.080;SAINT-SERVAIS_BEAU-VALLON;ZORGI CARE;CARE;SDCARE
SDCARE-79155;Version Validation Request;Major;2025Q2 : soins : changement de dates reste chez les patients suivants;1.0;Ticket VVR non résolu;2025-11-19 10:46:00;2025-10-16 21:29:07.013;SAINT-SERVAIS_BEAU-VALLON;ZORGI CARE;CARE;SDCARE
SDCARE-78980;Request for Information;Minor;Annexes : questions;5.0;.;2025-10-13 15:08:00;2025-10-13 11:52:53.987;SAINT-SERVAIS_BEAU-VALLON;ZORGI CARE;CARE;SDCARE
SDCARE-78959;Incident;Minor;Magistrale : modifier la posologie par défaut;5.0;Résolution très rapide et efficace. Merci;2025-10-10 17:29:00;2025-10-10 15:14:44.573;SAINT-SERVAIS_BEAU-VALLON;ZORGI CARE;CARE;SDCARE
SDCARE-79670;Incident;Critical;Erreur  lors de la récupération des interactions;5.0;TB;2025-11-10 15:54:00;2025-11-10 13:35:56.333;SAINT-SERVAIS_BEAU-VALLON;ZORGI CARE;CARE;SDCARE
SDCARE-79305;Incident;Major;Importation des traitements anciens séjour systématiquement classifier en hors formulaire;5.0;Rapide et efficace merci;2025-10-24 09:15:00;2025-10-23 12:17:27.937;SAINT-SERVAIS_BEAU-VALLON;ZORGI CARE;CARE;SDCARE
SDCARE-76478;Incident;Major;RPM : formulaires à lier en double;5.0;;2025-07-22 09:51:00;2025-06-26 16:36:59.623;SAINT-SERVAIS_BEAU-VALLON;ZORGI CARE;CARE;SDCARE
SDCARE-76754;Version Validation Request;Major;Planner : prestataire : chargement en cours;5.0;;2025-07-22 09:57:00;2025-07-07 14:21:33.467;SAINT-SERVAIS_BEAU-VALLON;ZORGI CARE;CARE;SDCARE
SDCARE-76985;Incident;Major;axe 1 RPM;5.0;;2025-07-31 09:06:00;2025-07-15 13:57:53.770;SAINT-SERVAIS_BEAU-VALLON;ZORGI CARE;CARE;SDCARE
SDCARE-76825;Incident;Major;RPM : entrée MA partiellement vide alors que le formulaire est rempli;5.0;;2025-07-11 09:56:00;2025-07-09 09:13:55.570;SAINT-SERVAIS_BEAU-VALLON;ZORGI CARE;CARE;SDCARE
SDCARE-76830;Incident;Major;Numéro carte identité présent dans oazis mais pas dans care;5.0;;2025-08-11 11:33:00;2025-07-09 10:25:06.467;SAINT-SERVAIS_BEAU-VALLON;ZORGI CARE;CARE;SDCARE
SDCARE-76840;Version Validation Request;Major;"Est-il possible de retirer ""questionnaires externes"" du BDD?";5.0;;2025-07-10 09:21:00;2025-07-09 12:09:37.580;SAINT-SERVAIS_BEAU-VALLON;ZORGI CARE;CARE;SDCARE
SDCARE-76899;Correction Request;Minor;Possibilité d'enlever séance n° ajout d'un acte paramédical;5.0;;2025-07-11 10:39:00;2025-07-10 16:23:58.063;SAINT-SERVAIS_BEAU-VALLON;ZORGI CARE;CARE;SDCARE
SDCARE-77255;Request for Information;Minor;Prescription si nécessaire : PA pour la configuration par défaut?;5.0;Réponse rapide et très complète. Merci;2025-07-29 14:58:00;2025-07-29 13:55:55.037;SAINT-SERVAIS_BEAU-VALLON;ZORGI CARE;CARE;SDCARE
SDCARE-77256;Incident;Major;Magistrale : unité d'administration : obligatoire en extra mais pas en intra;5.0;Réponse rapide et complète;2025-07-29 14:58:00;2025-07-29 14:10:06.947;SAINT-SERVAIS_BEAU-VALLON;ZORGI CARE;CARE;SDCARE
SDCARE-77110;Deployment Request;Major;Dev : V25Q2005;5.0;;2025-07-28 14:47:00;2025-07-22 11:37:45.210;SAINT-SERVAIS_BEAU-VALLON;ZORGI CARE;CARE;SDCARE
SDCARE-77141;Version Validation Request;Minor;RPM : entrée MT : motif de création erroné;1.0;Ticket non résolu en VVR;2025-11-18 14:12:00;2025-07-23 10:47:21.067;SAINT-SERVAIS_BEAU-VALLON;ZORGI CARE;CARE;SDCARE
SDCARE-77059;Incident;Critical;CPIN Impossible clôturer anamnèse infirmière a cause d un vaccin ;5.0;"Rapide
Appel personnel";2025-07-17 15:55:00;2025-07-17 15:12:34.997;SAINT-SERVAIS_BEAU-VALLON;ZORGI CARE;CARE;SDCARE
SDCARE-77925;Request for Information;Minor;"Filtre chronologie : spécialité ""non déterminé""";5.0;;2025-09-01 11:22:00;2025-09-01 10:00:22.990;SAINT-SERVAIS_BEAU-VALLON;ZORGI CARE;CARE;SDCARE
SDCARE-77935;Request for Information;Minor;Existe-t-il un moyen pour récupérer les personnes de contact?;5.0;Merci Samy : réponse rapide et pertinente;2025-09-01 15:02:00;2025-09-01 14:30:58.770;SAINT-SERVAIS_BEAU-VALLON;ZORGI CARE;CARE;SDCARE
SDCARE-74785;Version Validation Request;Minor;MC avec formulaire : non éditable si encodage depuis soins;5.0;;2025-05-22 09:49:00;2025-04-11 16:35:14.363;SAINT-SERVAIS_BEAU-VALLON;ZORGI CARE;CARE;SDCARE
SDCARE-74974;Correction Request;Major;V 26 : onglet démarche en soins ne s'ouvre pas;5.0;;2025-04-24 08:52:00;2025-04-22 14:28:13.307;SAINT-SERVAIS_BEAU-VALLON;ZORGI CARE;CARE;SDCARE
SDCARE-74406;Incident;Minor;Magistrale : possibilité de rendre la posologie obligatoire;5.0;Merci;2025-04-01 15:32:00;2025-03-28 11:30:01.380;SAINT-SERVAIS_BEAU-VALLON;ZORGI CARE;CARE;SDCARE
SDCARE-74437;Request for Information;Minor;Dose min max : que manque-t-il dans notre configuration;5.0;;2025-04-01 14:44:00;2025-03-31 11:40:28.807;SAINT-SERVAIS_BEAU-VALLON;ZORGI CARE;CARE;SDCARE
SDCARE-74468;Correction Request;Major;Chronologie : échelle valeur hors norme : pas de visuel;5.0;;2025-04-01 11:10:00;2025-04-01 11:01:56.610;SAINT-SERVAIS_BEAU-VALLON;ZORGI CARE;CARE;SDCARE
SDCARE-74600;Version Validation Request;Critical;Demande avis : impossible d'enregistrer;5.0;;2025-04-04 16:47:00;2025-04-04 15:26:49.027;SAINT-SERVAIS_BEAU-VALLON;ZORGI CARE;CARE;SDCARE
SDCARE-73605;Incident;Major;Prescrire maintenant : moment de fin non correct;5.0;;2025-02-27 12:14:00;2025-02-24 15:10:13.220;SAINT-SERVAIS_BEAU-VALLON;ZORGI CARE;CARE;SDCARE
SDCARE-76121;Incident;Major;Stock proposé en transfert de stock différent du stock réel;2.0;;2025-07-01 11:36:00;2025-06-13 16:50:28.447;SAINT-SERVAIS_BEAU-VALLON;ZORGI CARE;CARE;SDCARE
SDCARE-75770;Incident;Minor;Tableau blanc : colonne avec CS : libellé non présent si un seul CS;5.0;;2025-06-05 12:49:00;2025-06-02 09:14:41.550;SAINT-SERVAIS_BEAU-VALLON;ZORGI CARE;CARE;SDCARE
SDCARE-75359;Incident;Major;RPM : lignes incomplètes alors que complètes;5.0;;2025-05-22 11:38:00;2025-05-14 11:32:30.317;SAINT-SERVAIS_BEAU-VALLON;ZORGI CARE;CARE;SDCARE
SDCARE-75447;Incident;Major;Chronologie : accès aux données des autres établissements;5.0;;2025-05-21 08:16:00;2025-05-16 12:21:35.143;SAINT-SERVAIS_BEAU-VALLON;ZORGI CARE;CARE;SDCARE
SDCARE-72203;Incident;Major;Pause : comportement étrange en tranche horaire;5.0;;2025-01-10 15:45:00;2025-01-02 14:01:05.050;SAINT-SERVAIS_BEAU-VALLON;ZORGI CARE;CARE;SDCARE
SDCARE-73008;Version Validation Request;Major;RPM : export : ségrégation;5.0;;2025-02-27 08:39:00;2025-02-04 09:28:08.050;SAINT-SERVAIS_BEAU-VALLON;ZORGI CARE;CARE;SDCARE
SDCARE-72650;Incident;Major;Arrêt d'un acte soumis à prescription : champ prescripteur obligatoire mais absent;5.0;;2025-01-31 15:55:00;2025-01-21 11:53:27.233;SAINT-SERVAIS_BEAU-VALLON;ZORGI CARE;CARE;SDCARE
SDCARE-72797;Version Validation Request;Major;Impression du traitement extra-hospitalier : comment modifier l'ordre;5.0;;2025-02-13 08:53:00;2025-01-24 16:15:40.820;SAINT-SERVAIS_BEAU-VALLON;ZORGI CARE;CARE;SDCARE
SDCARE-72799;Version Validation Request;Major;Résumé traitement : sortie : arrêter traitement : étrange date proposée;5.0;;2025-01-27 12:22:00;2025-01-24 16:30:13.330;SAINT-SERVAIS_BEAU-VALLON;ZORGI CARE;CARE;SDCARE
SDCARE-72541;Incident;Trivial;Résumé traitement sélectionné, hospitalier affiché;5.0;;2025-01-28 12:20:00;2025-01-16 15:08:30.343;SAINT-SERVAIS_BEAU-VALLON;ZORGI CARE;CARE;SDCARE
SDCARE-73481;Correction Request;Minor;Vue de paramètres : décalage du graphique en vue 6 heures;5.0;;2025-02-19 07:50:00;2025-02-18 18:01:11.540;SAINT-SERVAIS_BEAU-VALLON;ZORGI CARE;CARE;SDCARE
SDCARE-73563;Request for Configuration;Minor;CLONE - Validation pharmacien : magistrale;5.0;;2025-02-21 12:50:00;2025-02-21 10:49:41.127;SAINT-SERVAIS_BEAU-VALLON;ZORGI CARE;CARE;SDCARE
SDCARE-73365;Request for Information;Minor;Letter : groupe secrétariat : possibilité de sélectionner?;5.0;;2025-02-19 08:04:00;2025-02-13 15:47:47.607;SAINT-SERVAIS_BEAU-VALLON;ZORGI CARE;CARE;SDCARE
SDCARE-73382;Request for Information;Minor;Formulaire : figer les onglets;5.0;Merci, explications détaillées et très claires;2025-02-19 07:58:00;2025-02-14 11:34:06.670;SAINT-SERVAIS_BEAU-VALLON;ZORGI CARE;CARE;SDCARE
SDCARE-73400;Version Validation Request;Major;Chronologie : zone recherche dysfonctionne;5.0;Merci;2025-02-24 13:22:00;2025-02-14 15:58:25.137;SAINT-SERVAIS_BEAU-VALLON;ZORGI CARE;CARE;SDCARE
SDCARE-73037;Request for Information;Minor;Valeur du PA automaticorder;5.0;;2025-02-05 07:59:00;2025-02-04 15:23:32.420;SAINT-SERVAIS_BEAU-VALLON;ZORGI CARE;CARE;SDCARE
SDCARE-73082;Incident;Critical;"IM Programmée et non administré car gâchée  marche à suivre pour ""éviter"" une nouvelle prescription?";5.0;;2025-02-05 15:43:00;2025-02-05 15:27:36.760;SAINT-SERVAIS_BEAU-VALLON;ZORGI CARE;CARE;SDCARE
SDCARE-73271;Incident;Major;DOCEXT Invisible dans les dossiers patients mais visible dans Iguana (logiciel externe);5.0;;2025-02-11 16:08:00;2025-02-11 14:41:19.573;SAINT-SERVAIS_BEAU-VALLON;ZORGI CARE;CARE;SDCARE
SDCARE-73193;Request for Configuration;Minor;Onglet soins : largeur des colonnes;5.0;;2025-02-10 15:46:00;2025-02-10 09:39:25.883;SAINT-SERVAIS_BEAU-VALLON;ZORGI CARE;CARE;SDCARE
SD11-25517;Incident;Trivial;723000 et 727200 ne se génèrent pas pour certains dossiers;5.0;;2025-09-19 14:22:00;2025-09-19 11:20:59.553;SAINT-SERVAIS_BEAU-VALLON;Oazis;CARE ADMIN;SD11
SD11-25181;Incident;Critical;pour le 2007278   53041222571 les lignes récentes  ne s'affichent pas dans l'écran historique;5.0;Très rapide !;2025-08-13 09:38:00;2025-08-08 11:02:35.080;SAINT-SERVAIS_BEAU-VALLON;Oazis;CARE ADMIN;SD11
SD11-25898;Incident;Trivial;Contact 50650403 - suite SD11-25785;5.0;;2025-10-30 14:07:00;2025-10-30 09:41:51.937;SAINT-SERVAIS_BEAU-VALLON;Oazis;CARE ADMIN;SD11
SDCARE-75217;Request for Configuration;Minor;xStat : Huderf : table xStat.Contact n'est plus alimentée;5.0;Réponse rapide, en espérant que la découverte et la résolution du souci initial évitera les soucis par la suite.;2025-05-09 10:09:00;2025-05-07 10:19:28.280;BRUXELLES_HUDERF;ZORGI CARE;CARE;SDCARE
SDCARE-73633;Incident;Minor;Neevia à vérifier ;4.0;Thank's :-);2025-03-04 12:37:00;2025-02-25 11:43:39.183;BRUXELLES_HUDERF;ZORGI CARE;CARE;SDCARE
SDCARE-76489;Incident;Major;Etat de salle 64J : chambres affichées en occupé, alors qu'elles sont libres - nettoyage DB requis (depuis MàJ 25.03.016);5.0;rapide et efficace;2025-07-03 14:07:00;2025-06-27 10:05:05.997;BRUXELLES_HUDERF;ZORGI CARE;CARE;SDCARE
SDCARE-79705;Incident;Blocker;L’instance IRIS InterSystems est down sur huDPICare02 !;4.0;Thanks;2025-11-13 08:02:00;2025-11-12 10:28:00.417;BRUXELLES_HUDERF;ZORGI CARE;CARE;SDCARE
SDCARE-79724;Incident;Critical;File d’attente sur Neevia Huderf;2.0;Merci;2025-11-13 08:03:00;2025-11-12 14:14:06.440;BRUXELLES_HUDERF;ZORGI CARE;CARE;SDCARE
SD32-9031;Incident;Critical;Eco SQL error bij inventaris.;4.0;;2025-12-26 08:33:00;2025-12-18 13:30:52.373;BONHEIDEN_IMELDA;ECO/BOEK;ERP;SD32
SD32-8611;Request for Information;Trivial;verzending aanmaningen;5.0;;2025-08-21 10:59:00;2025-08-21 09:59:29.363;BONHEIDEN_IMELDA;ECO/BOEK;ERP;SD32
SD32-8698;Incident;Major;Tabel 8 FHI - fout bij validatie;5.0;Zeer accurate en snelle op een volgende interventies om probleem Finhosta Blok2 opgelost te krijgen.;2025-09-23 08:29:00;2025-09-17 16:22:09.013;BONHEIDEN_IMELDA;ECO/BOEK;ERP;SD32
SD32-8731;Incident;Major;Facturatie hangt vast in Param;5.0;;2025-09-29 16:31:00;2025-09-26 08:05:43.560;BONHEIDEN_IMELDA;ECO/BOEK;ERP;SD32
SD32-8747;Incident;Trivial;In onwaarde boeken lukt niet;5.0;;2025-10-01 11:35:00;2025-10-01 09:06:29.157;BONHEIDEN_IMELDA;ECO/BOEK;ERP;SD32
SD32-7832;Request for Information;Trivial;CC mailing;5.0;;2025-02-26 13:24:00;2025-02-11 15:59:48.413;BONHEIDEN_IMELDA;ECO/BOEK;ERP;SD32
SD10-116621;Request for Information;Trivial;RES006 error in Oazis TEST bij SIU-S12 bericht;1.0;GDPR voor een fictieve patient???;2025-01-09 11:07:00;2025-01-09 10:40:38.720;VLEZENBEEK_INKENDAAL;Oazis;CARE ADMIN;SD10
SD10-118758;Request for Information;Minor;Problemen bij het aanvragen verlenging coördinatie;4.0;;2025-04-14 13:42:00;2025-03-25 13:11:57.823;VLEZENBEEK_INKENDAAL;Oazis;CARE ADMIN;SD10
SD10-124712;Incident;Major;Polsbandjes pediatrie bevatten niet alle nodige info;5.0;;2025-12-11 08:55:00;2025-12-08 11:59:50.587;VLEZENBEEK_INKENDAAL;Oazis;CARE ADMIN;SD10
SD10-122650;Incident;Major;Printen van Polsbandjes voor kinderen;5.0;;2025-09-10 16:30:00;2025-09-10 09:41:19.287;VLEZENBEEK_INKENDAAL;Oazis;CARE ADMIN;SD10
SD32-8684;Incident;Minor;BTW Aangifte 08/2025;5.0;"Zeer fijn/aangenaam gesprek met jullie collega Krista, alsook een correcte en snelle oplossing die ik heb mogen ontvangen.
Groetjes,
Karen";2025-10-15 08:18:00;2025-09-12 10:57:41.737;VLEZENBEEK_INKENDAAL;ECO/BOEK;ERP;SD32
SD32-8631;Incident;Trivial;Boeken betaallijst 250102 ;5.0;;2025-09-03 09:49:00;2025-08-27 09:21:34.477;VLEZENBEEK_INKENDAAL;ECO/BOEK;ERP;SD32
SD50-439;Request for Information;Major;Aanvragen niet verzonden;4.0;;2025-04-01 08:57:00;2025-02-12 11:21:51.170;VLEZENBEEK_INKENDAAL;ZORGI Care Admin;CARE ADMIN;SD50
SD35-18999;Incident;Trivial;Verhangen voorschot;1.0;;2025-08-05 14:11:00;2025-07-22 09:04:09.317;VLEZENBEEK_INKENDAAL;PADM/TARFAC;CARE ADMIN;SD35
SD30-34441;Incident;Blocker;Message d'errur à l'ouverture d'Infohos;5.0;;2025-10-08 09:04:00;2025-10-08 08:37:52.697;BRUXELLES_JULES-BORDET;Apotheek;PHARMA;SD30
SDCARE-80070;Version Validation Request;Critical;Xcare DEV - Impossible de se connecter;5.0;merci;2025-11-27 13:23:00;2025-11-26 13:55:49.093;GOSSELIES_IPG;ZORGI CARE;CARE;SDCARE
SDCARE-77985;Request for Information;Major;Recherche de plages libres planner;1.0;0;2025-09-09 09:54:00;2025-09-03 11:59:38.563;GOSSELIES_IPG;ZORGI CARE;CARE;SDCARE
SDCARE-76632;Incident;Major;Pas d'accès au Hub RSW depuis Care;5.0;merci;2025-07-07 12:13:00;2025-07-02 10:09:22.827;GOSSELIES_IPG;ZORGI CARE;CARE;SDCARE
SDCARE-76818;Request for Information;Major;Paramétrage publications automatiques sur le Hub RSW;5.0;merci;2025-07-09 14:35:00;2025-07-08 15:56:38.990;GOSSELIES_IPG;ZORGI CARE;CARE;SDCARE
SDCARE-77023;Incident;Major;HUB - Option visibilité patient grisée dans les filtres;5.0;merci;2025-07-17 10:08:00;2025-07-16 15:07:48.103;GOSSELIES_IPG;ZORGI CARE;CARE;SDCARE
SDCARE-76970;Request for Information;Major;Xcare - Configurations RSW en PRODUCTION;5.0;merci;2025-07-24 09:16:00;2025-07-15 09:35:44.043;GOSSELIES_IPG;ZORGI CARE;CARE;SDCARE
SDCARE-76006;Request for Information;Minor;Plus de lien avec mon compte zorgi.net;5.0;merci;2025-06-19 10:13:00;2025-06-11 12:19:58.137;GOSSELIES_IPG;ZORGI CARE;CARE;SDCARE
SD11-25939;Request for Information;Trivial;ADT : Patient : Langue parlée ;5.0;Réactivité;2025-11-05 08:40:00;2025-11-04 15:10:11.277;LIEGE_ISOSL;Oazis;CARE ADMIN;SD11
SD11-25827;Incident;Major;Erreur lors de l'export comptable;5.0;;2025-10-22 14:32:00;2025-10-21 13:41:54.330;LIEGE_ISOSL;Oazis;CARE ADMIN;SD11
SD11-25472;Incident;Major;Error message minor update 130.2.1;1.0;;2025-09-15 15:56:00;2025-09-15 14:09:35.313;LIEGE_ISOSL;Oazis;CARE ADMIN;SD11
SD31-5798;Incident;Trivial;Récupération presciption d'une perfusion d'un séjour précédent;5.0;;2025-09-16 09:15:00;2025-09-15 13:50:47.570;CHARLEROI_CHU;EPD;CARE;SD31
SD30-34193;Incident;Minor;ongeldig dokternr;5.0;;2025-09-24 12:44:00;2025-09-24 09:34:38.317;IEPER_YPERMAN;Apotheek;PHARMA;SD30
SD30-34066;Incident;Trivial;ADT Thuishospitalisatie;5.0;;2025-10-01 17:27:00;2025-09-16 14:33:25.990;IEPER_YPERMAN;Apotheek;PHARMA;SD30
SD30-35777;Incident;Major;Onvolledig apotheekbestand toedieningen vanuit infohos;5.0;Snelle en correcte oplossing !;2025-12-17 16:16:00;2025-12-17 11:55:33.460;IEPER_YPERMAN;Apotheek;PHARMA;SD30
SD30-35043;Incident;Major;berichten stromen niet door naar VANAS (kast 127);4.0;;2025-11-07 16:34:00;2025-11-07 13:53:22.983;IEPER_YPERMAN;Apotheek;PHARMA;SD30
SD30-33712;Request for Configuration;Major;aanpassing databaseconnectie oazis tegen 20/9;5.0;Top support!;2025-09-16 10:59:00;2025-08-27 14:45:41.487;IEPER_YPERMAN;Apotheek;PHARMA;SD30
SD30-31765;Request for Configuration;Minor;account voor Margot Nollet voor Jira;4.0;;2025-05-13 12:28:00;2025-05-09 15:08:38.823;IEPER_YPERMAN;Apotheek;PHARMA;SD30
SD30-29638;Request for Information;Major;Password reset voor databasegebruiker IHC;5.0;;2025-02-05 08:54:00;2025-01-28 12:27:30.827;IEPER_YPERMAN;Apotheek;PHARMA;SD30
SD20-13027;Incident;Minor;inladen facturatie;5.0;Heel vlugge respons;2025-01-02 11:19:00;2025-01-02 09:26:48.230;IEPER_YPERMAN;ERP4HC2.0;ERP;SD20
SD20-13136;Incident;Major;Er kan niet meer ingelogd worden in SAP / Arco;4.0;;2025-01-10 16:28:00;2025-01-10 15:25:46.757;IEPER_YPERMAN;ERP4HC2.0;ERP;SD20
SD20-16523;Request for Configuration;Minor;lijst iedere nacht op achtergrond laten draaien;5.0;Heel goeie service;2025-11-27 11:46:00;2025-11-18 14:03:17.140;IEPER_YPERMAN;ERP4HC2.0;ERP;SD20
SD20-15728;Incident;Trivial;F110 => 2 automatische betalingen ongedaan maken ;5.0;Bedankt voor de snelle oplossing & alles was zoals gewenst. Groeten;2025-09-03 10:22:00;2025-09-02 15:33:06.193;IEPER_YPERMAN;ERP4HC2.0;ERP;SD20
SD10-122811;Incident;Critical;na update Release 130.2.1 start Xgateway e, Xgatewaysync niet meer op;5.0;de oorzaak en oplossing werd snel gevonden!;2025-09-18 16:06:00;2025-09-18 12:32:27.643;IEPER_YPERMAN;Oazis;CARE ADMIN;SD10
SD10-123129;Request for Information;Trivial;KUM2 bij 471251;5.0;;2025-10-09 13:03:00;2025-10-02 15:47:07.547;IEPER_YPERMAN;Oazis;CARE ADMIN;SD10
SD10-122982;Incident;Major;ERROR in ACC bestand;5.0;snelle oplossing, dank u !;2025-09-26 15:34:00;2025-09-26 12:38:25.710;IEPER_YPERMAN;Oazis;CARE ADMIN;SD10
SD10-121692;Incident;Trivial;Correctie genereert geen remgeld;5.0;Vlotte service.;2025-08-12 09:41:00;2025-07-28 13:37:13.287;IEPER_YPERMAN;Oazis;CARE ADMIN;SD10
SD10-121636;Incident;Minor;terugkerend probleem met MUT omdat het geslacht niet overeenkomt;4.0;;2025-07-28 16:37:00;2025-07-24 09:33:05.887;IEPER_YPERMAN;Oazis;CARE ADMIN;SD10
SD10-120532;Incident;Trivial;R21;4.0;/;2025-09-25 10:12:00;2025-06-05 11:10:06.813;IEPER_YPERMAN;Oazis;CARE ADMIN;SD10
SD10-124703;Incident;Minor;Sedert update Release Major 131.1 zien we niet alle dokters van een dienst, bij aanmaak reservatie/contact;4.0;Dit probleem werd redelijk vlug opgelost, alleen jammer dat het zich heeft voorgedaan.;2025-12-08 16:27:00;2025-12-08 10:26:40.253;IEPER_YPERMAN;Oazis;CARE ADMIN;SD10
SD10-124858;Incident;Trivial;F 3504296647 - MDA BERICHT;5.0;/;2025-12-15 10:52:00;2025-12-15 09:14:00.983;IEPER_YPERMAN;Oazis;CARE ADMIN;SD10
SD10-124863;Incident;Trivial;F 3504303051 - DET;5.0;/;2025-12-30 10:28:00;2025-12-15 10:13:57.670;IEPER_YPERMAN;Oazis;CARE ADMIN;SD10
SD10-124332;Incident;Minor;R21 - labo prestaties;5.0;snel en vriendelijk antwoord;2025-11-25 08:39:00;2025-11-24 13:36:04.773;IEPER_YPERMAN;Oazis;CARE ADMIN;SD10
SD10-123771;Request for Information;Trivial;VSB dossiers lukken niet bij 3 Waalse patn;5.0;snelle hulp !!;2025-10-29 13:23:00;2025-10-27 15:33:41.147;IEPER_YPERMAN;Oazis;CARE ADMIN;SD10
SD10-123753;Request for Information;Major;export patiëntenfacturen zending 35409;5.0;;2025-10-27 11:30:00;2025-10-27 10:38:10.207;IEPER_YPERMAN;Oazis;CARE ADMIN;SD10
SD10-123525;Incident;Major;reservaties komen nu meteen op privaat/verz/ niet verz of mut;3.0;"Het antwoord kon sneller volgen. 
Uiteindelijk na kleine maand wachttijd mooi antwoord ontvangen.";2025-11-25 11:18:00;2025-10-17 08:39:09.223;IEPER_YPERMAN;Oazis;CARE ADMIN;SD10
SD10-118782;Incident;Major;insurability komt sinds vanavond niet door in oazis;4.0;;2025-04-15 08:19:00;2025-03-25 18:52:02.827;IEPER_YPERMAN;Oazis;CARE ADMIN;SD10
SD10-118636;Request for Configuration;Minor;Opstarten van het tonen van factuurvoorwaarden aan de kiosk;4.0;;2025-03-31 11:18:00;2025-03-20 11:03:59.507;IEPER_YPERMAN;Oazis;CARE ADMIN;SD10
SD10-118303;Incident;Major;CATEGORIE Ar;5.0;/;2025-05-14 15:56:00;2025-03-06 15:18:18.953;IEPER_YPERMAN;Oazis;CARE ADMIN;SD10
SD10-119776;Request for Information;Trivial;xCheckin;2.0;Het was geen antwoord op mijn vraag. Maar nu is het doorgestuurd naar ADT werkgroep. Dus er komt nog een opvolging.;2025-05-27 09:01:00;2025-05-06 16:09:17.467;IEPER_YPERMAN;Oazis;CARE ADMIN;SD10
SD10-120473;Incident;Major;voorbeeld van eHealth mutatie adres update niet gelukt;4.0;Tevreden, maar is niet de eerste keer dat we daar problemen mee hadden gemeld.;2025-06-25 09:49:00;2025-06-03 14:47:10.850;IEPER_YPERMAN;Oazis;CARE ADMIN;SD10
SD10-120480;Incident;Major;P1 - BATCH_EMAIL_MODE1 stuurt geen mails uit bij status 2 (ONBEANTWOORD);3.0;zeer lange doorlooptijd, maar finaal wel snel opgelost;2025-10-09 12:07:00;2025-06-03 15:39:03.197;IEPER_YPERMAN;Oazis;CARE ADMIN;SD10
SD10-119536;Incident;Major;GPS 558843;4.0;/;2025-05-13 11:33:00;2025-04-25 10:51:27.440;IEPER_YPERMAN;Oazis;CARE ADMIN;SD10
SD10-119623;Incident;Trivial;tabblad verzekering - datum vanaf niet meer kunnen aanpassen;5.0;;2025-06-01 09:39:00;2025-04-29 12:48:29.913;IEPER_YPERMAN;Oazis;CARE ADMIN;SD10
SD10-117008;Request for Information;Minor;Roadmap vraag over AD en gebruikersbeheer;5.0;;2025-01-23 16:16:00;2025-01-23 14:23:02.620;IEPER_YPERMAN;Oazis;CARE ADMIN;SD10
SD10-117331;Incident;Trivial;Kan overlijdensdatum niet aanpassen;5.0;;2025-02-10 10:54:00;2025-02-04 16:08:58.783;IEPER_YPERMAN;Oazis;CARE ADMIN;SD10
SD10-117458;Request for Configuration;Trivial;CLONE - Kan overlijdensdatum niet aanpassen;4.0;;2025-02-25 08:31:00;2025-02-07 13:46:49.910;IEPER_YPERMAN;Oazis;CARE ADMIN;SD10
SD10-117650;Incident;Major;Verschillend RIZIV nummer;5.0;/;2025-02-27 08:12:00;2025-02-13 11:32:20.000;IEPER_YPERMAN;Oazis;CARE ADMIN;SD10
SD10-117661;Incident;Major;PRESTATIE 794010;4.0;;2025-02-26 09:06:00;2025-02-13 13:00:53.357;IEPER_YPERMAN;Oazis;CARE ADMIN;SD10
SD10-123699;Request for Configuration;Trivial;Toegang tot Zorgi klantenportaal;4.0;;2025-11-19 13:00:00;2025-10-23 13:37:24.923;HASSELT_JESSA;Oazis;CARE ADMIN;SD10
SD10-123701;Incident;Critical;diagnoses carenet einde ziekenhuizen komen niet door in oazis;5.0;;2025-10-27 14:09:00;2025-10-23 13:46:11.237;HASSELT_JESSA;Oazis;CARE ADMIN;SD10
SD10-123609;Request for Information;Trivial;MAF indicatie;5.0;Goede opvolging !;2025-10-30 08:32:00;2025-10-20 16:37:06.907;HASSELT_JESSA;Oazis;CARE ADMIN;SD10
SD10-124021;Incident;Major;MZG: Onverklaarde fout in zending;3.0;Tevreden met de oplossing van Filip. Het issues ging echter al 1.5 jaar mee en werd nu plots op 5 minuten tijd opgelost.;2026-02-16 11:05:00;2025-11-06 10:04:34.010;HASSELT_JESSA;Oazis;CARE ADMIN;SD10
SD20-15741;Incident;Trivial;AUT: In Acceptatie kan referentiegebruiker JESREFKUFBKH niet meer gebruikt worden.;2.0;Dit ticket staat reeds geruime tijd open en wordt dan afgesloten zonder oplossing.;2025-09-30 16:20:00;2025-09-04 08:36:22.673;HASSELT_JESSA;ERP4HC2.0;ERP;SD20
SD20-15888;Request for Information;Trivial;FIN - CSV opladen in periode 13 tot 16 ;5.0;Vlot, correct en duidelijk geholpen;2025-09-25 11:35:00;2025-09-23 09:35:29.227;HASSELT_JESSA;ERP4HC2.0;ERP;SD20
SD20-15904;Request for Configuration;Trivial;Nieuwe printer definiëren;5.0;Snel en correct;2025-09-26 13:03:00;2025-09-24 14:53:00.677;HASSELT_JESSA;ERP4HC2.0;ERP;SD20
SD20-15824;Request for Configuration;Trivial;Afschakelen oude SAP omgeving;5.0;snel en correct opgepikt;2025-09-16 11:17:00;2025-09-16 08:42:59.830;HASSELT_JESSA;ERP4HC2.0;ERP;SD20
SD20-15920;Incident;Trivial;Job SAPCONNECT INT SEND 160 afgebroken;5.0;Snel de info verkregen waar ik naar op zoek was.;2025-09-26 13:03:00;2025-09-25 13:17:38.113;HASSELT_JESSA;ERP4HC2.0;ERP;SD20
SD20-15365;Request for Information;Trivial;Onze monitoring pikte op dat Job C160_MRP_KEUKENREPLENISH dubbel gepland is. A02 160;4.0;;2025-08-01 11:37:00;2025-07-18 08:51:45.070;HASSELT_JESSA;ERP4HC2.0;ERP;SD20
SD20-16702;Request for Configuration;Trivial;AK: instellen Bevestigingsbesturing voor bestellingen type AB.;5.0;Vlot en uitgevoerd zoals gewenst.;2025-12-02 14:12:00;2025-12-01 13:05:52.550;HASSELT_JESSA;ERP4HC2.0;ERP;SD20
SD20-16725;Incident;Minor;FIN - Afsluiten boekjaar VA - AJAB in PRD;5.0;;2025-12-10 16:19:00;2025-12-02 13:59:35.030;HASSELT_JESSA;ERP4HC2.0;ERP;SD20
SD20-16770;Request for Information;Trivial;CLONE - LOG - Boeking artikels niet voltooid op PO;4.0;Johan S. volgt tickets correct op.;2026-02-02 11:55:00;2025-12-05 12:33:10.457;HASSELT_JESSA;ERP4HC2.0;ERP;SD20
SD20-16425;Request for Information;Trivial;LOG - Geen adhoc inventory op locatie BB18H04;4.0;;2025-11-07 15:15:00;2025-11-07 13:19:50.903;HASSELT_JESSA;ERP4HC2.0;ERP;SD20
SD20-16464;Incident;Minor;FIN: Release S4H2021.08 - Transacties ZFI_DL_BIJL_CRED en ZFI_DL_BIJL_DEB niet gevonden;4.0;Opgelost en relatief vlot.;2025-11-28 08:41:00;2025-11-13 11:14:47.753;HASSELT_JESSA;ERP4HC2.0;ERP;SD20
SD20-14950;Incident;Trivial;Teveel printers zichtbaar in ZEWM_LABELPRINT;5.0;Snelle correcte afhandeling door alle betrokkenen (SD, functioneel, development).;2025-06-16 09:46:00;2025-06-11 15:15:58.327;HASSELT_JESSA;ERP4HC2.0;ERP;SD20
SD20-14976;Incident;Major;AK: Job ZMM_JSON_CATALOG breekt af. Graag analyse ST22.;5.0;Vlotte afhandeling, bedankt!;2025-06-16 12:57:00;2025-06-13 12:17:45.760;HASSELT_JESSA;ERP4HC2.0;ERP;SD20
SD20-14650;Request for Configuration;Major;P02 160 FIN-Waardeverminderingen;4.0;;2025-06-03 13:00:00;2025-05-14 10:47:51.643;HASSELT_JESSA;ERP4HC2.0;ERP;SD20
SD20-14548;Incident;Major;Interface SAP > Ultimo: niet-relevante goederenontvangsten gaan ook naar Ultimo;4.0;Beoogd resultaat werd behaald. Dank u.;2025-10-07 08:52:00;2025-05-06 15:21:07.187;HASSELT_JESSA;ERP4HC2.0;ERP;SD20
SD30-33606;Incident;Trivial;Blocked sessions Messagebroker database;5.0;;2025-08-21 15:56:00;2025-08-20 16:42:19.260;HASSELT_JESSA;Apotheek;PHARMA;SD30
SD30-35259;Incident;Trivial;Dubbele aflevering zaterdag 15/11;5.0;;2025-11-26 10:21:00;2025-11-20 15:55:55.107;HASSELT_JESSA;Apotheek;PHARMA;SD30
SD30-35756;Request for Configuration;Trivial;Uitstel release 2025.5;5.0;;2025-12-18 09:22:00;2025-12-16 16:45:04.670;HASSELT_JESSA;Apotheek;PHARMA;SD30
SD30-33872;Incident;Major;Manueel doorsturen RDS berichten naar Galenus;5.0;;2025-09-16 13:40:00;2025-09-05 11:47:14.757;HASSELT_JESSA;Apotheek;PHARMA;SD30
SD30-34057;Incident;Minor;Foutmelding bij opvragen globale picking;5.0;;2025-09-16 12:05:00;2025-09-16 09:59:05.647;HASSELT_JESSA;Apotheek;PHARMA;SD30
SD30-34002;Incident;Blocker;H++ ne reçoit plus de messages RDS de Apot depuis le 10/9/2025 17h18;5.0;Un tout grand merci pour la rapidité de l'intervention :-);2025-09-11 17:47:00;2025-09-11 16:48:26.977;BRUXELLES_ST-JEAN;Apotheek;PHARMA;SD30
SD30-33865;Request for Configuration;Trivial;SN90-5193 : ok pour installation Apot-v versie 2025.4 le 11/09 à 14h.;5.0;;2025-09-05 11:10:00;2025-09-05 10:40:04.387;BRUXELLES_ST-JEAN;Apotheek;PHARMA;SD30
SD30-34099;Request for Configuration;Major;"Note ""Peppol"" sur les bons de commandes";5.0;;2025-09-18 16:32:00;2025-09-18 11:48:54.223;BRUXELLES_ST-JEAN;Apotheek;PHARMA;SD30
SD30-34390;Request for Information;Trivial;Upgrade WISH ;5.0;;2025-10-14 08:54:00;2025-10-06 11:29:21.433;BRUXELLES_ST-JEAN;Apotheek;PHARMA;SD30
SD30-34592;Request for Information;Trivial;Communication de eHealth pour les public keys des utilisateurs des endpoints de IAM : l'avez vous reçue et avez vous quelque chose à faire ?;5.0;;2025-10-15 14:45:00;2025-10-14 17:29:44.900;BRUXELLES_ST-JEAN;Apotheek;PHARMA;SD30
SD30-34593;Request for Information;Trivial;eHealth Communication: Technical refactoring: Therapeutic Links and Metahub. Etes vous au courant et avez vous quelque chose à faire ? ;5.0;;2025-10-15 14:37:00;2025-10-14 17:44:45.667;BRUXELLES_ST-JEAN;Apotheek;PHARMA;SD30
SD30-34815;Request for Information;Trivial; eHealth Communication: Renewal of public key - Additional clarification on scope and applicability;5.0;;2025-10-27 15:26:00;2025-10-27 15:04:12.140;BRUXELLES_ST-JEAN;Apotheek;PHARMA;SD30
SD30-34816;Request for Configuration;Trivial;user recipe pour notre nouveau pharmacien;5.0;;2025-11-17 10:31:00;2025-10-27 15:55:49.333;BRUXELLES_ST-JEAN;Apotheek;PHARMA;SD30
SD30-34720;Incident;Major;Derniers fichiers prestations WISH --> APOT non traités;5.0;;2025-10-23 11:56:00;2025-10-21 16:20:09.217;BRUXELLES_ST-JEAN;Apotheek;PHARMA;SD30
SD30-35782;Incident;Trivial;Modifier COM port dans paramètres du PC ;5.0;;2026-01-15 10:12:00;2025-12-17 15:39:48.507;BRUXELLES_ST-JEAN;Apotheek;PHARMA;SD30
SD30-35710;Request for Configuration;Trivial;"Armoire BOP10 : cocher flag ""envoyer à l'armoire Beldico""";5.0;;2025-12-15 16:08:00;2025-12-15 14:27:50.710;BRUXELLES_ST-JEAN;Apotheek;PHARMA;SD30
SD30-35309;Incident;Major;Certaines consommations de la machine Betrace liée à l'armoire BOPRE n'arrivent pas dans Apot.;5.0;;2025-11-26 10:37:00;2025-11-24 15:53:03.533;BRUXELLES_ST-JEAN;Apotheek;PHARMA;SD30
SD30-32552;Request for Information;Trivial;certificat eHealth pour CN=NIHII-HOSPITAL=71011027, KSJZORGI expire au 28/06/2025;5.0;;2025-06-25 16:38:00;2025-06-16 16:38:27.963;BRUXELLES_ST-JEAN;Apotheek;PHARMA;SD30
SD30-33105;Request for Information;Trivial;Nouveau mail de eHealth... vous êtes au courant ? Doit-on faire quelque chose ? ;5.0;;2025-10-15 14:37:00;2025-07-16 09:23:50.263;BRUXELLES_ST-JEAN;Apotheek;PHARMA;SD30
SD30-33153;Request for Information;Trivial;Communication for eHealthBox : getAttachment with a generic mimetype;5.0;;2025-08-11 09:50:00;2025-07-17 15:34:59.477;BRUXELLES_ST-JEAN;Apotheek;PHARMA;SD30
SD30-33287;Request for Information;Trivial;Modifier la version des fichiers d'articles WISH à 2401;5.0;;2025-07-29 16:04:00;2025-07-28 18:19:02.210;BRUXELLES_ST-JEAN;Apotheek;PHARMA;SD30
SD30-33320;Request for Information;Trivial;APOT DASHBOARD erreurs d'exportation : divers cas;5.0;;2025-09-12 15:49:00;2025-07-30 16:06:35.937;BRUXELLES_ST-JEAN;Apotheek;PHARMA;SD30
SD30-33331;Request for Configuration;Trivial;APOT : activation PMI pour le nouveau service A311 que je viens de créer;5.0;;2025-07-31 16:34:00;2025-07-31 11:25:56.420;BRUXELLES_ST-JEAN;Apotheek;PHARMA;SD30
SD30-31749;Request for Configuration;Trivial;SN90-4639 : ne pas installer V2025.3 en production le 12/05/25;5.0;;2025-05-26 09:32:00;2025-05-09 10:35:55.363;BRUXELLES_ST-JEAN;Apotheek;PHARMA;SD30
SD30-32733;Request for Information;Trivial;SN90-4937 : Apot V2025.3 niet installeren de 03/07/25;5.0;;2025-06-25 15:44:00;2025-06-25 14:54:33.537;BRUXELLES_ST-JEAN;Apotheek;PHARMA;SD30
SD30-32616;Incident;Trivial;Saint-Jean BXL : NARCOREG KO;5.0;;2025-07-17 13:43:00;2025-06-19 10:39:35.163;BRUXELLES_ST-JEAN;Apotheek;PHARMA;SD30
SD30-29196;Request for Information;Major;numéro de téléphone bon de commande;3.0;;2025-02-05 11:32:00;2025-01-06 16:23:15.833;BRUXELLES_ST-JEAN;Apotheek;PHARMA;SD30
SD30-30173;Incident;Blocker;liste de distri bloquees;5.0;"parfait merci
Marie Dufrasne";2025-03-07 10:19:00;2025-02-21 10:07:34.783;BRUXELLES_ST-JEAN;Apotheek;PHARMA;SD30
SD30-30263;Request for Information;Trivial;BCG et BCG 1/10 articles fractionés à lier + prix corrects;5.0;parfait merci;2025-03-14 09:37:00;2025-02-26 09:38:00.807;BRUXELLES_ST-JEAN;Apotheek;PHARMA;SD30
SD30-30337;Request for Configuration;Minor;suppression anciennes consommations ;5.0;;2025-03-31 11:07:00;2025-02-28 15:37:19.167;BRUXELLES_ST-JEAN;Apotheek;PHARMA;SD30
SDEPR-78336;Request for Information;Minor;Questions gestion utilisateurs;5.0;;2025-04-15 10:44:00;2025-03-27 15:53:30.280;BRUXELLES_ST-JEAN;H++/EPR;CARE;SDEPR
SDEPR-78183;Incident;Major;bloquer KCL IV Potassium en IV direct seul;2.0;;2025-03-05 11:11:00;2025-02-14 15:45:51.017;BRUXELLES_ST-JEAN;H++/EPR;CARE;SDEPR
SDCARE-72442;Version Validation Request;Critical;CLONE - Substitution Xalacom : propose les deux collyres qui contiennent un seul principe actif (et plus le Timolatears);5.0;;2025-01-31 09:31:00;2025-01-13 09:21:49.190;SAINTVITH_CSJ;ZORGI CARE;CARE;SDCARE
SDCARE-75003;Request for Information;Major;Question sur formule XStat;5.0;;2025-04-25 14:37:00;2025-04-23 11:43:46.367;SAINTVITH_CSJ;ZORGI CARE;CARE;SDCARE
SD30-32515;Request for Information;Trivial;Voorstellen lotnummers voor afleverregister;5.0;Ok, prima.;2025-06-19 14:26:00;2025-06-11 10:05:39.107;OOSTDUINKERKE_KONINGIN-ELISABETH;Apotheek;PHARMA;SD30
SD30-32760;Request for Configuration;Major;Graag al deze lijnen naar historiek verplaatsen;5.0;;2025-08-01 10:39:00;2025-06-26 14:47:27.517;GENT_MARIAMIDDELARES;Apotheek;PHARMA;SD30
SD30-32930;Incident;Major;Facturatie 2483 niet doorgegaan ????;4.0;;2025-07-08 13:51:00;2025-07-04 14:49:44.537;GENT_MARIAMIDDELARES;Apotheek;PHARMA;SD30
SD30-33484;Incident;Major;Dossiers raken niet gefactureerd;5.0;;2025-09-02 16:20:00;2025-08-11 16:24:11.707;GENT_MARIAMIDDELARES;Apotheek;PHARMA;SD30
SD30-35908;Incident;Minor;Testfacturatie 2538;4.0;;2026-01-22 11:53:00;2025-12-26 11:27:56.937;GENT_MARIAMIDDELARES;Apotheek;PHARMA;SD30
SD30-34485;Incident;Major;Facturatie 2521 niet doorgegaan deze nacht;5.0;;2025-10-20 13:35:00;2025-10-09 10:56:34.383;GENT_MARIAMIDDELARES;Apotheek;PHARMA;SD30
SD31-5703;Request for Configuration;Minor;Uitrol nieuwe versie medicatiebeheer;5.0;;2025-07-02 15:58:00;2025-07-02 13:53:34.527;GENT_MARIAMIDDELARES;EPD;CARE;SD31
SD30-31086;Incident;Major;error bij de gebruikers van phara;5.0;;2025-04-22 09:45:00;2025-04-04 08:56:53.327;GENT_MARIAMIDDELARES;Apotheek;PHARMA;SD30
SD10-124418;Incident;Major;foutmelding bij reservatie van 1/12 <ERR_HC_000021> <ERR_HC_000034> <ERR_HC_000026> Fout bij bewaren van de reservatie:2508985485;5.0;bedankt voor de snelle feedback;2025-11-28 13:33:00;2025-11-27 12:30:53.130;GENT_MARIAMIDDELARES;Oazis;CARE ADMIN;SD10
SD10-122081;Request for Configuration;Major;Verhoogde tegemoetkoming radiologische onderzoeken;1.0;Er werd geen oplossing geboden;2025-08-18 09:47:00;2025-08-14 15:24:35.467;LEUVEN_MCH;Oazis;CARE ADMIN;SD10
SD32-8661;Incident;Minor;heropenen SD32-8585;5.0;;2025-09-10 14:14:00;2025-09-08 13:37:29.747;BRUGGE_MINTUS;ECO/BOEK;ERP;SD32
SD50-616;Incident;Trivial;MDA > Foutenlijst federaal > Verzekerbaarheid > Gedeeltelijk: berichten kunnen niet verwijderd worden;5.0;;2025-10-08 08:33:00;2025-10-06 09:58:13.513;MELSBROEK_MSKLINIEK;ZORGI Care Admin;CARE ADMIN;SD50
SD10-121179;Incident;Trivial;DF00410 vertrekt niet voor contact 347207596;4.0;;2025-07-03 12:21:00;2025-07-03 07:21:37.557;MELSBROEK_MSKLINIEK;Oazis;CARE ADMIN;SD10
SD10-123451;Incident;Trivial;DF00402 werd niet ontvangen door ZK 180 voor contact 349195091;4.0;;2025-10-17 07:17:00;2025-10-15 10:05:52.283;MELSBROEK_MSKLINIEK;Oazis;CARE ADMIN;SD10
SD10-124017;Incident;Trivial;oud dossier 051200358;5.0;;2025-11-07 10:40:00;2025-11-06 08:52:59.550;MELSBROEK_MSKLINIEK;Oazis;CARE ADMIN;SD10
SD10-121587;Request for Information;Major;MZNL - Born In Belgium integratie;5.0;;2025-07-22 14:30:00;2025-07-22 11:38:36.240;OVERPELT_MARIA;Oazis;CARE ADMIN;SD10
SD20-14607;Incident;Major;Opladen facturatie maart 2025;5.0;;2025-05-13 07:58:00;2025-05-12 07:30:25.350;OVERPELT_MARIA;ERP4HC2.0;ERP;SD20
SD20-13585;Incident;Major;Opladen facturatie december;4.0;;2025-03-06 07:29:00;2025-02-14 14:59:42.973;OVERPELT_MARIA;ERP4HC2.0;ERP;SD20
SD20-13909;Incident;Trivial;CODA-bestand 2x opgeladen;5.0;;2025-03-25 10:31:00;2025-03-10 07:39:08.673;OVERPELT_MARIA;ERP4HC2.0;ERP;SD20
SDAZIS-8278;Request for Configuration;Trivial;Aanpassen dosis bij Xeomeen;5.0;;2025-04-15 11:06:00;2025-04-14 17:44:47.513;OVERPELT_MARIA;AZIS Pharmacy;PHARMA;SDAZIS
SD10-122076;Request for Information;Major;registratie Spine - heup - knie - hartstimulator in healthdata;4.0;;2025-12-09 12:08:00;2025-08-14 12:19:16.227;WAREGEM_OLVLOURDES;Oazis;CARE ADMIN;SD10
SD10-122956;Request for Information;Trivial;Gfin berekening;4.0;Ik kreeg vlug een duidelijk antwoord.;2025-10-01 13:52:00;2025-09-25 13:52:26.103;WAREGEM_OLVLOURDES;Oazis;CARE ADMIN;SD10
SD10-124953;Incident;Major;geen operatieve hulp bij het aanrekenen van 312410-312421 en 312432-312443 behalve indien deze verricht worden door een arts-specialist in opleiding in de stomatologie;5.0;;2025-12-24 08:33:00;2025-12-16 15:39:25.250;WAREGEM_OLVLOURDES;Oazis;CARE ADMIN;SD10
SD10-124442;Request for Information;Minor;medicatie op groepscontactnummer gekopieerd naar verbl contact maar blijft op ambulante factuur staan met verbl contactnummer;5.0;;2025-12-04 11:59:00;2025-11-27 15:50:38.763;WAREGEM_OLVLOURDES;Oazis;CARE ADMIN;SD10
SD10-120151;Incident;Trivial;GSM nummer van contactpersonen wordt niet doorgestuurd via HL7;4.0;;2025-07-07 10:40:00;2025-05-20 11:21:52.780;WAREGEM_OLVLOURDES;Oazis;CARE ADMIN;SD10
SD30-34629;Incident;Major;batch facturatie laten lopen;5.0;Snelle en correcte service!;2025-10-16 15:53:00;2025-10-16 11:48:34.823;WAREGEM_OLVLOURDES;Apotheek;PHARMA;SD30
SD30-34636;Incident;Trivial;Factuurvalidatie - Facturen ARCO stromen niet door;5.0;;2025-10-16 15:21:00;2025-10-16 15:04:17.910;WAREGEM_OLVLOURDES;Apotheek;PHARMA;SD30
SD30-34339;Request for Configuration;Trivial;Probleem doorsturen facturen;5.0;;2025-10-02 11:20:00;2025-10-02 08:55:08.617;WAREGEM_OLVLOURDES;Apotheek;PHARMA;SD30
SD30-35299;Incident;Minor;Opboeken zendnota komt niet bij de stock van het artikel;5.0;Snel opgelost!;2025-11-24 14:59:00;2025-11-24 12:08:27.967;WAREGEM_OLVLOURDES;Apotheek;PHARMA;SD30
SD31-5800;Request for Information;Major;Medicatie uit VANASkast en toedieningsmoment niet kunnen aftekenen in medicatieoverzicht.;4.0;;2025-09-19 15:23:00;2025-09-16 09:47:25.537;WAREGEM_OLVLOURDES;EPD;CARE;SD31
SD31-5831;Request for Information;Major;Gestopte perfusie-opdracht blijft zichtbaar na stopdatum;5.0;;2025-10-08 16:08:00;2025-10-06 14:54:05.663;WAREGEM_OLVLOURDES;EPD;CARE;SD31
SD31-5856;Request for Information;Minor;Uitprint medicatieschema in het Frans;5.0;;2025-10-22 16:00:00;2025-10-22 11:07:55.510;WAREGEM_OLVLOURDES;EPD;CARE;SD31
SD31-5929;Incident;Major;Blokkerende werking van de Beta-omgeving ;5.0;Gerichte en correct ondersteuning;2025-12-08 15:30:00;2025-12-01 10:52:03.877;WAREGEM_OLVLOURDES;EPD;CARE;SD31
SD31-5962;Request for Information;Trivial;Werkwijze medicatieregistratie op verkeerd inschrijvingsnummer aanpassen.;4.0;;2025-12-29 09:43:00;2025-12-22 11:12:35.963;WAREGEM_OLVLOURDES;EPD;CARE;SD31
SD31-5969;Request for Information;Trivial;openstaande toedieningsmomenten;4.0;;2025-12-29 13:24:00;2025-12-29 10:25:18.260;WAREGEM_OLVLOURDES;EPD;CARE;SD31
SD32-8846;Incident;Critical;Aanpassen SMTP-RELAY voor bestelbonnen@opzcrekem.be (ECONOMAAT);5.0;;2025-10-28 09:40:00;2025-10-27 11:22:02.900;REKEM_OPZ;ECO/BOEK;ERP;SD32
SD32-8062;Incident;Major;batch nr nakijken aub: lijst is niet volledig naar mijn mening...?;2.0;"Knop ""OK + druk"" werkt nog steeds niet in kassa 11";2025-04-22 10:15:00;2025-03-21 14:18:57.407;REKEM_OPZ;ECO/BOEK;ERP;SD32
SD32-8444;Request for Information;Trivial;Verwerking e-invoices met verlegging van btw;5.0;;2025-06-27 08:37:00;2025-06-25 09:32:19.273;REKEM_OPZ;ECO/BOEK;ERP;SD32
SD32-8580;Incident;Trivial;Scans facturen toevoegen aan BOEK;5.0;;2025-08-11 09:59:00;2025-08-06 13:42:08.183;REKEM_OPZ;ECO/BOEK;ERP;SD32
SD32-8369;Incident;Major;Dubieus dossier --> print;5.0;;2025-06-24 08:50:00;2025-06-03 14:21:51.733;REKEM_OPZ;ECO/BOEK;ERP;SD32
SD32-8279;Request for Configuration;Major;"knop ""ok en druk"" actief zetten in kassa 11";2.0;"goedemorgen
Jullie gingen mij laten weten als de knop ok + druk hersteld was, nu is het verzoek gesloten en heb geen melding gehad of het werkt of niet? Bedankt voor jullie feedback, mvg";2025-08-08 08:39:00;2025-05-07 15:34:44.957;REKEM_OPZ;ECO/BOEK;ERP;SD32
SD30-34034;Request for Configuration;Major;Retirer une date hors marché;5.0;;2025-09-15 14:32:00;2025-09-15 13:36:28.923;LALOUVIERE_JOLIMONT;Apotheek;PHARMA;SD30
SD11-25274;Request for Information;Trivial;201250, 20125A, 201261 et 20126B remarque RVAUT;5.0;;2025-08-26 09:17:00;2025-08-22 07:58:27.287;LALOUVIERE_JOLIMONT;Oazis;CARE ADMIN;SD11
SD11-25313;Request for Information;Trivial;rejet suite absence lecture EID;5.0;;2025-08-28 16:51:00;2025-08-27 10:06:13.073;LALOUVIERE_JOLIMONT;Oazis;CARE ADMIN;SD11
SD11-25314;Request for Information;Trivial;rejet fre pour absence lecture EID;5.0;;2025-08-28 16:50:00;2025-08-27 13:26:13.487;LALOUVIERE_JOLIMONT;Oazis;CARE ADMIN;SD11
SD11-25103;Request for Configuration;Trivial;ajout remarque ANEST sur 214314;5.0;;2025-07-31 13:49:00;2025-07-29 15:55:50.003;LALOUVIERE_JOLIMONT;Oazis;CARE ADMIN;SD11
SD11-25024;Request for Information;Trivial;URGC : Paramètre de la remarque SPNCH;5.0;;2025-07-22 15:37:00;2025-07-18 13:57:28.513;LALOUVIERE_JOLIMONT;Oazis;CARE ADMIN;SD11
SD11-24966;Request for Information;Trivial;RVAUT 35592E;5.0;;2025-07-17 14:05:00;2025-07-14 10:06:16.263;LALOUVIERE_JOLIMONT;Oazis;CARE ADMIN;SD11
SD11-25008;Request for Configuration;Trivial;rejet de la prestation 401332 pour le lieu;5.0;;2026-03-12 13:58:00;2025-07-17 14:35:24.160;LALOUVIERE_JOLIMONT;Oazis;CARE ADMIN;SD11
SD11-25666;Request for Information;Trivial;comment tarifer le forfait pour la nutrition parentérale;5.0;;2025-11-04 08:22:00;2025-10-03 12:52:37.367;LALOUVIERE_JOLIMONT;Oazis;CARE ADMIN;SD11
SD11-25837;Request for Configuration;Trivial;cumul possible entre 471251/262 et 471391/402;5.0;;2025-10-30 10:26:00;2025-10-22 08:52:28.847;LALOUVIERE_JOLIMONT;Oazis;CARE ADMIN;SD11
SD11-26007;Request for Information;Trivial;impossibilité de facturer contact 225111574410;5.0;;2026-02-11 14:55:00;2025-11-12 11:55:51.927;LALOUVIERE_JOLIMONT;Oazis;CARE ADMIN;SD11
SD11-26110;Request for Information;Trivial;rejet 239083 pour prestataire de compétence 580;5.0;;2025-12-29 08:25:00;2025-11-20 15:49:09.370;LALOUVIERE_JOLIMONT;Oazis;CARE ADMIN;SD11
SD11-26276;Request for Information;Trivial;génération des différentes conventions;5.0;;2025-12-10 10:58:00;2025-12-10 08:40:57.700;LALOUVIERE_JOLIMONT;Oazis;CARE ADMIN;SD11
SDCARE-74354;Request for Configuration;Major;Activation PA et connecteur registre vaccination - Jolimont Prod;5.0;;2025-03-31 17:17:00;2025-03-26 14:15:13.487;LALOUVIERE_JOLIMONT;ZORGI CARE;CARE;SDCARE
SDCARE-73819;Version Validation Request;Major;Question ou bug sur le resumé clinique;5.0;;2025-03-07 14:30:00;2025-03-05 09:57:43.320;LALOUVIERE_JOLIMONT;ZORGI CARE;CARE;SDCARE
SDCARE-73853;Request for Information;Minor;question Resumé clinique : carte Fiche santé à inclure ;5.0;;2025-03-07 13:15:00;2025-03-06 11:08:57.280;LALOUVIERE_JOLIMONT;ZORGI CARE;CARE;SDCARE
SDCARE-74060;Version Validation Request;Minor;Question parametrage d'un resume clinique ;5.0;;2025-04-04 14:25:00;2025-03-14 14:44:27.413;LALOUVIERE_JOLIMONT;ZORGI CARE;CARE;SDCARE
SDCARE-76223;Correction Request;Major;" Impossible de valider un bilan des urines; message d'erreur, probleme identique au SDCARE-75920";4.0;;2025-09-02 13:19:00;2025-06-18 13:17:02.897;LALOUVIERE_JOLIMONT;ZORGI CARE;CARE;SDCARE
SDCARE-75973;Version Validation Request;Blocker;La validation du Score NIHSS ne reporte pas la valeur dans le paramètre, mais crée une réalisation d'échelle;5.0;;2025-06-26 17:33:00;2025-06-10 14:47:46.093;LALOUVIERE_JOLIMONT;ZORGI CARE;CARE;SDCARE
SDCARE-75885;Request for Information;Trivial;"Recip-e : notion de ""TSD""";5.0;;2025-06-05 15:34:00;2025-06-05 10:34:09.047;LALOUVIERE_JOLIMONT;ZORGI CARE;CARE;SDCARE
SDCARE-72256;Incident;Major;Resumé clinique tres long au chargement via TB, vue macro ou bandeau de droite ;5.0;;2025-01-08 13:21:00;2025-01-07 08:10:03.733;LALOUVIERE_JOLIMONT;ZORGI CARE;CARE;SDCARE
SDCARE-72980;Request for Configuration;Critical;Letter: Pool impossible à supprimer;5.0;;2025-02-03 10:59:00;2025-02-03 09:25:17.757;LALOUVIERE_JOLIMONT;ZORGI CARE;CARE;SDCARE
SDCARE-73115;Request for Configuration;Major;Prest | Activation PA : nomaxdate;4.0;;2025-02-11 11:58:00;2025-02-06 12:00:47.507;LALOUVIERE_JOLIMONT;ZORGI CARE;CARE;SDCARE
SDCARE-76990;Correction Request;Major;Message d'erreur a l'ouverture du portail lors de l'utilsation de l'agenda ;4.0;;2025-09-02 13:20:00;2025-07-15 15:34:03.857;LALOUVIERE_JOLIMONT;ZORGI CARE;CARE;SDCARE
SDCARE-77966;Request for Configuration;Minor;amélioration visibilité macro vue ;5.0;;2025-09-03 13:25:00;2025-09-02 14:22:55.997;LALOUVIERE_JOLIMONT;ZORGI CARE;CARE;SDCARE
SDCARE-79495;Version Validation Request;Major;"Ajout plan de soins: soins colorés de rouge ""veuillez encoder une durée positive""";5.0;;2025-10-31 13:10:00;2025-10-31 09:42:30.930;LALOUVIERE_JOLIMONT;ZORGI CARE;CARE;SDCARE
SD30-35835;Incident;Major;Fout in Batch;5.0;Zeer snelle reactie en direct opgelost, dank je wel;2025-12-22 09:14:00;2025-12-19 15:24:08.970;MERELBEKE_ZORGCENTRUM-LEMBERGE;Apotheek;PHARMA;SD30
SD30-31757;Request for Configuration;Major;toevoegen van synoniemen aan artnr 2506286 Paracetamol BT 1000 mg;4.0;;2025-05-23 14:18:00;2025-05-09 13:39:14.307;MERELBEKE_ZORGCENTRUM-LEMBERGE;Apotheek;PHARMA;SD30
SD31-5496;Request for Configuration;Major;aanpassing hyperglycemie bijspuitschema ;5.0;;2025-03-31 14:24:00;2025-02-28 10:26:08.037;MERELBEKE_ZORGCENTRUM-LEMBERGE;EPD;CARE;SD31
SD10-119790;Incident;Trivial;onbeantwoorde berichten opnieuw versturen;5.0;;2025-05-26 10:19:00;2025-05-07 12:28:52.053;ZOTTEGEM_STFRANCISCUS;Oazis;CARE ADMIN;SD10
SD10-119933;Incident;Trivial;facturatie beschut wonen aanpassenBeste,;5.0;;2025-05-27 11:16:00;2025-05-13 10:03:05.547;ZOTTEGEM_STFRANCISCUS;Oazis;CARE ADMIN;SD10
SD10-119620;Incident;Trivial;woonvergoeding aanpassen in beschut wonen;5.0;;2025-05-27 10:20:00;2025-04-29 12:01:55.227;ZOTTEGEM_STFRANCISCUS;Oazis;CARE ADMIN;SD10
SD10-119488;Incident;Trivial;ontslag registreren in beschut wonen;5.0;;2025-05-12 12:48:00;2025-04-24 07:24:39.373;ZOTTEGEM_STFRANCISCUS;Oazis;CARE ADMIN;SD10
SD10-119260;Incident;Trivial;registreren van aanwezigheid tijdens verblijf in beschut wonen;5.0;;2025-05-12 10:07:00;2025-04-11 10:32:00.947;ZOTTEGEM_STFRANCISCUS;Oazis;CARE ADMIN;SD10
SD10-119134;Incident;Trivial;doorsturen DF00421 beschut wonenBeste,;5.0;;2025-05-06 12:30:00;2025-04-07 11:23:28.313;ZOTTEGEM_STFRANCISCUS;Oazis;CARE ADMIN;SD10
SD10-119457;Incident;Trivial;DF003 bericht versturen;5.0;;2025-05-13 14:23:00;2025-04-23 09:44:00.213;ZOTTEGEM_STFRANCISCUS;Oazis;CARE ADMIN;SD10
SD10-118364;Incident;Trivial;huisarts registreren;5.0;;2025-03-24 14:12:00;2025-03-10 12:52:03.957;ZOTTEGEM_STFRANCISCUS;Oazis;CARE ADMIN;SD10
SD10-118284;Incident;Trivial;afdrukken facturen beschut wonen;5.0;;2025-04-09 08:48:00;2025-03-06 11:03:47.520;ZOTTEGEM_STFRANCISCUS;Oazis;CARE ADMIN;SD10
SD10-118052;Incident;Trivial;DF00421 bericht versturen;5.0;;2025-03-17 13:22:00;2025-02-27 09:34:36.297;ZOTTEGEM_STFRANCISCUS;Oazis;CARE ADMIN;SD10
SD10-118553;Incident;Trivial;versturen DF00421 bericht;5.0;;2025-04-03 12:04:00;2025-03-17 13:33:34.577;ZOTTEGEM_STFRANCISCUS;Oazis;CARE ADMIN;SD10
SD10-117403;Incident;Trivial;721 bericht aanvullen en versturen;5.0;;2025-02-25 13:11:00;2025-02-06 11:42:05.450;ZOTTEGEM_STFRANCISCUS;Oazis;CARE ADMIN;SD10
SD10-117250;Incident;Trivial;beschut wonen DF003 bericht versturen;5.0;;2025-02-20 09:06:00;2025-02-03 09:13:10.970;ZOTTEGEM_STFRANCISCUS;Oazis;CARE ADMIN;SD10
SD10-117111;Incident;Trivial;Beschut wonen DF00411 opnieuw versturen;5.0;;2025-02-17 08:08:00;2025-01-28 11:31:41.817;ZOTTEGEM_STFRANCISCUS;Oazis;CARE ADMIN;SD10
SD10-116875;Incident;Minor;Apotheek - Anafranil niet meer in productenbestand;5.0;;2025-01-31 12:45:00;2025-01-20 15:48:01.477;ZOTTEGEM_STFRANCISCUS;Oazis;CARE ADMIN;SD10
SD10-124229;Request for Information;Major;blokkerende fouten bij FOD controles;5.0;;2025-11-27 10:26:00;2025-11-18 14:47:52.777;ZOTTEGEM_STFRANCISCUS;Oazis;CARE ADMIN;SD10
SDAZIS-8494;Incident;Major;FMD paswoord is vervallen;5.0;.;2025-12-30 15:42:00;2025-12-30 12:02:46.177;EEKLO_PSYCHIATRISCH;AZIS Pharmacy;PHARMA;SDAZIS
SDAZIS-8346;Incident;Trivial;geen automatische bevestigingen van niet toegediende medicatie;5.0;;2025-07-01 09:54:00;2025-06-27 10:19:02.587;EEKLO_PSYCHIATRISCH;AZIS Pharmacy;PHARMA;SDAZIS
SD20-13895;Request for Improvement;Major;P02-118 bijvraag bij SD20-13802 - berekende kost voor 2e rappel .csv van de 1e rappel;4.0;;2025-07-30 15:50:00;2025-03-06 17:27:04.910;LEUVEN_HH;ERP4HC2.0;ERP;SD20
SD20-14359;Request for Information;Minor;Afbetaalplan: waar kan ik dit soort tekst aanpassen ?;3.0;was een kwestie van de handleiding volgen;2025-05-02 09:30:00;2025-04-15 13:06:16.373;LEUVEN_HH;ERP4HC2.0;ERP;SD20
SD20-16162;Request for Information;Major;Upgrade SAPSprint software van versie xSPrint760_4-70004208 naar xSPrint800_8-80008151;5.0;;2025-10-20 06:50:00;2025-10-16 08:20:50.120;LEUVEN_HH;ERP4HC2.0;ERP;SD20
SD20-15897;Incident;Trivial;Bestelbonnen 42 & 45 mailen extern ondanks e-mailadres wijziging in bestelbon.;5.0;;2025-10-01 12:28:00;2025-09-23 14:32:51.390;LEUVEN_HH;ERP4HC2.0;ERP;SD20
SD30-31424;Incident;Critical;doorstroming van KWS naar Zorgi onvolledig;4.0;;2025-05-07 18:39:00;2025-04-23 08:44:47.187;TIENEN_HH;Apotheek;PHARMA;SD30
SD10-122654;Incident;Major;ontslagdatum aanpassen en corrigeren facturatie;5.0;snel en goed;2025-09-10 11:51:00;2025-09-10 10:30:35.213;TIENEN_HH;Oazis;CARE ADMIN;SD10
SD10-121842;Incident;Trivial;Oazis sluit zich automatisch terug af na inloggen;5.0;;2025-09-01 09:34:00;2025-08-04 13:07:30.473;TIENEN_HH;Oazis;CARE ADMIN;SD10
SD10-117707;Incident;Major;error bij installeren minor 128.4.0.0;4.0;;2025-02-17 11:47:00;2025-02-17 09:10:47.387;TIENEN_HH;Oazis;CARE ADMIN;SD10
SD20-16978;Request for Configuration;Trivial;P03/155 MARZ 01.01.2026 - meeboekrekening wijzigen van 489001 naar 489101;5.0;;2025-12-23 10:35:00;2025-12-22 14:31:22.067;TIENEN_HH;ERP4HC2.0;ERP;SD20
SD20-14961;Incident;Major;P02 138 Fout bij boeking investering in bedrijfsnummer RH04;5.0;Snelle en vlotte service :);2025-06-19 11:13:00;2025-06-12 13:55:47.847;EDEGEM_REVARTE;ERP4HC2.0;ERP;SD20
SD10-119578;Request for Information;Major;Naamswijziging bij prestatierecord;2.0;;2025-06-06 16:01:00;2025-04-28 11:49:21.990;EDEGEM_REVARTE;Oazis;CARE ADMIN;SD10
SD10-120308;Incident;Major;Ontslag wordt niet ingelezen;4.0;;2025-06-06 16:01:00;2025-05-26 15:00:08.833;EDEGEM_REVARTE;Oazis;CARE ADMIN;SD10
SD30-35506;Incident;Major;infohos online agent is down;5.0;dank je;2025-12-03 17:11:00;2025-12-03 15:38:32.407;HALLE_STMARIA;Apotheek;PHARMA;SD30
SD30-34659;Incident;Major;infohos online agent down;4.0;thanks;2025-10-17 21:09:00;2025-10-17 14:53:40.303;HALLE_STMARIA;Apotheek;PHARMA;SD30
SD10-122216;Request for Information;Trivial;Data inconsistenties vastgesteld;4.0;;2025-09-15 11:34:00;2025-08-22 11:45:24.283;HALLE_STMARIA;Oazis;CARE ADMIN;SD10
SD10-124134;Request for Information;Minor;Contactopmerking ivm waterforfait kan niet aangepast worden;4.0;;2025-11-25 08:50:00;2025-11-13 15:54:55.157;HALLE_STMARIA;Oazis;CARE ADMIN;SD10
SD10-124426;Incident;Minor;Contact 2504293503 opname- en ontslaguur moeten aangepast worden;5.0;;2025-12-02 13:53:00;2025-11-27 13:42:55.493;HALLE_STMARIA;Oazis;CARE ADMIN;SD10
SD10-125118;Incident;Minor;Fout export HOS 10/2025;5.0;;2025-12-26 10:40:00;2025-12-24 09:31:34.307;HALLE_STMARIA;Oazis;CARE ADMIN;SD10
SD20-13707;Request for Configuration;Major;"Graag tegel ""Emailverzendingen weergeven"" includief bijlagen toevoegen aan referentiegebruiker SMHREFPUR AUB.";2.0;"Beste,
Er werd ons verteld dat deze optie bestaat in SAP GUI met inzage in de bijgevoegd(e) document(en).  In FIORI bestaat deze optie enkel wat de uitgaande e-mails betreft.  De bijgevoegd(e) document(en) zijn niet zichtbaar.  Wij, als FIORI gebruikers, ";2025-03-10 16:50:00;2025-02-24 10:19:40.310;HALLE_STMARIA;ERP4HC2.0;ERP;SD20
SD20-15604;Request for Information;Major;Controle over het traject van bestelbon tot factuur;4.0;"Beste,
Het teamsoverleg was zeer ondersteunend.  Enkel spijtig dat het ticket slechts na lange tijd is opgepikt geweest.
Mvg,
Christel";2026-02-09 15:10:00;2025-08-19 13:18:36.767;HALLE_STMARIA;ERP4HC2.0;ERP;SD20
SDCARE-76995;Deployment Request;Trivial;Mise à jour Production 25.03.019;5.0;Bravo;2025-07-16 09:26:00;2025-07-15 21:44:49.007;WAVRE_SILVAMEDICAL;ZORGI CARE;CARE;SDCARE
SDCARE-77961;Request for Information;Major;Ik heb geen toegang aan cookbook en ook kan ik niet mij profile bekijken;5.0;zeer Goed;2025-09-11 11:51:00;2025-09-02 13:10:45.520;WAVRE_SILVAMEDICAL;ZORGI CARE;CARE;SDCARE
SDAZIS-8392;Request for Configuration;Trivial;Update Overzicht samennemingen oud/nieuw;5.0;-;2025-09-23 14:49:00;2025-09-09 13:58:50.680;TIELT_STANDRIES;AZIS Pharmacy;PHARMA;SDAZIS
SD20-13871;Incident;Major;P03-119 - ARCO 20250323648219 - Arco/zorgi flow;2.0;"We weten niet wat er is misgelopen. De factuur is niet meer doorgekomen. Is dit uitgezocht geweest?  
Geen feedback meer ontvangen.";2025-04-11 13:23:00;2025-03-05 14:51:13.850;TIELT_STANDRIES;ERP4HC2.0;ERP;SD20
SD10-120919;Request for Configuration;Trivial;Oazis Hotfix 129.2.5;5.0;-;2025-06-23 13:26:00;2025-06-23 10:43:31.823;TIELT_STANDRIES;Oazis;CARE ADMIN;SD10
SD10-117921;Request for Information;Trivial;OazisFAC NTS040  d disk full;5.0;;2025-02-24 14:08:00;2025-02-21 14:06:57.693;TIELT_STANDRIES;Oazis;CARE ADMIN;SD10
SD10-120944;Request for Information;Major;vergeten verzamelstaat hos af te sluiten, reeds tapes gemaakt;5.0;"dank voor het snelle antwoord ;)";2025-06-24 14:42:00;2025-06-23 16:37:59.157;HEUSDENZOLDER_STFRANCISKUS;Oazis;CARE ADMIN;SD10
SD10-122246;Request for Information;Major;foutmelding bij opstart export 250407;5.0;;2025-08-26 16:56:00;2025-08-25 14:23:29.933;HEUSDENZOLDER_STFRANCISKUS;Oazis;CARE ADMIN;SD10
SD10-122937;Incident;Major;fout in controle doc before part in zending 408 (pre_control, controles voor export);5.0;snel en correct antwoord;2025-09-29 15:58:00;2025-09-24 16:18:08.933;HEUSDENZOLDER_STFRANCISKUS;Oazis;CARE ADMIN;SD10
SD10-125004;Incident;Trivial;fout TAR084;5.0;snel antwoord ! dank;2026-01-20 09:21:00;2025-12-18 11:27:04.307;HEUSDENZOLDER_STFRANCISKUS;Oazis;CARE ADMIN;SD10
SD20-13239;Request for Information;Trivial;P03-124 Informatie over eventuele wijziging formaat hulpdagboeken door SD Worx ;5.0;Snel en duidelijk geholpen met een informatievraag;2025-01-23 14:48:00;2025-01-20 09:22:39.273;HEUSDENZOLDER_STFRANCISKUS;ERP4HC2.0;ERP;SD20
SD20-13504;Incident;Minor;KP 1800 wordt niet meer volledig ingelezen;5.0;Goede en snelle service;2025-02-19 09:09:00;2025-02-07 09:34:31.363;HEUSDENZOLDER_STFRANCISKUS;ERP4HC2.0;ERP;SD20
SD20-15126;Incident;Major;VELD BSEG-MWSKZ. is niet in scherm SAPMF05A 0300 aanwezig;5.0;Supervriendelijk en supersnel zeer correct verder geholpen! Bedankt!;2025-06-24 15:22:00;2025-06-24 14:44:51.350;HEUSDENZOLDER_STFRANCISKUS;ERP4HC2.0;ERP;SD20
SD20-16899;Request for Configuration;Minor;Aanpassen waarderingsklasse;2.0;De antwoorden die we kregen kwamen telkens vrij snel, wat positief is. Toch klopten deze niet volgens ons. Er werd gesuggereerd dat het lag aan oude openstaande bestellingen, daar dit bij andere artikels ook zo was. Door de procedure werden deze echter ge;2026-01-20 08:33:00;2025-12-16 11:00:52.997;HEUSDENZOLDER_STFRANCISKUS;ERP4HC2.0;ERP;SD20
SD20-16594;Incident;Trivial;Art 11442 geeft foutmelding bij het ingeven van een levering;4.0;;2025-12-08 15:03:00;2025-11-21 11:23:35.380;HEUSDENZOLDER_STFRANCISKUS;ERP4HC2.0;ERP;SD20
SD20-14035;Request for Configuration;Major;Opladen patiënten error;4.0;;2025-04-01 11:00:00;2025-03-17 14:09:34.380;IZEGEM_STJOZEF;ERP4HC2.0;ERP;SD20
SD10-120856;Request for Information;Critical;SN90-4899;4.0;;2025-06-23 12:07:00;2025-06-20 07:57:58.863;IZEGEM_STJOZEF;Oazis;CARE ADMIN;SD10
SD10-121471;Request for Information;Major;TAR259;5.0;;2025-07-16 11:23:00;2025-07-15 16:14:51.507;IZEGEM_STJOZEF;Oazis;CARE ADMIN;SD10
SD10-117684;Request for Information;Major;Fout tijdens voorbereiding ambulanten;4.0;;2025-02-28 15:53:00;2025-02-14 12:07:18.060;IZEGEM_STJOZEF;Oazis;CARE ADMIN;SD10
SD10-119487;Request for Information;Major;Waarom komen niet alle contacten in mijn rapport;4.0;;2025-05-20 16:34:00;2025-04-23 17:26:57.460;SINT-TRUIDEN_STTRUDO;Oazis;CARE ADMIN;SD10
SD10-121845;Request for Information;Major;DaisyH - Medi-Assistance: Nieuwe API functionaliteiten;4.0;Prima - dank u!;2025-09-02 17:12:00;2025-08-04 14:18:44.210;SINT-TRUIDEN_STTRUDO;Oazis;CARE ADMIN;SD10
SD10-123229;Request for Information;Minor;Wat doe ik fout dat ik niet alle DUBDEB pat. zie in mijn vraag.;5.0;Top geholpen en ook snel!;2025-10-23 09:34:00;2025-10-07 15:00:20.303;SINT-TRUIDEN_STTRUDO;Oazis;CARE ADMIN;SD10
SD10-125058;Incident;Major;Afsluitingsdatum terugdraaien VSB RevaC Rolstoel - parameter?;5.0;;2025-12-22 13:07:00;2025-12-22 10:37:43.807;SINT-TRUIDEN_STTRUDO;Oazis;CARE ADMIN;SD10
SD10-123671;Incident;Major;Fout 401940 Bedrag verzekeringstegemoetkoming niet juist;5.0;;2025-11-05 14:10:00;2025-10-22 14:06:43.857;SINT-TRUIDEN_STTRUDO;Oazis;CARE ADMIN;SD10
SD20-14246;Request for Information;Major;SN90-4471 - GUI versie mix 760 - 770 - 800;2.0;;2025-05-08 10:47:00;2025-04-04 14:28:23.887;SINT-TRUIDEN_STTRUDO;ERP4HC2.0;ERP;SD20
SD20-15144;Incident;Trivial;bevoorrading boven het maximum;5.0;Zoals gewoonlijk een snelle en duidelijke afhandeling. Bedankt!;2025-06-26 15:12:00;2025-06-26 09:33:33.797;SINT-TRUIDEN_STTRUDO;ERP4HC2.0;ERP;SD20
SD20-15953;Request for Configuration;Major;Refresh acceptatieomgeving A02-126;5.0;"Servé Bedankt !!!

Nog effe opmerken dat deze update de inbegrepen update van het jaar 2025 was.  Eindejaar of op een ander moment wenst boekhouding of een ander team misschien nog een upgrade - die inbegrepen is in de support van 2026 dan.

Groetjes

Ann";2026-01-15 17:29:00;2025-09-29 17:41:18.987;SINT-TRUIDEN_STTRUDO;ERP4HC2.0;ERP;SD20
SD32-8850;Incident;Major;FHI 2024 inlezen tabel 131 geeft foutmelding;5.0;;2025-11-04 10:47:00;2025-10-27 14:50:11.977;DEINZE_STVINCENT;ECO/BOEK;ERP;SD32
SD30-30220;Request for Information;Trivial;Tabel aantal eenheden per doos;5.0;;2025-02-27 10:42:00;2025-02-24 17:17:16.903;DEINZE_STVINCENT;Apotheek;PHARMA;SD30
SD30-33405;Incident;Trivial;Creatie VE in Zorgi Pharma;5.0;;2025-08-06 09:04:00;2025-08-05 15:07:15.520;DEINZE_STVINCENT;Apotheek;PHARMA;SD30
SD31-5904;Request for Configuration;Minor;Lijst artsen welke de functie magistrale bereidingen gebruiken in Deinze;5.0;Heel veel dank, dit is een enome meerwaarde!;2025-11-19 16:17:00;2025-11-19 10:39:13.317;DEINZE_STVINCENT;EPD;CARE;SD31
SD32-7696;Incident;Major;Aanpassing BTW aangifte na dec 2024;5.0;Prima gedaan door Krista en Franky, zoals steeds :)-;2025-02-04 11:58:00;2025-01-17 12:20:25.280;DEINZE_STVINCENT;ECO/BOEK;ERP;SD32
SD32-8097;Incident;Major;wijzigen afschrijvingsfiche 2023 ?;5.0;;2025-04-14 14:17:00;2025-03-28 16:22:50.120;DEINZE_STVINCENT;ECO/BOEK;ERP;SD32
SD32-8094;Incident;Critical;Af te boeken IC facturen;5.0;;2025-04-14 14:27:00;2025-03-28 11:31:32.627;DEINZE_STVINCENT;ECO/BOEK;ERP;SD32
SD32-8049;Request for Information;Major;BTW boeken verhoudingsgetal verzetten naar 31/12/2024;5.0;;2025-04-09 10:56:00;2025-03-20 08:38:09.967;DEINZE_STVINCENT;ECO/BOEK;ERP;SD32
SD32-7597;Incident;Major;fact 2432831 wil niet geboekt worden;5.0;;2025-01-20 12:22:00;2025-01-03 15:10:55.457;DEINZE_STVINCENT;ECO/BOEK;ERP;SD32
SD32-7915;Incident;Major;Afboeken facturen aan rek 489820 in Thes lukt niet;5.0;;2025-03-19 08:49:00;2025-02-26 10:31:12.727;DEINZE_STVINCENT;ECO/BOEK;ERP;SD32
SDEPR-78748;Request for Configuration;Major;Ajouter deux lits (places) dans le service Z0O;5.0;;2025-08-06 16:17:00;2025-08-06 13:02:38.393;EUPEN_ST-NIKOLAUS;H++/EPR;CARE;SDEPR
SD20-16703;Request for Configuration;Trivial;Afsluiten projecten met Obligo;4.0;goed afgehandeld!;2025-12-10 15:31:00;2025-12-01 13:33:11.383;GRONINGEN_UMCG;ERP4HC2.0;ERP;SD20
SD20-13601;Request for Configuration;Minor;Nieuwe route EWM;5.0;;2025-02-25 10:22:00;2025-02-17 10:20:13.793;GRONINGEN_UMCG;ERP4HC2.0;ERP;SD20
SD20-13722;Incident;Minor;BERICHTENWACHTRIJ: Verpakkingshoeveelheid nul wordt niet verwerkt;5.0;;2025-02-26 15:05:00;2025-02-24 14:14:59.700;GRONINGEN_UMCG;ERP4HC2.0;ERP;SD20
SD20-14263;Request for Information;Minor;Verkenning van een mogelijke API-koppeling met GS1;1.0;;2025-09-23 12:59:00;2025-04-07 12:18:56.790;GRONINGEN_UMCG;ERP4HC2.0;ERP;SD20
SD20-14415;Request for Configuration;Trivial;Projecten met ATB Obligo;4.0;;2025-04-24 10:08:00;2025-04-22 13:28:30.713;GRONINGEN_UMCG;ERP4HC2.0;ERP;SD20
SDAZIS-8394;Request for Information;Minor;PCB: geldbeheer: overzicht saldo's zakgeld van de patienten;5.0;ok!;2025-10-09 09:12:00;2025-09-12 11:27:11.330;DUFFEL_EMMAUS_PSY_UPC;AZIS Pharmacy;PHARMA;SDAZIS
SD10-125028;Incident;Major;172690-172701 toevoeging max per opname;4.0;snel en correct antwoord;2026-01-14 09:45:00;2025-12-19 03:53:31.057;BRUSSEL_UZ;Oazis;CARE ADMIN;SD10
SD10-124797;Incident;Critical;kamertarief U (1pk);5.0;zeer snelle en correcte oplossing/info.;2025-12-11 16:04:00;2025-12-11 11:15:33.943;BRUSSEL_UZ;Oazis;CARE ADMIN;SD10
SD10-123109;Incident;Major;contact 0234946 ADT fout (begindatum contactgroep);4.0;;2025-10-06 08:58:00;2025-10-02 08:08:28.070;BRUSSEL_UZ;Oazis;CARE ADMIN;SD10
SD10-123486;Incident;Major;P1- batch_add_remark_gmdmg werkt niet (meer)?- schrappen GMDMG;3.0;Tijdsduur om tot definitieve oplossing te komen is te lang m.i.;2026-03-10 12:58:00;2025-10-16 07:46:15.733;BRUSSEL_UZ;Oazis;CARE ADMIN;SD10
SD10-123356;Incident;Major;Foutmelding bij ophalen factureringsbestanden;4.0;;2025-10-14 07:13:00;2025-10-11 09:01:10.960;BRUSSEL_UZ;Oazis;CARE ADMIN;SD10
SD10-122423;Request for Information;Major;blokf bij prestatie 558795;5.0;;2025-09-04 06:59:00;2025-09-01 08:20:42.167;BRUSSEL_UZ;Oazis;CARE ADMIN;SD10
SD10-121806;Incident;Major;TAR801 : contact 9710815;4.0;.;2025-10-01 16:09:00;2025-08-01 10:54:58.983;BRUSSEL_UZ;Oazis;CARE ADMIN;SD10
SD10-122055;Incident;Major;facturatie 5001217100;3.0;doorlooptijd;2026-04-09 13:38:00;2025-08-14 08:20:26.303;BRUSSEL_UZ;Oazis;CARE ADMIN;SD10
SD10-119560;Request for Configuration;Major;contact 0262832 aanpassing datum contactgroep;4.0;;2025-04-28 13:35:00;2025-04-28 07:51:00.303;BRUSSEL_UZ;Oazis;CARE ADMIN;SD10
SD10-119286;Incident;Trivial;Kan tomcat niet starten na major update 129.1.2.0;5.0;Foutje in de release maar werd meteen opgelost.;2025-04-28 13:58:00;2025-04-14 13:13:30.587;BRUSSEL_UZ;Oazis;CARE ADMIN;SD10
SD10-119687;Incident;Major;FMD - Kan paswoord niet veranderen;5.0;Stupidity mijnentweege, alweer met veel geduld afgehandeld.;2025-05-16 15:08:00;2025-05-02 12:53:23.500;BRUSSEL_UZ;Oazis;CARE ADMIN;SD10
SD10-120013;Request for Information;Major;Achterstand HL7 : overleg gevraagd;4.0;;2026-03-02 11:49:00;2025-05-15 07:39:00.293;BRUSSEL_UZ;Oazis;CARE ADMIN;SD10
SD10-118050;Request for Information;Trivial;Nieuw EHealth certificaat;5.0;"Zeer zeer goede help om orde te stellen in de wanorde die hier werd veroorzaakt.
Hartelijk dank voor de tijd.";2025-03-13 11:56:00;2025-02-27 09:03:53.523;BRUSSEL_UZ;Oazis;CARE ADMIN;SD10
SD10-117886;Request for Information;Major;Update zonder scripts ?;5.0;Was kleine informele vraag die vlug werd beantwoord.;2025-03-10 07:57:00;2025-02-20 14:22:58.030;BRUSSEL_UZ;Oazis;CARE ADMIN;SD10
SD10-118697;Request for Information;Trivial;Mails certificaat FMD;5.0;Een onbekend iets voor ons wat snel duidelijk werd gemaakt.;2025-04-22 14:56:00;2025-03-24 09:24:32.227;BRUSSEL_UZ;Oazis;CARE ADMIN;SD10
SD10-117156;Incident;Major;ad hoc toepassing : 'maximumlimiet van binaire uitvoer is bereikt';4.0;;2025-01-30 21:29:00;2025-01-29 12:00:00.537;BRUSSEL_UZ;Oazis;CARE ADMIN;SD10
SD10-117159;Incident;Trivial;Copy database;5.0;Niettegenstaande klein vraagje naar aanleiding van een onnauwkeurigheid bij ons alweer vakkundig en geduldig beantwoord.;2025-02-13 09:13:00;2025-01-29 13:10:43.327;BRUSSEL_UZ;Oazis;CARE ADMIN;SD10
SD10-116914;Incident;Major;FMD paswoord en accounts;5.0;;2025-02-27 08:38:00;2025-01-21 14:50:43.923;BRUSSEL_UZ;Oazis;CARE ADMIN;SD10
SD10-116856;Incident;Blocker;Update naar versie 128.1.0.0;5.0;Ook al was dit een stommiteit van de klant, werd met evenveel zorg en ernst opgelost.;2025-02-03 13:26:00;2025-01-20 12:57:01.300;BRUSSEL_UZ;Oazis;CARE ADMIN;SD10
SD20-14616;Request for Information;Minor;Wie toegang to ZORGI Sharepoint ERP4H2.0;3.0;Gemiddelde score gezein de doorlooptijd naar het einde toe.;2025-11-18 07:58:00;2025-05-12 13:17:45.887;BRUSSEL_UZ;ERP4HC2.0;ERP;SD20
SD20-14626;Incident;Major;Laden maart 2025;5.0;;2025-05-14 10:01:00;2025-05-13 11:54:09.757;BRUSSEL_UZ;ERP4HC2.0;ERP;SD20
SD20-14361;Incident;Major;laden feb 2025;5.0;;2025-04-17 09:53:00;2025-04-15 14:11:24.057;BRUSSEL_UZ;ERP4HC2.0;ERP;SD20
SD20-14224;Request for Information;Trivial;De job C201WISSELKOERSEN ECB van user UZBC201ADMIN loopt fout ;3.0;Niet van toepassing!;2025-04-03 15:44:00;2025-04-03 11:38:15.337;BRUSSEL_UZ;ERP4HC2.0;ERP;SD20
SD20-15158;Incident;Major;P201: SN90-4655 Vaste Activa Raporten autorisatie;2.0;"Beste,

wij appreciëren de oplossing!

Echter zou je toch veronderstellen dat releaseitems voldoende getest worden en dat ook de noodzakelijke autorisaties deel maken van de set-up / uitrol.

Met vriendelijke groeten
Bart";2025-08-11 09:52:00;2025-06-26 12:09:19.193;BRUSSEL_UZ;ERP4HC2.0;ERP;SD20
SD20-14991;Incident;Blocker;P201: T-Code MIGO_GR Ontvangst - Retour geeft steeds error;1.0;"Doorlooptijd tot oplossing veel te lang voor een ""critical / Blocker"" incident!";2025-06-24 10:23:00;2025-06-16 09:22:33.867;BRUSSEL_UZ;ERP4HC2.0;ERP;SD20
SD20-15104;Request for Information;Trivial;RCA voor Incident SD20-14991 (T-Code MIGO_GR Ontvangst - Retour geeft steeds error);1.0;"Incident heeft zich voorgedaan op 16/06 
Ticket voor RCA op 23-06 

Feedback op 02/08

We appreciëren zeker de terugkoppeling en de ondernomen acties.
Echter had deze feedback vele malen sneller dienen te gebeuren en niet na meer dan een maand.....

Waar ";2025-08-04 14:38:00;2025-06-23 13:33:33.823;BRUSSEL_UZ;ERP4HC2.0;ERP;SD20
SD20-14356;Incident;Critical;P04: Afsluting 02/2025 Verschil in lijnen ts Ozais files en Tabel ERP4HC2.0;5.0;Topservice;2025-04-15 14:00:00;2025-04-15 10:56:30.603;BRUSSEL_UZ;ERP4HC2.0;ERP;SD20
SD20-13726;Incident;Major;P04 201 Job C201WISSELKOERSEN ECB - afgebroken;4.0;;2025-02-27 09:09:00;2025-02-25 07:47:40.227;BRUSSEL_UZ;ERP4HC2.0;ERP;SD20
SD20-13797;Request for Information;Trivial;P04-201 Opladen dossiernummers van incassobureau;5.0;;2025-04-04 11:09:00;2025-02-27 14:41:46.287;BRUSSEL_UZ;ERP4HC2.0;ERP;SD20
SD20-13851;Request for Configuration;Major;Sharepoint collega Annemie & Thomas;4.0;;2025-03-05 13:58:00;2025-03-04 12:56:35.320;BRUSSEL_UZ;ERP4HC2.0;ERP;SD20
SD20-13591;Incident;Critical;SN90-4195 Isabel- Connect connectie foutmelding na release S4H2021.06;3.0;"Beste,

deze melding leek me een gevolg van het opladen van de release S4H2021.06 en had dan een pro-actieve monitoring en actie van Zorgi verwacht.";2025-02-18 11:54:00;2025-02-16 10:27:49.983;BRUSSEL_UZ;ERP4HC2.0;ERP;SD20
SD20-13680;Incident;Critical;P04: Afsluting 12/2024 Verschil in lijnen ts Ozais files en Tabel ERP4HC2.0;5.0;Top service van collega Jasper!;2025-02-21 11:18:00;2025-02-21 09:27:37.230;BRUSSEL_UZ;ERP4HC2.0;ERP;SD20
SD20-13182;Request for Improvement;Major;P04: Dagelijks Controle Rapport VGP (voortschrijdend gemiddelde prijs) (Vervolg SD20-12179);1.0;"•	Zoals aangegeven betreft dit een Jira-verzoek van 14 januari 2025.
•	Op 7 mei 2025 werd aangekondigd dat een rapport beschikbaar zou komen met de release S4H2021.07!
•	Op 15 mei 2025 deden we “UZ” de vaststelling dit rapport enkel binnen de Fiori-versie";2025-09-25 08:06:00;2025-01-14 16:52:45.807;BRUSSEL_UZ;ERP4HC2.0;ERP;SD20
SD20-16539;Incident;Minor;Wijziging(en ZORGI Sharepoint ERP4H2.0;5.0;Top, bedankt voor de snelle oplossing.;2025-11-19 13:53:00;2025-11-19 10:37:20.340;BRUSSEL_UZ;ERP4HC2.0;ERP;SD20
SD20-16804;Incident;Blocker;P04: ERP4HC Not responding / Down;3.0;Dergelijke meldingen op een dashboard binnen de Sharepoint zou een win win zijn voor iedereen;2025-12-09 14:07:00;2025-12-09 13:14:37.437;BRUSSEL_UZ;ERP4HC2.0;ERP;SD20
SD20-16155;Request for Information;Major;SN90-5318 ERP4HC info bericht - kritische bug in SAPSprint;5.0;Duidelijke terugkoppeling!;2025-10-20 08:33:00;2025-10-15 12:17:57.267;BRUSSEL_UZ;ERP4HC2.0;ERP;SD20
SD20-16159;Incident;Minor;Laden facturatiemaand 08/2025 in SAP;5.0;;2025-10-15 16:43:00;2025-10-15 15:16:00.443;BRUSSEL_UZ;ERP4HC2.0;ERP;SD20
SD20-16051;Request for Configuration;Minor;Sharepoint UZBrussel - Wijzigingen;3.0;;2025-10-22 10:33:00;2025-10-07 14:38:13.567;BRUSSEL_UZ;ERP4HC2.0;ERP;SD20
SD20-15575;Incident;Major;laden jun 2025;5.0;;2025-08-21 14:48:00;2025-08-13 12:51:56.547;BRUSSEL_UZ;ERP4HC2.0;ERP;SD20
SD20-15707;Incident;Blocker;P1 - Verwerking KWS bestanden;5.0;Topprestatie met dank aan collega Walter!;2025-09-01 15:25:00;2025-09-01 13:30:24.890;BRUSSEL_UZ;ERP4HC2.0;ERP;SD20
SD10-116723;Request for Configuration;Major;Wijziging aan de kioskflow voor GMD houder;5.0;;2025-03-03 13:24:00;2025-01-14 10:03:26.157;GENT_UZ;Oazis;CARE ADMIN;SD10
SD10-116831;Request for Configuration;Major;Administratieve afdeling dubbel aangemaakt;5.0;;2025-01-20 15:29:00;2025-01-17 14:24:41.007;GENT_UZ;Oazis;CARE ADMIN;SD10
SD10-116839;Incident;Major;NOTAR=0 bij klinische biologie onderaanneming;5.0;;2025-01-20 13:02:00;2025-01-20 08:45:00.310;GENT_UZ;Oazis;CARE ADMIN;SD10
SD10-117100;Incident;Critical;Afleidingen aan de kiosk door opstart MDA;4.0;;2025-01-28 12:23:00;2025-01-28 08:55:44.130;GENT_UZ;Oazis;CARE ADMIN;SD10
SD10-116646;Incident;Major;Probleem ontslag patient na oracle update TST;4.0;;2025-01-20 14:14:00;2025-01-10 08:36:00.193;GENT_UZ;Oazis;CARE ADMIN;SD10
SD10-116511;Request for Information;Major;Opzeg akkoord kinesisten - uitvinken opmerking NCONV?;5.0;;2025-01-20 13:03:00;2025-01-03 15:09:00.223;GENT_UZ;Oazis;CARE ADMIN;SD10
SD10-117117;Incident;Minor;Baby op materniteit zonder moeder;5.0;;2025-02-03 08:13:00;2025-01-28 11:50:00.370;GENT_UZ;Oazis;CARE ADMIN;SD10
SD10-117026;Incident;Minor;as F05001;5.0;;2025-02-04 08:09:00;2025-01-24 09:27:00.253;GENT_UZ;Oazis;CARE ADMIN;SD10
SD10-117220;Request for Information;Minor;HL7 uitsturen voor patiënten van gefusioneerde gemeentes;1.0;Dit ticket heeft geen feedback gekregen na 7 maanden. Ondertussen gaan we ervan uit dat er voor veel patiënten al een HL7 bericht werd verstuurd. Het wordt dan ook moeilijk om de overige te detecteren en nog berichten uit te sturen.;2025-07-22 15:38:00;2025-01-31 07:52:10.480;GENT_UZ;Oazis;CARE ADMIN;SD10
SD10-117542;Request for Improvement;Major;Pepple verplichting  voor Belgische BTW nummers;5.0;;2025-12-04 08:03:00;2025-02-11 09:29:54.273;GENT_UZ;Oazis;CARE ADMIN;SD10
SD10-117614;Request for Configuration;Major;Nieuwe flow configuratie XDaemon Front end met polsbandprint - DKL20 & DKL25;5.0;;2025-03-03 13:35:00;2025-02-12 15:08:50.557;GENT_UZ;Oazis;CARE ADMIN;SD10
SD10-118478;Request for Configuration;Minor;Kioskflow POZELE;4.0;;2025-04-11 09:26:00;2025-03-13 11:20:29.880;GENT_UZ;Oazis;CARE ADMIN;SD10
SD10-117967;Request for Configuration;Trivial;Account aanmaken voor jira voor Jan Doornaert;5.0;;2025-02-27 10:27:00;2025-02-24 16:54:51.040;GENT_UZ;Oazis;CARE ADMIN;SD10
SD10-118047;Incident;Critical;Vervolgticket op SD10-117833: nog steeds fouten op SIU;3.0;;2025-07-22 14:21:00;2025-02-27 08:24:13.933;GENT_UZ;Oazis;CARE ADMIN;SD10
SD10-117945;Request for Configuration;Minor;Aanpassing M02 bericht;5.0;;2025-03-03 14:00:00;2025-02-24 13:32:28.560;GENT_UZ;Oazis;CARE ADMIN;SD10
SD10-117833;Incident;Critical;Veel fouten op de SIU koppeling sinds de installatie van versie 128.3 in productie;5.0;;2025-02-24 13:42:00;2025-02-19 11:49:27.853;GENT_UZ;Oazis;CARE ADMIN;SD10
SD10-117849;Request for Configuration;Trivial;SDM overleg UZG 20/2/25;4.0;;2025-04-28 15:10:00;2025-02-19 15:06:53.413;GENT_UZ;Oazis;CARE ADMIN;SD10
SD10-118425;Incident;Minor;as tar461;5.0;;2025-03-17 09:38:00;2025-03-12 07:43:00.413;GENT_UZ;Oazis;CARE ADMIN;SD10
SD10-120360;Request for Information;Major;HL7 MFN - Uitsturen van Externe identificatie;5.0;;2025-06-10 11:36:00;2025-05-28 09:33:58.987;GENT_UZ;Oazis;CARE ADMIN;SD10
SD10-120376;Request for Configuration;Major;Kioskflow - Hoofdbetaler verzekering arbeidsongeval;5.0;;2025-06-19 14:59:00;2025-05-28 12:09:38.950;GENT_UZ;Oazis;CARE ADMIN;SD10
SD10-120496;Request for Information;Major;Probleem verzending email voor emailverificatie;3.0;;2025-07-22 16:53:00;2025-06-04 08:52:30.257;GENT_UZ;Oazis;CARE ADMIN;SD10
SD10-120203;Request for Information;Trivial;Aanpassen mailserver;5.0;;2025-05-28 10:35:00;2025-05-22 08:13:23.170;GENT_UZ;Oazis;CARE ADMIN;SD10
SD10-120132;Request for Improvement;Minor;P1 Inkomende A28/A31: Unicode berichten vertalen naar Windows 1252 bij het binnenkomen in OAZIS ;3.0;;2025-10-08 08:32:00;2025-05-20 08:52:48.287;GENT_UZ;Oazis;CARE ADMIN;SD10
SD10-119439;Request for Configuration;Minor;Vervangen ehealth certificaat 12/05/2025;4.0;;2025-05-13 08:35:00;2025-04-22 14:31:45.477;GENT_UZ;Oazis;CARE ADMIN;SD10
SD10-122100;Request for Information;Trivial;Toevoegen van een dienst voor ambulante doorgang;5.0;;2025-08-20 16:34:00;2025-08-18 16:06:21.387;GENT_UZ;Oazis;CARE ADMIN;SD10
SD10-122220;Request for Configuration;Major;aanpassing factuur;5.0;;2025-09-02 09:43:00;2025-08-22 13:47:38.153;GENT_UZ;Oazis;CARE ADMIN;SD10
SD10-121590;Request for Configuration;Trivial;Service overleg UZG 22/7/25 - ADT+SYSTEM+COMM;5.0;;2025-07-22 14:45:00;2025-07-22 13:02:40.833;GENT_UZ;Oazis;CARE ADMIN;SD10
SD10-121642;Incident;Minor;as lijn goedkeuring verwijderen;5.0;;2025-07-24 12:52:00;2025-07-24 11:23:24.697;GENT_UZ;Oazis;CARE ADMIN;SD10
SD10-121473;Request for Configuration;Major;Patiëntnummer ook tonen op het scherm bij het oproepen van de wachtrij;5.0;;2025-07-18 08:24:00;2025-07-15 17:26:26.007;GENT_UZ;Oazis;CARE ADMIN;SD10
SD10-121446;Request for Configuration;Trivial;Standby bij installatie versie 130 op productie - UZG - wo 10 sep;5.0;;2025-09-11 08:25:00;2025-07-15 11:27:46.217;GENT_UZ;Oazis;CARE ADMIN;SD10
SD10-121305;Request for Configuration;Trivial;Inkomende A31 voor wijzigen van de huisarts;5.0;;2025-07-14 08:57:00;2025-07-08 12:49:53.767;GENT_UZ;Oazis;CARE ADMIN;SD10
SD10-120881;Incident;Critical;INCIDENT - Probleem verzending email voor emailverificatie;2.0;Er zijn foutieve mails gestuurd naar patiënten dus ik kan niet anders dan hier een negatieve beoordeling op geven. We kunnen dit enkel oplossen door een manuele workaround, aangezien de foutieve emails nu eenmaal vertrokken zijn.;2025-07-08 15:54:00;2025-06-20 10:36:38.120;GENT_UZ;Oazis;CARE ADMIN;SD10
SD10-120613;Incident;Major;Foutmelding RES023 bij S14;3.0;Het heeft lang geduurd voor we dit probleem onder controle kregen, maar blij dat het nu wel gelukt is.;2025-07-14 14:49:00;2025-06-11 09:11:40.070;GENT_UZ;Oazis;CARE ADMIN;SD10
SD10-122887;Request for Configuration;Trivial;Service overleg UZG 23/9/25 - ADT+SYSTEM+COMM;5.0;;2025-07-22 14:45:00;2025-09-23 09:47:59.657;GENT_UZ;Oazis;CARE ADMIN;SD10
SD10-122936;Request for Configuration;Minor;Opvolgticket van SD10-121677: aanpassing aan de zuil voor algemene voorwaarden;5.0;;2025-10-21 08:07:00;2025-09-24 15:34:24.593;GENT_UZ;Oazis;CARE ADMIN;SD10
SD10-122671;Incident;Trivial;Deactiveren van statussen bij een opmerking werkt niet;4.0;;2025-09-11 10:01:00;2025-09-10 15:02:11.507;GENT_UZ;Oazis;CARE ADMIN;SD10
SD10-122604;Request for Configuration;Major;Graag creatie van een nieuwe ECS (19) in onze testomgeving: Fertiliteit AZ Ganda;4.0;;2025-11-26 09:34:00;2025-09-09 08:34:46.327;GENT_UZ;Oazis;CARE ADMIN;SD10
SD10-122720;Request for Information;Major;Vraag ivm wijzigingen aan adres met / (OAZINFL-4213);4.0;;2025-09-23 20:01:00;2025-09-12 14:42:31.320;GENT_UZ;Oazis;CARE ADMIN;SD10
SD10-123359;Request for Configuration;Minor;Vervanging van het certificaat;4.0;;2025-10-24 09:45:00;2025-10-13 08:59:30.483;GENT_UZ;Oazis;CARE ADMIN;SD10
SD10-123314;Request for Information;Minor;Hulp bij aanpassing van een foutcode;5.0;;2025-11-20 15:28:00;2025-10-09 15:20:42.500;GENT_UZ;Oazis;CARE ADMIN;SD10
SD10-123487;Request for Improvement;Trivial;Pasgeborene bij een man;5.0;;2025-10-17 13:40:00;2025-10-16 08:19:43.877;GENT_UZ;Oazis;CARE ADMIN;SD10
SD10-123491;Request for Configuration;Trivial;SDM overleg UZG 16/10/25;5.0;;2025-12-24 13:37:00;2025-10-16 09:30:59.607;GENT_UZ;Oazis;CARE ADMIN;SD10
SD10-123510;Incident;Minor;Foutcode U00013 lijkt niet (meer) te werken bij creatie van een groepscontact;4.0;;2025-11-24 09:28:00;2025-10-16 13:57:10.263;GENT_UZ;Oazis;CARE ADMIN;SD10
SD10-123430;Request for Configuration;Minor;Installatie van OAZIS op nieuwe servers (eerst test, later productie);5.0;;2026-04-08 11:42:00;2025-10-14 16:22:41.627;GENT_UZ;Oazis;CARE ADMIN;SD10
SD10-123237;Request for Configuration;Minor;ECS16: huisarts leegmaken;5.0;;2025-11-06 08:10:00;2025-10-07 16:26:37.667;GENT_UZ;Oazis;CARE ADMIN;SD10
SD10-124949;Incident;Major;Blokkerende fout 505540 bij verifieren tapes;5.0;;2025-12-16 15:48:00;2025-12-16 14:44:33.750;GENT_UZ;Oazis;CARE ADMIN;SD10
SD10-124734;Request for Improvement;Major;Printen van etiketten bij creatie van snelcontact;4.0;;2026-01-12 16:02:00;2025-12-09 08:43:03.540;GENT_UZ;Oazis;CARE ADMIN;SD10
SD10-124788;Incident;Minor;EM - HEELK op 477131 XDE;4.0;;2026-01-12 10:39:00;2025-12-11 07:51:34.847;GENT_UZ;Oazis;CARE ADMIN;SD10
SD10-124489;Incident;Major;Registreren van verblijfsonderbreking bij patiënt lukt niet retrograad - ;5.0;;2025-12-01 14:31:00;2025-12-01 11:14:11.500;GENT_UZ;Oazis;CARE ADMIN;SD10
SD10-125133;Request for Configuration;Minor;Aanpassing aan de kioskflow - twee dagopnames op dezelfde dag omgezet aan de zuil;5.0;;2026-02-18 10:16:00;2025-12-24 15:07:52.963;GENT_UZ;Oazis;CARE ADMIN;SD10
SD10-125101;Request for Improvement;Minor;Opmerking ZESTHE + beraad automatisch activeren op basis van opnameredenen;4.0;;2026-03-24 14:49:00;2025-12-23 13:53:44.193;GENT_UZ;Oazis;CARE ADMIN;SD10
SD10-125200;Request for Information;Minor;Prestatie 596083;5.0;;2026-01-27 11:03:00;2025-12-31 08:45:07.280;GENT_UZ;Oazis;CARE ADMIN;SD10
SD10-123557;Incident;Minor;Patienten op abonnement maar wijziging in naam niet verwerkt;4.0;;2026-03-24 14:48:00;2025-10-17 16:11:04.157;GENT_UZ;Oazis;CARE ADMIN;SD10
SD10-123563;Request for Information;Major;Kwetsbaarheid op server voazissup2p;5.0;;2025-10-21 10:12:00;2025-10-20 07:33:53.287;GENT_UZ;Oazis;CARE ADMIN;SD10
SD10-123727;Request for Configuration;Major;ECS 18 en 19 in productie nemen;5.0;;2025-11-10 10:33:00;2025-10-24 09:43:35.460;GENT_UZ;Oazis;CARE ADMIN;SD10
SD10-123767;Incident;Major;Contact van opgenomen patiënt is niet meer zichtbaar in OAZIS;5.0;Dankjewel voor de snelle interventie!;2025-10-27 15:35:00;2025-10-27 14:41:50.217;GENT_UZ;Oazis;CARE ADMIN;SD10
SD10-123832;Incident;Minor;as geen toegang tot sharepoint zorgi;5.0;;2025-10-30 12:47:00;2025-10-30 08:19:16.683;GENT_UZ;Oazis;CARE ADMIN;SD10
SD10-123840;Request for Information;Minor;EM - toegang tot nomen;5.0;Ik werd vriendelijk en vlot geholpen.;2025-11-05 15:26:00;2025-10-30 12:16:47.227;GENT_UZ;Oazis;CARE ADMIN;SD10
SD10-124386;Incident;Minor;EM - kamersupplement incorrect;5.0;.;2025-11-27 08:35:00;2025-11-26 09:15:05.377;GENT_UZ;Oazis;CARE ADMIN;SD10
SD10-124352;Request for Configuration;Trivial;Service overleg UZG 25/11/25 - ADT+SYSTEM+COMM;5.0;;2025-07-22 14:45:00;2025-11-25 08:35:18.617;GENT_UZ;Oazis;CARE ADMIN;SD10
SD10-124230;Request for Information;Minor;Geen R21 op opnamedatum ondanks geldige eID-lezing;5.0;Antwoord werd zeer helder toegelicht.;2025-12-02 14:45:00;2025-11-18 14:53:14.513;GENT_UZ;Oazis;CARE ADMIN;SD10
SD10-124083;Incident;Major;GMD houder - RIZIV nummer wordt getoond ipv de artsencode;4.0;;2026-03-17 16:33:00;2025-11-10 13:26:17.430;GENT_UZ;Oazis;CARE ADMIN;SD10
SD50-476;Incident;Minor;as werklijst reva;4.0;;2025-03-12 09:45:00;2025-03-07 07:53:00.347;GENT_UZ;ZORGI Care Admin;CARE ADMIN;SD50
SD10-122230;Request for Configuration;Trivial;TOGGLE BILLING - facturaties in productie;5.0;;2025-08-26 08:44:00;2025-08-25 08:50:22.880;LEUVEN_UZ;Oazis;CARE ADMIN;SD10
SD10-119090;Request for Information;Minor;Audit Wanneer is een user op niet-actief gezet;2.0;Was me al van in het begin duidelijk dat dit op een change request gaat uit draaien. Gaat vermoedelijk jaren aanslepen terwijl wij er elk jaar door auditers op de vingers getikt gaan worden en ons minpunten gaat opleveren bij het behalen van ISO normen.;2025-05-26 13:55:00;2025-04-03 15:55:00.200;LEUVEN_UZ;Oazis;CARE ADMIN;SD10
SDCARE-77389;Request for Information;Minor;Ajout de dose max- min;5.0;;2025-08-05 13:42:00;2025-08-05 09:02:18.897;BRUXELLES_VALIDA;ZORGI CARE;CARE;SDCARE
SDCARE-72625;Incident;Trivial;Problème affichage Vue Glycémie;2.0;;2025-02-18 18:42:00;2025-01-21 08:43:42.570;BRUXELLES_VALIDA;ZORGI CARE;CARE;SDCARE
SDCARE-75715;Incident;Blocker;XCARE COMPLETEMENT A L'ARRET URGENT !;2.0;;2025-05-28 11:25:00;2025-05-28 07:45:56.533;BRUXELLES_VALIDA;ZORGI CARE;CARE;SDCARE
SDCARE-75731;Incident;Blocker;Xcare lenteur DPI;1.0;;2025-05-28 13:14:00;2025-05-28 13:00:43.457;BRUXELLES_VALIDA;ZORGI CARE;CARE;SDCARE
SDCARE-75851;Incident;Major;Xcare: Problème Impression Prescription Médicale;1.0;;2025-06-05 09:16:00;2025-06-04 10:54:14.787;BRUXELLES_VALIDA;ZORGI CARE;CARE;SDCARE
SDCARE-75854;Incident;Major;ACCEPTANCE problème;1.0;;2025-06-04 11:15:00;2025-06-04 11:12:22.207;BRUXELLES_VALIDA;ZORGI CARE;CARE;SDCARE
SDCARE-75855;Version Validation Request;Minor;ACCEPTANCE problème;2.0;;2025-06-05 13:09:00;2025-06-04 11:13:55.150;BRUXELLES_VALIDA;ZORGI CARE;CARE;SDCARE
SDCARE-75688;Incident;Critical;Xcare impossible d'éditer une note en PDF;2.0;;2025-06-04 10:10:00;2025-05-27 09:42:11.047;BRUXELLES_VALIDA;ZORGI CARE;CARE;SDCARE
SDCARE-75421;Incident;Blocker;Problème intégration HL7 wish dans Xcare : intégration PATIENTS ;2.0;;2025-05-16 10:00:00;2025-05-15 15:05:03.847;BRUXELLES_VALIDA;ZORGI CARE;CARE;SDCARE
SDCARE-75091;Incident;Critical;Problème Connecteur Xcare To Apo;2.0;;2025-04-29 15:20:00;2025-04-28 15:52:32.003;BRUXELLES_VALIDA;ZORGI CARE;CARE;SDCARE
SDCARE-75149;Incident;Critical;Problème connecteur APOAPB;1.0;;2025-05-06 14:38:00;2025-05-02 10:30:04.110;BRUXELLES_VALIDA;ZORGI CARE;CARE;SDCARE
SDCARE-75137;Request for Configuration;Trivial;Redémarrage serveur PROD + nettoyage espace disque;2.0;;2025-04-30 15:26:00;2025-04-30 13:20:17.197;BRUXELLES_VALIDA;ZORGI CARE;CARE;SDCARE
SDCARE-75266;Incident;Minor;Problème génération XML XCareToApo;2.0;;2025-06-04 15:24:00;2025-05-09 12:27:20.867;BRUXELLES_VALIDA;ZORGI CARE;CARE;SDCARE
SDCARE-75157;Incident;Blocker;Impression rapport service tableau blanc;1.0;;2025-05-05 14:20:00;2025-05-05 09:39:52.400;BRUXELLES_VALIDA;ZORGI CARE;CARE;SDCARE
SDCARE-75182;Incident;Blocker;Problème DB Prod;1.0;;2025-05-06 08:59:00;2025-05-06 08:09:01.460;BRUXELLES_VALIDA;ZORGI CARE;CARE;SDCARE
SDCARE-75188;Incident;Blocker;Problème génération PDF;1.0;;2025-05-06 14:11:00;2025-05-06 10:23:35.427;BRUXELLES_VALIDA;ZORGI CARE;CARE;SDCARE
SDHPM-758;Incident;Trivial;Verzamelstaat Reva C rolstoel : waarde 0€;5.0;;2025-06-18 17:10:00;2025-06-17 17:08:29.567;SINT-NIKLAAS_VITAZ;HPM;BI;SDHPM
SD32-9046;Incident;Major;Boek225 boeking weddeberekening 457 staat niet klaar in param;5.0;;2026-01-09 09:33:00;2025-12-23 10:15:48.857;SINT-NIKLAAS_VITAZ;ECO/BOEK;ERP;SD32
SD30-29704;Request for Information;Minor;verbruikcijfers kasten en specifieke stocks nodig ;1.0;Ik heb wel bijkomende info gevraagd maar hier geen antwoord op gekregen !;2025-03-11 18:19:00;2025-01-30 12:08:22.787;SINT-NIKLAAS_VITAZ;Apotheek;PHARMA;SD30
SD20-16348;Incident;Trivial;Lange tekst van een document bewerken  manueel bewerken lukt niet meer (zie beschrijving in bijlage);5.0;Snelle en duidelijke afhandeling van dit ticket door Daniël De Vidts;2025-10-31 15:46:00;2025-10-31 13:51:05.630;SINT-NIKLAAS_VITAZ;ERP4HC2.0;ERP;SD20
SD20-16977;Incident;Trivial;Diverse factuur 2025/9002172: hoofding klant foutief afgebeeld en komt absoluut niet overeen met de stamgegevens van deze klant/zakenpartner;5.0;Jasper heeft dit heel snel en efficiënt opgelost;2026-01-06 09:57:00;2025-12-22 13:50:06.707;SINT-NIKLAAS_VITAZ;ERP4HC2.0;ERP;SD20
SD10-118650;Request for Information;Trivial;Bloed - adm afdeling;4.0;;2025-04-08 13:14:00;2025-03-20 14:50:55.387;SINT-NIKLAAS_VITAZ;Oazis;CARE ADMIN;SD10
SD10-118168;Incident;Trivial;2409968928;5.0;;2025-03-27 19:33:00;2025-03-04 07:33:30.483;SINT-NIKLAAS_VITAZ;Oazis;CARE ADMIN;SD10
SD10-118148;Request for Configuration;Trivial;Betaalvoorwaarden;5.0;Prima geholpen bij onze noodkreet op dag van inspectie door FOD;2025-05-26 15:00:00;2025-03-03 12:47:13.377;SINT-NIKLAAS_VITAZ;Oazis;CARE ADMIN;SD10
SD10-118150;Incident;Trivial;Probleem Document center;4.0;Communicatie over oplossing was niet optimaal;2025-11-05 09:36:00;2025-03-03 13:31:55.717;SINT-NIKLAAS_VITAZ;Oazis;CARE ADMIN;SD10
SD10-117992;Request for Information;Trivial;Nieuwe gebruiker;5.0;Keep up the good work!;2025-03-17 15:24:00;2025-02-25 14:12:29.980;SINT-NIKLAAS_VITAZ;Oazis;CARE ADMIN;SD10
SD10-119974;Incident;Trivial;Verwijderen koppeling DKV;5.0;Snel geholpen!;2025-06-02 09:14:00;2025-05-14 07:57:20.910;SINT-NIKLAAS_VITAZ;Oazis;CARE ADMIN;SD10
SD10-119885;Request for Information;Trivial;Opmerking op niveau van contactgroep;5.0;Snel en goed geholpen;2025-06-02 09:14:00;2025-05-12 08:51:30.650;SINT-NIKLAAS_VITAZ;Oazis;CARE ADMIN;SD10
SD10-117530;Incident;Minor;TAR066 - ontbrekende dienst en adm. afdeling;4.0;;2025-03-21 08:03:00;2025-02-10 15:30:28.877;SINT-NIKLAAS_VITAZ;Oazis;CARE ADMIN;SD10
SD10-122233;Request for Information;Trivial;foutmelding F05002 GPS;5.0;;2025-08-27 12:35:00;2025-08-25 10:39:27.233;SINT-NIKLAAS_VITAZ;Oazis;CARE ADMIN;SD10
SD10-122140;Incident;Major;FA003 fout en kan niet gefactureerd worden;5.0;super service!;2025-09-03 13:15:00;2025-08-20 11:05:54.940;SINT-NIKLAAS_VITAZ;Oazis;CARE ADMIN;SD10
SD10-122178;Request for Configuration;Trivial;probleem met 721008;5.0;"super snelle en super vriendelijke medewerking
ben zeer tevreden";2025-08-26 10:23:00;2025-08-21 09:53:15.237;SINT-NIKLAAS_VITAZ;Oazis;CARE ADMIN;SD10
SD10-122032;Request for Information;Major;Autocod cataract instellen;4.0;Heeft wat meer voeten in de aarde gehad dan ik dacht, maar de geboden oplossing voldoet wel volledig aan de vraag. Een meer ingrijpende definitievere oplossing lijkt wel aangewezen.;2025-09-04 14:30:00;2025-08-13 09:22:25.337;SINT-NIKLAAS_VITAZ;Oazis;CARE ADMIN;SD10
SD10-121407;Request for Configuration;Minor;Lijst ontbrekende ontslagen is onvolledig (component ANS_OPENAMB);5.0;"Prima opgelost!
waarvoor dank";2025-11-04 15:13:00;2025-07-14 10:07:40.313;SINT-NIKLAAS_VITAZ;Oazis;CARE ADMIN;SD10
SD10-121411;Request for Information;Major;schrapping 105092 vanaf 09/05/2025;5.0;snelle in interessante feedback!;2025-07-22 16:08:00;2025-07-14 11:26:20.523;SINT-NIKLAAS_VITAZ;Oazis;CARE ADMIN;SD10
SD10-121197;Incident;Trivial;fout F04996 ondanks aanwezigheid bloed;4.0;;2025-07-14 09:49:00;2025-07-03 11:37:54.467;SINT-NIKLAAS_VITAZ;Oazis;CARE ADMIN;SD10
SD10-123206;Incident;Trivial;Medisch privé komt niet mee vanuit de KWS HOS-aanvraag;5.0;Prima en snel opgelost;2025-10-13 08:57:00;2025-10-07 09:24:49.157;SINT-NIKLAAS_VITAZ;Oazis;CARE ADMIN;SD10
SD10-123033;Request for Information;Trivial;foutmelding op code gerechtigde;5.0;speedy en vriendelijk, meer moet dan niet zijn :);2025-09-30 15:47:00;2025-09-29 15:27:54.053;SINT-NIKLAAS_VITAZ;Oazis;CARE ADMIN;SD10
SD10-122732;Incident;Trivial;probleem met mutatie zkfonds tijdens opnamebeste;5.0;;2025-12-01 10:48:00;2025-09-15 10:57:44.903;SINT-NIKLAAS_VITAZ;Oazis;CARE ADMIN;SD10
SD10-122289;Request for Information;Trivial;geen 801 bericht voor datum 01/03/2024;5.0;;2025-09-15 11:51:00;2025-08-26 13:21:34.267;SINT-NIKLAAS_VITAZ;Oazis;CARE ADMIN;SD10
SD10-122658;Request for Configuration;Trivial;Aanpassing parameters OAZIS  doktersverdeling vanaf 01/01/2026;5.0;.;2026-04-09 12:08:00;2025-09-10 11:19:16.543;SINT-NIKLAAS_VITAZ;Oazis;CARE ADMIN;SD10
SD10-124084;Incident;Trivial;"Export 250209 fout : 2502020253 ""No valid external debtor""";5.0;200% tevreden;2025-11-12 09:58:00;2025-11-10 13:28:52.443;SINT-NIKLAAS_VITAZ;Oazis;CARE ADMIN;SD10
SD10-123966;Request for Information;Trivial;Omzetting DZH en opname via de kiosk;5.0;"Ik beschik over de nodige info die wenste.
Prima";2026-01-08 09:13:00;2025-11-04 14:07:49.957;SINT-NIKLAAS_VITAZ;Oazis;CARE ADMIN;SD10
SD10-124257;Incident;Minor;Verblijvende factuur voor inschrijving die niet voldoet aan de juiste voorwaarden;5.0;"Degelijk toelichting van oorzaak vh probleem.
Hier ben ik iets mee.";2025-12-18 09:10:00;2025-11-19 13:40:19.643;SINT-NIKLAAS_VITAZ;Oazis;CARE ADMIN;SD10
SD10-124402;Incident;Minor;Carenet contact 2507638076;4.0;;2025-12-04 10:30:00;2025-11-27 09:09:47.587;SINT-NIKLAAS_VITAZ;Oazis;CARE ADMIN;SD10
SD10-123782;Incident;Minor;Bepaling administratieve afdeling loopt fout bij reservaties DZH vanuit KWS;5.0;Snelle afdoende oplossing. Prima;2025-11-05 08:24:00;2025-10-28 10:06:29.047;SINT-NIKLAAS_VITAZ;Oazis;CARE ADMIN;SD10
SD10-123940;Incident;Critical;Productieserver OAZIS VITAZ opent met errors;5.0;;2025-11-04 09:29:00;2025-11-04 07:17:44.347;SINT-NIKLAAS_VITAZ;Oazis;CARE ADMIN;SD10
SD10-123734;Incident;Trivial;F01524 - dienst 1501 op groepscontact;4.0;;2025-10-27 16:00:00;2025-10-24 13:10:06.267;SINT-NIKLAAS_VITAZ;Oazis;CARE ADMIN;SD10
SD10-123565;Request for Information;Trivial;721008 wordt niet aanvaardt2508759269;5.0;fijne en snelle medewerking;2025-12-04 08:39:00;2025-10-20 08:09:12.327;SINT-NIKLAAS_VITAZ;Oazis;CARE ADMIN;SD10
SD10-125188;Incident;Trivial;2404872083 - zie ook SD10-124506;5.0;;2026-02-18 09:16:00;2025-12-30 15:52:49.573;SINT-NIKLAAS_VITAZ;Oazis;CARE ADMIN;SD10
SD10-125097;Request for Information;Trivial;Wachtrijbeheersysteem in combinatie met KWS;5.0;Prima antwoord!;2026-02-11 10:15:00;2025-12-23 11:54:41.027;SINT-NIKLAAS_VITAZ;Oazis;CARE ADMIN;SD10
SD10-124612;Incident;Minor;Factuur bloed 2502869833;4.0;;2025-12-09 08:08:00;2025-12-04 09:42:22.060;SINT-NIKLAAS_VITAZ;Oazis;CARE ADMIN;SD10
SD10-125057;Request for Configuration;Trivial;Probleem DocCenter nav prijsaanpassingen opnameverklaring;5.0;"Snel duidelijk opgelost
Bedankt";2025-12-23 07:57:00;2025-12-22 10:22:43.877;SINT-NIKLAAS_VITAZ;Oazis;CARE ADMIN;SD10
SD10-124805;Incident;Trivial;Artsenadministratie : COST_BOOK geeft foutmelding;5.0;;2025-12-11 17:32:00;2025-12-11 11:52:46.367;SINT-NIKLAAS_VITAZ;Oazis;CARE ADMIN;SD10
SDEPR-78945;Request for Information;Minor;[CHCAB] Faisabilité – Tableau blanc soins intensifs sans transmission vers Apo;5.0;clair net précis rapide;2025-10-21 16:09:00;2025-10-21 10:22:33.880;ARLON_VIVALIA;H++/EPR;CARE;SDEPR
SDEPR-78902;Request for Configuration;Minor;Demande appel contextuel H++ -> SRD;5.0;;2025-11-05 14:16:00;2025-10-03 10:21:38.917;ARLON_VIVALIA;H++/EPR;CARE;SDEPR
SDOPHOS-14621;Request for Information;Minor;RSW - Droit de consultation du patient;5.0;;2025-02-20 14:43:00;2025-02-20 11:16:18.953;ARLON_VIVALIA;OmniPro;CARE;SDOPHOS
SDOPHOS-14606;Incident;Critical;Impossibilité de supprimer un congé dans un agenda;5.0;;2025-02-07 11:25:00;2025-02-07 10:49:05.560;ARLON_VIVALIA;OmniPro;CARE;SDOPHOS
SDOPHOS-14678;Incident;Trivial;Création objet erroné dans Omnipro CSL à partir d'Omnipro Maehdros Gyneco;5.0;;2025-04-18 11:16:00;2025-04-10 09:20:06.210;ARLON_VIVALIA;OmniPro;CARE;SDOPHOS
SDOPHOS-14656;Incident;Major;Plantage Omnipro sur fusion;5.0;;2025-03-26 13:51:00;2025-03-26 09:38:45.547;ARLON_VIVALIA;OmniPro;CARE;SDOPHOS
SD10-124549;Incident;Minor;Datum lezing (RT21 zone 11) fout bij factuur radiotherapie met mix ambulant en hospitalisatie;5.0;;2026-01-08 09:09:00;2025-12-02 16:20:51.137;WILRIJK-GZA;Oazis;CARE ADMIN;SD10
SD10-118754;Request for Information;Minor;Betaalterminal via Oazis;3.0;Het duurde vrij lang voor we een correct antwoord kregen op een financiële vraag (inbegrepen in contract of niet).;2025-10-06 09:35:00;2025-03-25 10:27:03.497;WILRIJK-GZA;Oazis;CARE ADMIN;SD10
SD20-15557;Request for Information;Major;P04 159 FIN-SEN foutieve subsidie-boeking op VA vorig jaar die moet vervangen worden door ander subsidie op datzelfde VA;1.0;Bij dit ticket zijn we totaal niet geholpen geworden. Op deze manier een ticketje afsluiten is wel zéér gemakkelijk maar zéér frustrerend voor de klant;2025-08-19 15:52:00;2025-08-11 16:25:42.793;WILRIJK-GZA;ERP4HC2.0;ERP;SD20
SD20-15990;Incident;Major;P04/153 Probleem bij het verwerken van Arco facturen met NL1 belastingnummer;5.0;Top service van Abdessamad. Denkt mee na voor oplossing.;2025-10-02 11:39:00;2025-10-02 09:03:37.513;WILRIJK-GZA;ERP4HC2.0;ERP;SD20
SD20-15913;Request for Configuration;Major;FIN - aanpassen bestemmelingen in mail betreffende GZA basics ;1.0;"het heeft meer dan een maand geduurd voor het email adres aangepast werd (werkje van 30 min - tijd ingeschat door Zorgi).
Ze hebben zelf 2 maal een update gevraagd tussentijds.

Met operationele impact als gevolg. (zie ticket sd20-16308)";2025-10-30 09:28:00;2025-09-25 09:55:53.527;WILRIJK-GZA;ERP4HC2.0;ERP;SD20
SD20-17014;Incident;Major;FIN - interface GZA Basics - pool niet aangemaakt;1.0;"zie commentaar ook in ticket. 
er is niet begonnen met uit te kijken of de koppeling uberhaupt nog actief was, lijkt het.
prioriteit is verlaagd door Zorgi ondanks argumentatie dat er impact is naar dokters
Daardoor is de uitbetaling van de dokters ook ve";2026-01-28 09:26:00;2025-12-29 10:50:03.190;WILRIJK-GZA;ERP4HC2.0;ERP;SD20
SD20-13793;Request for Information;Major;FIN - LEV: facturen in C00, maar waarom?;2.0;"is geen oplossing op het probleem. Na lange tijd wordt enkel aangegeven dat het een CR is van 3 dagen.
Gr,
Philippe";2025-09-30 09:13:00;2025-02-27 13:10:55.700;WILRIJK-GZA;ERP4HC2.0;ERP;SD20
SD20-14928;Request for Improvement;Minor;FIN - LEV - 159 uitzonderingscode kunnen plaatsen vanuit my inbox;1.0;is geen antwoord en geen oplossing;2025-10-15 08:55:00;2025-06-10 13:26:57.457;WILRIJK-GZA;ERP4HC2.0;ERP;SD20
SD20-14797;Incident;Major;P04 159 FIN - LEV: 159 - facturen worden betaald op foutief bankrekeningnummer;1.0;Geen antwoord op de vraag. Beeld geeft een ander rekeningnummer weer dan waarop betaald wordt.;2025-11-03 21:51:00;2025-05-27 14:25:49.217;WILRIJK-GZA;ERP4HC2.0;ERP;SD20
SD20-14663;Incident;Major;LOG - aanlevering op  4300021020 kan niet verdeeld worden;1.0;"ticket is gelogd op 14/05 - pas op 18/06 heb we voor het eerst een antwoord gekregen (volledig incorrect en in strijd met onze dagelijkse werking) en pas op 25/06 hebben we uiteindelijk als terugkoppeling gekregen dat het aan 1 vinkje lag. 
dit is 1,5 dat";2025-07-08 13:58:00;2025-05-14 17:27:39.323;WILRIJK-GZA;ERP4HC2.0;ERP;SD20
SD20-15208;Request for Configuration;Major;Foutief leveringsadres bij blanco magazijn;4.0;;2025-07-03 07:43:00;2025-07-02 08:36:02.440;ANTWERPEN_ZNA;ERP4HC2.0;ERP;SD20
SD20-15348;Request for Information;Major;P04 153 Verschil tussen transactie YZNA43 en ZA36 voor opvullen factuurreferenties;5.0;Duidelijke uitleg;2025-08-11 17:54:00;2025-07-16 13:42:37.047;ANTWERPEN_ZNA;ERP4HC2.0;ERP;SD20
SD10-118643;Incident;Trivial;"2 mergeberichten A40 die niet kunnen verwerkt worden met foutmelding ""Samenvoegen NIET succesvol beëindigd""";1.0;"Mijn ticket werd afgesloten omdat er een patientnaam in terug te vinden is,
Het gaat hier over een problematiek van een A40 HL7 bericht dat niet verwerkt kan worden. De naam van de patiënt is in dit geval relevante info en maakt  onlosmakelijk deel uit va";2025-03-20 14:43:00;2025-03-20 12:01:28.753;ANTWERPEN_ZNA;Oazis;CARE ADMIN;SD10
SD10-118592;Request for Information;Minor;Afleiding kiosk DUBDEB + Omnio patiënten;3.0;Verwarrend omdat er 1st wordt gezegd dat dit niet mogelijk is in Oazis, om dan tijdje nadien alsnog een oplossing door te krijgen welke we uiteindelijk zelf hebben moeten ontdekken en aanpassen om tot een oplossing te komen.;2026-03-03 13:56:00;2025-03-18 15:28:54.563;ANTWERPEN_ZNA;Oazis;CARE ADMIN;SD10
SD10-117504;Incident;Critical;P1 Ambulante supplementen worden sinds 128.3 (en MDA?) aangerekend bij verhoogde tegemoetkoming;1.0;"We zijn blij dat het eindelijk opgelost is. Maar we betreuren het ten zeerste dat deze oplossing een jaar en 2 maanden op zich heeft laten wachten. Ondanks de zeer hoge prioriteit die we hier meermaals aan gegeven hebben. 
In tussentijd werden de suppleme";2026-03-10 10:05:00;2025-02-10 11:34:40.443;ANTWERPEN_ZNA;Oazis;CARE ADMIN;SD10
SD10-124094;Request for Information;Major;XMLDOC0974-0975 niet ontvangen, maar wel al 0976;4.0;;2025-11-12 12:55:00;2025-11-12 11:12:59.570;ANTWERPEN_ZNA;Oazis;CARE ADMIN;SD10
SD10-123397;Request for Information;Major;Sommige waarden zijn nog niet FQDN;4.0;;2026-02-03 15:45:00;2025-10-14 09:09:03.390;ANTWERPEN_ZNA;Oazis;CARE ADMIN;SD10
SD10-121193;Request for Information;Trivial;Hoe kan ik nazien of de koppeling tussen Oazis en telefooncentrale werkt?;4.0;;2025-07-07 10:16:00;2025-07-03 10:21:57.270;ANTWERPEN_ZNA;Oazis;CARE ADMIN;SD10
SD10-121652;Request for Information;Major;Oazis: VC++;4.0;;2025-07-29 14:45:00;2025-07-24 16:22:52.497;ANTWERPEN_ZNA;Oazis;CARE ADMIN;SD10
SD10-121694;Incident;Major;Door de ACTOP opmerking komen prestaties op een andere manier/zitting binnen en worden veel prestaties onnodig geschrapt;1.0;De oorzaak van het probleem werd recht gezet. Maar ondertussen was er wel al veel schade opgelopen: ongeveer 250 000 prestaties zijn onterecht geschrapt. In het ticket werd er ook gevraagd, hoe we dit konden recht zetten. Maar daar is nooit een reactie op;2025-12-08 11:44:00;2025-07-28 14:18:43.917;ANTWERPEN_ZNA;Oazis;CARE ADMIN;SD10
SD10-121634;Incident;Major;Z 401 2025 120 detail magneetband;5.0;;2025-07-24 15:27:00;2025-07-24 08:42:25.103;GEEL_STDIMPNA;Oazis;CARE ADMIN;SD10
SD10-121957;Request for Information;Trivial;hierbij verwijs ik naar:  https://support.prd.zorgi.be/servicedesk/customer/portal/142/SD10-117453 ;5.0;perfect;2025-08-19 12:18:00;2025-08-07 13:54:39.270;GEEL_STDIMPNA;Oazis;CARE ADMIN;SD10
SD10-121910;Incident;Trivial;oazis blijft contact factureren ;5.0;"snel opgepakt / snel en duidelijk afgehandeld.

Bedankt 
Bart";2025-08-06 14:39:00;2025-08-06 11:26:34.897;GEEL_STDIMPNA;Oazis;CARE ADMIN;SD10
SD10-121078;Request for Information;Trivial;certbestand foutief ;5.0;opgelost;2025-06-30 12:17:00;2025-06-27 13:39:07.630;GEEL_STDIMPNA;Oazis;CARE ADMIN;SD10
SD10-120631;Incident;Trivial;EID lezing;5.0;;2025-07-29 15:18:00;2025-06-11 15:39:01.703;GEEL_STDIMPNA;Oazis;CARE ADMIN;SD10
SD10-122528;Request for Configuration;Major;per ongeluk facturen afgedrukt - spoed;5.0;;2025-09-04 13:15:00;2025-09-04 11:12:11.437;GEEL_STDIMPNA;Oazis;CARE ADMIN;SD10
SD10-123995;Request for Information;Trivial;cat FA naar Fb;5.0;"goede vlotte opvolging.

dank jullie.
Bart";2025-11-19 15:27:00;2025-11-05 11:03:33.887;GEEL_STDIMPNA;Oazis;CARE ADMIN;SD10
SD10-124384;Request for Configuration;Major;Einddatum contactgroep;1.0;"Ticket SD10-124384 wordt aangemaakt op 26/11/2025.

De melding die werd gemaakt werd in het verleden ook al een case aangemaakt nl. SD10-98854.

Op SD10-124384 hebben we geen reactie mogen op ontvangen.

Op 20/03/2026 maak ik een nieuwe case aan (SD10-127";2026-03-25 12:03:00;2025-11-26 08:58:10.630;GEEL_STDIMPNA;Oazis;CARE ADMIN;SD10
SD10-123868;Request for Information;Major;arts koppelen aan carenet module artsen / medische eindes;5.0;dank je.;2025-11-17 10:08:00;2025-10-31 09:25:27.060;GEEL_STDIMPNA;Oazis;CARE ADMIN;SD10
SD10-124830;Incident;Trivial;geneesmiddelen binnen forfait extern afboeken - INCIDENT;5.0;"wat een service. Dank jullie.
Mvg
Bart";2026-03-17 09:46:00;2025-12-12 09:43:05.087;GEEL_STDIMPNA;Oazis;CARE ADMIN;SD10
SD10-117461;Incident;Trivial;acceptatieomgeving  / validatie omgeving ;5.0;;2025-03-04 15:09:00;2025-02-07 14:34:04.597;GEEL_STDIMPNA;Oazis;CARE ADMIN;SD10
SD10-117815;Request for Information;Trivial;EId doorkoppeling van hix naar oazis BIS;5.0;"Dit zal in productie geplaatst worden half maart. 
dit wordt in test correct doorgekoppeld.
mvg
Bart";2025-03-11 11:12:00;2025-02-19 09:05:05.910;GEEL_STDIMPNA;Oazis;CARE ADMIN;SD10
SD10-118310;Request for Configuration;Major;Graag aanpassen labo nr;5.0;;2025-03-24 09:39:00;2025-03-06 15:39:36.207;GEEL_STDIMPNA;Oazis;CARE ADMIN;SD10
SD10-119696;Request for Configuration;Trivial;PA aanpassen in contact ;5.0;;2025-05-06 07:46:00;2025-05-05 08:32:16.667;GEEL_STDIMPNA;Oazis;CARE ADMIN;SD10
SD20-13746;Request for Configuration;Major;sjabloontekst in SSP zetten;4.0;;2025-03-12 08:13:00;2025-02-25 15:13:25.037;GEEL_STDIMPNA;ERP4HC2.0;ERP;SD20
SD20-13749;Request for Information;Trivial;MM03  'enter' werkt niet altijd meer, ;4.0;;2025-04-29 14:25:00;2025-02-25 15:32:19.937;GENK_ZOL;ERP4HC2.0;ERP;SD20
SD20-13756;Incident;Major;In de tegel stockoverview is de vrij bruikbare hoeveelheid opnieuw foutief.;4.0;;2025-03-27 08:31:00;2025-02-26 09:06:54.467;GENK_ZOL;ERP4HC2.0;ERP;SD20
SD20-13839;Incident;Major;Goedkeuring investering geeft blanco veld in 'inbox';3.0;;2025-04-29 13:09:00;2025-03-03 16:23:42.117;GENK_ZOL;ERP4HC2.0;ERP;SD20
SD20-13914;Incident;Major;Project Oosterring : bestellen uit Maaseik via SSP lukt niet;3.0;"Call gewoon gesloten omdat dit in project Oosterring zit ; geen actie ondernomen";2025-03-24 16:45:00;2025-03-10 10:48:58.527;GENK_ZOL;ERP4HC2.0;ERP;SD20
SD20-13925;Incident;Trivial;Project Oosterring : nieuwe printers printen niet;4.0;;2025-03-26 15:46:00;2025-03-10 12:01:20.957;GENK_ZOL;ERP4HC2.0;ERP;SD20
SD20-13972;Incident;Major;Aankoper kan rubricering niet zien en artikeltekst niet wijzigen in SSP;3.0;"Met dank aan de tussenkomst van Walter Vranckx ; geen teams gewenst dr Carine wat de oplossing sterk vertraagd heeft";2025-05-06 11:14:00;2025-03-12 11:40:02.350;GENK_ZOL;ERP4HC2.0;ERP;SD20
SD20-13712;Incident;Trivial;ZMM_PICTURE_UPLOAD enkel via de GUI toegankelijk;4.0;;2025-03-10 13:46:00;2025-02-24 12:00:34.547;GENK_ZOL;ERP4HC2.0;ERP;SD20
SD20-13650;Incident;Trivial;wijzigen artikel niet mogelijk;4.0;;2025-03-07 13:40:00;2025-02-19 09:48:32.310;GENK_ZOL;ERP4HC2.0;ERP;SD20
SD20-13548;Request for Information;Trivial;facturen goedkeuren - initieerder bestelbon vermelden;2.0;Er is geen oplossing voorgesteld;2025-03-03 08:04:00;2025-02-12 15:46:46.683;GENK_ZOL;ERP4HC2.0;ERP;SD20
SD20-13481;Incident;Trivial;Release : NB bestelbon : bestelhoeveelheid omrekenen;4.0;;2025-02-19 15:53:00;2025-02-05 11:41:21.817;GENK_ZOL;ERP4HC2.0;ERP;SD20
SD20-15338;Request for Configuration;Major;backorders onterecht;3.0;"Was er zoveel tijd nodig vr dit eenvoudige antwoorde ?
Enige duiding hoe dit precies werkt zou zeer welkom zijn ; doch dit doen we dan wel weer in een volgende zeker zeker,
gr Hilde";2025-08-19 10:53:00;2025-07-15 14:46:42.780;GENK_ZOL;ERP4HC2.0;ERP;SD20
SD20-15269;Request for Configuration;Major;Magazijnlocaties sorteren : activiteit REPL ontbreekt;4.0;;2025-07-10 11:02:00;2025-07-09 08:56:45.837;GENK_ZOL;ERP4HC2.0;ERP;SD20
SD20-15179;Request for Configuration;Major;Aanmaak nieuwe dienst GICC2;4.0;;2025-08-26 09:18:00;2025-06-30 13:27:22.343;GENK_ZOL;ERP4HC2.0;ERP;SD20
SD20-15003;Incident;Major;Zelfde artikel, order en vrijgavestrategie triggeren andere B2 goedkeurder;4.0;;2025-06-18 08:22:00;2025-06-16 14:28:10.977;GENK_ZOL;ERP4HC2.0;ERP;SD20
SD20-15133;Request for Configuration;Major;P02-158 ZA43 - - lijst export bestand deurwaarder;5.0;;2025-06-27 15:55:00;2025-06-25 08:59:52.513;GENK_ZOL;ERP4HC2.0;ERP;SD20
SD20-14633;Request for Information;Trivial;Vraag mbt basishoeveelheidseenheid in artikel;3.0;;2025-08-20 14:58:00;2025-05-13 16:12:19.543;GENK_ZOL;ERP4HC2.0;ERP;SD20
SD20-14516;Incident;Trivial;Overzicht aanvragen tot bestellen;4.0;;2025-05-20 08:03:00;2025-04-30 15:42:43.293;GENK_ZOL;ERP4HC2.0;ERP;SD20
SD20-14555;Incident;Trivial;Bestellen SSP, foutmelding Systeemstatus TAF is actief (GO003);5.0;snelle respons waarvoor dank;2025-05-21 09:27:00;2025-05-07 08:58:52.263;GENK_ZOL;ERP4HC2.0;ERP;SD20
SD20-14588;Request for Information;Minor;Backorder report;4.0;Aanpassingen zijn zeker meerwaarde !;2025-07-10 14:48:00;2025-05-08 15:58:12.883;GENK_ZOL;ERP4HC2.0;ERP;SD20
SD20-14142;Incident;Major;Enterknop werkt niet altijd meer (in Fiori - omgeving);1.0;Afgesloten omwille van dubbel gebruik. Daar heb ik niets aan omdat ik dan geen opvolging meer heb. Dan kan Zorgi tenminste het lopende ticket ook sharen, want er wordt ook niet vermeldt met welk ticketnummer een dubbel gebruik is.;2025-03-26 15:54:00;2025-03-26 14:23:42.647;GENK_ZOL;ERP4HC2.0;ERP;SD20
SD20-14349;Request for Information;Major;SSP favorieten omzetten naar andere catalogus;3.0;"Met dank aan Walter Vranckx vr de heldere uitleg ; nt dr voorgestelde oplossing in de mail";2025-05-09 08:29:00;2025-04-14 16:05:41.130;GENK_ZOL;ERP4HC2.0;ERP;SD20
SD20-14269;Request for Information;Minor;SAP kernel patch : cache leegmaken;3.0;Had overbodige call moeten zijn;2025-04-30 08:26:00;2025-04-07 16:30:41.617;GENK_ZOL;ERP4HC2.0;ERP;SD20
SD20-14259;Request for Information;Trivial;SAP kernel patch;4.0;;2025-04-21 15:24:00;2025-04-07 11:07:30.803;GENK_ZOL;ERP4HC2.0;ERP;SD20
SD20-15760;Request for Information;Minor;Z3 ;4.0;;2025-09-25 08:20:00;2025-09-05 14:31:56.313;GENK_ZOL;ERP4HC2.0;ERP;SD20
SD20-15789;Incident;Major;Goederen op verbruiksbin OCME worden niet afgeboekt;4.0;Zeer goed,  geen opmerkingen;2025-09-23 14:42:00;2025-09-10 14:29:42.413;GENK_ZOL;ERP4HC2.0;ERP;SD20
SD20-16016;Request for Information;Major;meer uitleg scherm lay-out scherm 'picken';3.0;;2025-10-08 10:01:00;2025-10-03 16:14:55.937;GENK_ZOL;ERP4HC2.0;ERP;SD20
SD20-15616;Request for Improvement;Minor;CLONE - Backorder report;4.0;;2025-07-10 14:48:00;2025-08-20 09:56:20.667;GENK_ZOL;ERP4HC2.0;ERP;SD20
SD20-15638;Incident;Minor;standaardinstellingen gebruikers acceptatie na refresh;5.0;;2025-08-22 09:40:00;2025-08-21 13:20:11.367;GENK_ZOL;ERP4HC2.0;ERP;SD20
SD20-16605;Incident;Critical;"de tegel ""verbruik via scanning "" is verdwenen.";4.0;opgelost binnen aanvaardbare termijn;2025-11-24 13:29:00;2025-11-24 08:33:46.203;GENK_ZOL;ERP4HC2.0;ERP;SD20
SD20-16635;Request for Information;Major;ZA18 tegel;1.0;Ticket is afgesloten door Servé ondanks het feit dat het NIET opgelost is.;2026-01-08 11:08:00;2025-11-25 10:10:47.637;GENK_ZOL;ERP4HC2.0;ERP;SD20
SD20-16220;Request for Information;Trivial;release : rapporten  ZC_STOCKOVERVIEW_MINMAX  en Y_DVX_30000153;4.0;;2025-10-28 07:40:00;2025-10-21 14:43:25.020;GENK_ZOL;ERP4HC2.0;ERP;SD20
SDERP-20796;Request for Configuration;Trivial;Clôture 2024 impossible dans SAP;5.0;Rapidité d'exécution et solution trouvée par Marie-Pierre;2025-12-22 08:46:00;2025-12-18 17:18:15.233;;ERP4HC;ERP;SDERP
SDERP-20700;Request for Information;Major;CLONE - problème code blocage (suivant ticket SDERP-20667);1.0;;2025-07-07 12:00:00;2025-07-16 13:45:32.700;;ERP4HC;ERP;SDERP
